,precision,recall,f1-score,support
negativo,0.8197523754678951,0.9585858585858585,0.883749805990998,2970.0
positivo,0.9811552014708136,0.9109530583214793,0.9447517887438224,7030.0
accuracy,0.9251,0.9251,0.9251,0.9251
macro avg,0.9004537884693544,0.934769458453669,0.9142507973674101,10000.0
weighted avg,0.9332185621479469,0.9251,0.9266341998662335,10000.0
