,precision,recall,f1-score,support
negativo,0.8241089539263982,0.9575757575757575,0.8858433265846442,2970.0
positivo,0.9807604214383875,0.9136557610241821,0.9460195890713602,7030.0
accuracy,0.9267,0.9267,0.9267,0.9267
macro avg,0.9024346876823928,0.9356157592999699,0.9159314578280022,10000.0
weighted avg,0.9342349355873266,0.9267,0.9281472391128056,10000.0
