,precision,recall,f1-score,support
negativo,0.6951462765957447,0.9297465540240106,0.7955107475746623,2249.0
positivo,0.9774027459954233,0.8816926848148626,0.9270840398833344,7751.0
accuracy,0.8925,0.8925,0.8925,0.8925
macro avg,0.836274511295584,0.9057196194194366,0.8612973937289984,10000.0
weighted avg,0.9139232660274356,0.8925,0.8974932064431141,10000.0
