,precision,recall,f1-score,support
negativo,0.4139072847682119,0.7472245943637916,0.532724505327245,1171.0
positivo,0.9624651280750698,0.8596670064559973,0.9081663176787317,8829.0
accuracy,0.8465,0.8465,0.8465,0.8465
macro avg,0.6881862064216409,0.8034458004098944,0.7204454115029884,10000.0
weighted avg,0.8982290046238368,0.8465,0.8642020814523727,10000.0
