,precision,recall,f1-score,support
negativo,0.6894977168949772,0.9399733214762116,0.7954844778927563,2249.0
positivo,0.980530718200173,0.8771771384337504,0.9259788900238338,7751.0
accuracy,0.8913,0.8913,0.8913,0.8913
macro avg,0.8350142175475751,0.908575229954981,0.860731683958295,10000.0
weighted avg,0.9150773962066345,0.8913,0.8966306967355544,10000.0
