,precision,recall,f1-score,support
negativo,0.4032683183974697,0.6532877882152007,0.49869621903520206,1171.0
positivo,0.9498951005800321,0.8717861592479329,0.9091660760689818,8829.0
accuracy,0.8462,0.8462,0.8462,0.8462
macro avg,0.676581709488751,0.7625369737315668,0.703931147552092,10000.0
weighted avg,0.8858851043864541,0.8462,0.8611000558103262,10000.0
