original_index,review_text,polarity,predicted,predicted_label
26989,Muito bom,1.0,1,positivo
48360,produto entregue no prazo recomendo o site,1.0,1,positivo
62140,Estou muito satisfeito em compra pelo site da lannister.com pois todos os que já comprei até hoje e todos foram entregues dentro do prazo.,1.0,1,positivo
96971,Produto chegou bem antes do prazo !!!,1.0,1,positivo
99659,"RECEBI SOMENTE UMA MAQUINA DE MOER CARNE SENDO QUE COMPREI DUAS  GOSTARIA DE SABER O PORQUE NÃO VEIO A SEGUNDA? O CARRINHO QUE COMPREI TAMBEM NÃO CHEGOU",0.0,0,negativo
40317,"demora na emisão de nota fiscal, e demora na entrega, produto deveria chegar no maximo dia 19/02 , hoje 21/02 produto não chegou a unidade de Recife PE, imagina quando vai chegar em minha casa?",0.0,0,negativo
78610,Entrega muito rápida recebir antes da data de entrega amei meu produto chegou em perfeito estado parabéns !,1.0,1,positivo
3157,"Produto lindo,de ótima qualidade.A bolsa é bem grande.",1.0,1,positivo
85518,Execelente produto e de preço justo!,1.0,1,positivo
65514,Meu produto foi entregue incompleto. eu comprei dois shampoos e só recebi um.,0.0,0,negativo
38049,produto veio faltando acessórios e ate agora não recebi,0.0,0,negativo
71676,"O pincel chegou quebrado, não fiquei satisfeita com a mercadoria",0.0,0,negativo
33304,"CHEGOU, NO PRAZO CERTO, TUDO CERTINHO.",1.0,1,positivo
71503,"Quero devolver, pedi branco com rosas vermelhas, venho bege e é diferente da foto.",0.0,0,negativo
53809,"O PRODUTO VEIO COM DEFEITO, FALTANDO O CABO",0.0,0,negativo
62661,"Pagamos frete para receber o produto em casa .  É mt chato ter que ir nos correios para buscar . Nem em área de risco eu moro .",1.0,0,negativo
75994,"Entrega no tempo estipulado, ainda não foi usado, apenas testei pra ver se funcionava, o produto veio em perfeitas condições assim como descrito no site...",1.0,1,positivo
2797,Produto muito bonito de excelente qualidade e o melhor recebi muito antes do prazo estabelecido.,1.0,1,positivo
47580,"Peças não encaixam para montar a estante , tubo de PVC cortado irregular ..",0.0,0,negativo
95494,"Minha encomenda ainda não chegou, peço que resolvam este problema, pois preciso do meu equipamento, e se possível enviar outro produto ou fazer a devolução do meu dinheiro,mas preciso do produto!",0.0,0,negativo
61707,O calor do frete saiu quase a metade do preço do produto. Acho q precisa avaliar esse valor.,1.0,0,negativo
47999,estou aguardando o produto chegar,0.0,0,negativo
39188,Um produto não entregue...,0.0,0,negativo
12897,Tudo ok,1.0,1,positivo
22103,"Entregaram antes do prazo, porém, recebemos uma caixa aberta.",1.0,0,negativo
70631,Achei gostoso,1.0,1,positivo
23285,Péssima loja,0.0,0,negativo
48734,Ok,1.0,1,positivo
45986,nada tenho a decrarar um abraço,1.0,0,negativo
42343,O produto foi entregue no prazo e em excelente condições,1.0,1,positivo
30711,Produto de ótima qualidade e chegou bem antes do prazo.,1.0,1,positivo
23951,"ótima loja, produto correto entregue no prazo, excelente",1.0,1,positivo
17723,Ótima loja e o brinquedo meu filho adoro,1.0,1,positivo
29698,"Recomendo, veio como na descrição, perfeitas condições, mto bonito o produto.",1.0,1,positivo
97307,muito bom,1.0,1,positivo
79755,"Produto entregue antes do prazo, muito bem embalado e completinho. Ótimo!",1.0,1,positivo
13571,Bonitos os relógios mas o dourado deveria estar especificado a cor no tom do dourado !!!! Mas ele e muito bonito.,1.0,0,negativo
72659,o produto confere com todas as descrições ...meu filho amou....,1.0,1,positivo
66154,COMPREI O PRODUTO COM UM KIT COM 3 E ME FOI ENTREGUE SOMENTE UM FRASCO.,0.0,0,negativo
52560,Tudo ok!,1.0,1,positivo
27799,Adorei!,1.0,1,positivo
29601,recomendo produto chegou antes do prazo final,1.0,1,positivo
90798,"atrasou a data de entrega,mas o produto é perfeito.",1.0,0,negativo
92184,Recomendamos NEGOCIAR com esta Empresa targaryen,1.0,0,negativo
32776,Comprometido,1.0,0,negativo
88330,Foi entregue no prazo certo,1.0,1,positivo
45187,Isso chegou quebrado,0.0,0,negativo
79085,Adorei a rede. Recebi antes do prazo. Excelente atendimento. Super recomendo.,1.0,1,positivo
73672,"Fiz a segunda compra no stark e estou completamente satisfeito, foram perfeitos.",1.0,1,positivo
48552,"Gostei ,rapida entrega , o produto chegou até antes do prazo previsto. Obrigado .",1.0,1,positivo
70446,"Muito lindo, nem imaginava que fosse mais lindo que no site de compras. Estou satisfeita.",1.0,1,positivo
37737,"Otimo preço, rapida entrega, recomendo...",1.0,1,positivo
75147,Ainda não recebi meu produto.,0.0,0,negativo
19551,Muito Bom!,1.0,1,positivo
22708,"Comprei a roupinha conforme a foto (roupinha preta de ballet com saia cor de rosa e sapatinhos), mas a roupinha que recebi foi uma azul (camisetinha e calça) de unicórnios, nada a ver com a foto.",0.0,0,negativo
26250,Produto entregue dentro do prazo.,1.0,1,positivo
25889,"Além de demorar, não chegou.",0.0,0,negativo
97148,Bom produto e de qualidade,1.0,1,positivo
80103,Amercicanas precisa ter cuidado com essa estratégia de vender por parceiros. Estou com uma pendência há 3 meses no SAC de vocês e amercicanas não consegue resolver,1.0,0,negativo
93473,perfeitinho,1.0,1,positivo
48318,"Conforme foto do produto, comprei um frasco com 120 cápsulas, mas foi-me entregue somente um frasco com 60 cápsulas.",0.0,0,negativo
88885,Produto recebido super rápido e agora é só testar na churrasqueira,1.0,1,positivo
77283,"Produto ótimo. Aplicado na pele fica o dia todo. Entrega em 1 dia (bem antes da data agenda).",1.0,1,positivo
29753,"Marcas riscadas nas laterais e nos polos da bateria estava corroída de ácido, aparência de usado e a velho.",0.0,0,negativo
99922,Veio por partes mas veio tudo certo!,1.0,1,positivo
70543,QUE CONTINUE COM ESTA PONTUALIDADE NA ENTREGA ESPERO QUE O PRODUTO SEJA BOM,1.0,0,negativo
99628,"Adquiri o Aparador de pelos Seco & Molhado BG2024/15 Bivolt - Philips, no valor de R$ 257,87. Entretanto, recebi em minha residência o Aparador de Pelos Philips QT4015/15, que no próprio site American",0.0,0,negativo
39835,Demorou um pouco mais chegou.,1.0,0,negativo
16472,Obrigado pela atenção,1.0,1,positivo
41762,não foi o produto que visualizei não compro mais nada pela internet nesta lojha,0.0,0,negativo
13999,"De 3 pendente faltou 2 recebi apenas 1, e não tenho telefone para ligar e reclamar tenho que ir no procon.",0.0,0,negativo
42627,Chegou bem antes do prazo e tudo certinho,1.0,1,positivo
46867,Encomenda entregue antes do prazo!,1.0,1,positivo
83042,"Após transtornos com a primeira compra recebi um vale da loja para que outra compra fosse realizada com o valor, porém, no segundo pedido com o valor do vale houve um problema no pagamento",0.0,0,negativo
3712,Gostei do produto adquirido.,1.0,1,positivo
81708,Quero o cartão de crédito das Lojas lannister! Minha satisfação é Plena!,1.0,1,positivo
39977,O produto não foi entregue. Aguardo providências urgente.,0.0,0,negativo
21559,"O produto foi entregue em 4 dias, o fornecedor inspira a minha confiança eu o recomendo.",1.0,1,positivo
85220,Entrega antes do prazo excelente!!!,1.0,1,positivo
52783,"O produto foi entregue super rápido, bem antes da data prevista.",1.0,1,positivo
37104,atendeu minhas expectativas!,1.0,1,positivo
25714,muito bom,1.0,1,positivo
64652,Grato pelo retorno eficiênte,1.0,1,positivo
80956,Compromisso e respeito para com os clientes,1.0,1,positivo
19018,Fiz a compra no início de setembro e até hoje 11 de outubro não recebi o produto aguardando uma solução da empresa,0.0,0,negativo
33397,A arara para roupas/desfile com cabideiro chegou perfeita e antes da data prevista. Satisfez minhas necessidades. Bom vendedor. Recomendo!,1.0,1,positivo
92384,Entrega super rápida.,1.0,1,positivo
51140,EXCELENTE PRODUTO CHEGOU ANTES DA DATA PREVISTA.,1.0,1,positivo
59053,"pedido 01-66821151,neste pedido fiz compra de 3 cortinas, recebi somente duas, cujos controles dos correios enviados são PO 991 371 388 BR PO 991 371 391 BR GOSTARIA SABER SOBRE A QUE NÃO RECEBI?",0.0,0,negativo
20129,muito bom,1.0,1,positivo
8464,Otimo,1.0,1,positivo
70420,Agradeço pela atenção e informações corretas sobre o produto comprado.,1.0,1,positivo
906,"Adorei. Moderno, bonito, meu cantinho do café vai ficar top",1.0,1,positivo
56016,"Produto entregue, perfeito.",1.0,1,positivo
458,Chegou antes do prazo é a cabeceira é linda.,1.0,1,positivo
68173,produto não veio conforme o comprado.,0.0,0,negativo
99456,"Produto de ótima qualidade, preço justo, e principalmente entrega no prazo.",1.0,1,positivo
74604,adorei comprar na stark . O site é mais do que ótimo!,1.0,1,positivo
41971,Produto de excelente qualidade eu super indico,1.0,1,positivo
47780,"Gostei muito do produto que comprei,satisfez todas as minhas expectativas!Voltarem e indicarei as minhas amigas também.",1.0,1,positivo
75815,Tudo certinho e chegou com antecendência! Obrigado!,1.0,1,positivo
7634,"A capa flexível é excelente, mas a película de vidro não é apropriada para o Zenfone 3 Zoom pois as bordas não cola, então ficou descolado e por então acho que vc vai proteger.",1.0,0,negativo
28956,Rápido e Honesto. Recomendo 100%,1.0,1,positivo
25167,Não confiavel,0.0,0,negativo
14943,Adorei,1.0,1,positivo
9490,"O produto é bom. Chegou antes do prezo",1.0,1,positivo
20816,"O produto chegou mais rápido do que o previsto e em excelente condições, conforme informado.",1.0,1,positivo
88291,"COMPREI 3 INTENS E OS CORREIOS SÓ ENTREGARAM DOIS COMO SEGUE: PP 227 982 890 BR PP 227 982 909 BR  ATÉ AGORA O 3º ITEM NADA.",0.0,0,negativo
69965,Produto chegou bem embalado e antes do prazo,1.0,1,positivo
67383,lannister sempre eficiente e rápida.,1.0,1,positivo
39558,O produto é excelente,1.0,1,positivo
4434,"Comprei errado e me ferrei! Excelenta site para compra mas os serviços acessórios de pós venda, orientação de troca, arrependimento não funcionam!",0.0,0,negativo
43210,Muito bom. Foi exatamente o que pedi.,1.0,1,positivo
86190,O produto envio muito bem embalado.,1.0,1,positivo
76583,"não posso avaliar o produto pois ainda nao usei, mas os prazos foram cumpridos na entrega",1.0,0,negativo
71301,Entrega rápida e produto excelente,1.0,1,positivo
45974,Na minha opinião vcs estão de parabéns e com certeza por esse empenho e comprometimento que vcs tem com o trabalho que vcs executam merecem estar em primeiro lugar de vendas on LINE continue assim ...,1.0,1,positivo
76597,Totalmente fora do prazo. Não entregaram meu produto ainda!,0.0,0,negativo
87129,boa compra,1.0,1,positivo
88988,"Recebi apenas 1 unidade, quando a compra foi de 3 unidades;",0.0,0,negativo
15795,ótimo produto e chegou em perfeitas condições. nota 10.,1.0,1,positivo
16709,estou tentando trocar este produto a qualidade é péssima..o kit segurança é para 14 anos..e indica que é infantil..meus filhos tem 6 anos..a estampa veio diferente do que mostra a imagem.,0.0,0,negativo
63312,tudo certo bem tranquilo,1.0,1,positivo
5487,"BOA TARDE O PRODUTO AO CHEGOU NO ENDERECO O QUE DEVO FAZER? PAGUEI O BOLETO E PRECISO URGENTE DO PRODUTO.",0.0,0,negativo
29720,"Recomendaria a loja por outros produtos que comprei, mas essa armação de óculos é de tão má qualidade, extremamente fraco, que não vou poder usá-lo. A armação é mole, não vale um centavo.",0.0,0,negativo
6409,mto bom o site recomendo e estou satisfeita. entrega mto antes do prometido.,1.0,0,negativo
5049,Produto muito bom!!!,1.0,1,positivo
39240,Produto enviado conforme o prazo e perfeito como na descrição ^_^,1.0,0,negativo
68386,"É bem prático, bastante autônomo e faz muito bem a limpeza. Não tenho do que reclamar...",1.0,1,positivo
99754,"O produto foi entregue no dia seguinte da compra, ANTES DA DATA PREVISTA. Gostei !!",1.0,1,positivo
47714,"Tudo ocorreu, como esperado.",1.0,1,positivo
36182,produto com tecido de ma qualidade...a cor azul era mais cara e nao tem qualidade...tecido mole e nao fica arrumado,0.0,0,negativo
3793,só nao dou 5 estrelas pois o frete foi muito caro,1.0,0,negativo
83871,"Chegou bem rápido, bom tecido e acabamento",1.0,1,positivo
59552,Não entrega o produto,0.0,0,negativo
28469,CUMPRIU O PROMETIDO.,1.0,1,positivo
77148,foi entregue uma cadeira antes do prazo porem ate o momento nao recebi a outra,0.0,0,negativo
24701,Entregue dentro do prazo e inteiro,1.0,1,positivo
96586,Ok,1.0,1,positivo
2403,produto de otima qualidade chegou rapido,1.0,1,positivo
11891,"Recebi no tempo e prazo. Gostei do produto muito ?til.",1.0,1,positivo
83227,"Vendedor correto e rápido. Envio perfeito e no prazo. Parabéns, recomendado.",1.0,1,positivo
28264,Nota 10,1.0,1,positivo
5174,"Paguei por um frete onde os prazos não foram seguidos,nas informações de rastreio aparecia apenas a ocorrência de um imprevisto,a falta de informações demonstra o descaso da empresa com o cliente.",0.0,0,negativo
59492,Produto perfeito para aqueles que querem manter a praticidade e leveza da parafusadeira e conseguir um trabalho caseiro como furadeira.,1.0,1,positivo
32775,Comprei dois kits de costura recebi um e a nota fiscal dizendo que tinha dois! Como pode?,0.0,0,negativo
75772,"entrega dentro do prazo, cadeira muito bonita, conforme anúncio, muito satisfeito com a compra.",1.0,1,positivo
21124,Foi aprovado,1.0,1,positivo
50882,"Chegou a nota fiscal e nao chegou o produto , liguei nos correios e eles falaram que só chegou o envelope, quero saber sobre o produto , e o codigo de autenticidade nao confere , da no nome de outra .",0.0,0,negativo
27922,COMO VOU AVALIAR UM PRODUTO QUE NÃO RECEBI,0.0,0,negativo
73065,muito bom,1.0,1,positivo
98915,Não comprei esse produto e nem e o numero do meu cartão. Aguardo retorno,1.0,0,negativo
56780,MATERIAL NÃO ENTREGUE NO PRAZO,0.0,0,negativo
82925,entregue antes do prazo.. e produto de qualidade,1.0,1,positivo
23425,"Super recomendo,produto entregue bem antes do prazo e em perfeito estado",1.0,1,positivo
16399,"Gostei por ter receibido antes do prazo máximo previsto. Previsão que estimei muito longa. Obrigada",1.0,1,positivo
51910,Eu comprei pensando que era uma cama e veio uma capa de colchão fiquei muito teiste e não tem comi devolver não e pra mim e para um senhonha de 74 anos acamada assim que vc que fez a propagandaso pens,0.0,0,negativo
78734,Produto muito bom.,1.0,1,positivo
9445,Produto chegou bem antes do previsto! Muito bom!,1.0,1,positivo
81912,Muito bom o produto e rapida entrega super recomendo.,1.0,1,positivo
61588,"vou continuar comprando com certeza muito gato",1.0,1,positivo
24639,Bom produto é serviço da loja,1.0,1,positivo
55219,"Uma coligação de MERDAS ninguém da satisfação e solução aos problemas  DESCASO TOTAL",0.0,0,negativo
871,Estou extremamente decepcionado. Isso nunca havia acontecido,0.0,0,negativo
17780,"Superou as expectativas em todos os aspectos. Recomendo.",1.0,1,positivo
92054,Produto do mesmo jeito que no site?,1.0,0,negativo
77263,"Loja muito boa, já comprei algumas vezes, sempre recebo os produtos no prazo de entrega... Recomendo.",1.0,1,positivo
66642,Bom. recomendo.,1.0,1,positivo
50100,"Produto acusou que não era original, porem por enquanto esta funcionando perfeitamente.",1.0,0,negativo
90605,Chegou antes do prazo.,1.0,1,positivo
22669,Recebi o produto muito antes da data prevista pela loja,1.0,1,positivo
99413,"COMPREI EM 21/03/2018, PG VIA CARTÃO EM 21/03/2018, NF FOI EMITIDA DIA 27/03/2018, PREVISÃO ENTREGA EM 12/04/2018, HOJE É 14/04/2018, NÃO RECEBI, NÃO ESTÁ EM TRANSPORTE, ESTOU MUITO PREOCUPADO",0.0,0,negativo
92432,Bom,1.0,1,positivo
92654,"Já recebi as lentes, porém, não recebi os cartuchos. E não consigo rastrear o pedido no aplicativo.",1.0,0,negativo
41321,"Excelente,chegou 16 dias antes do previsto",1.0,1,positivo
14145,"O produto atende para o que foi designado, porem o acabamento dourado arranha com facilidade voltando a cor original.",1.0,0,negativo
73803,"entregaram antes da data, o produto é bom.  obrigada",1.0,1,positivo
82004,"material muito fragil,achei que o produto era melhor",0.0,0,negativo
47420,Ok,1.0,1,positivo
45915,muito bom,1.0,1,positivo
76949,Foi aprovado e depois deEuma semana simplesmente cancelou,0.0,0,negativo
51660,Um produto de qualidade...recomendo,1.0,1,positivo
9077,Muito Bom! Gostei Bastante! Tecido Ótimo! Atendeu Minhas Espectativas! 👏👏👏 Super Recomendo! 👍,1.0,1,positivo
77837,"Me entregaram um produto diferente do que eu queria, com cor e tamanho diferente. Estou muito insatisfeita e não comprarei mais !!!!!!!!!!!!!!!",0.0,0,negativo
33722,O produto chegou em menos de 1 semana da compra.,1.0,1,positivo
72840,MUITO BOM,1.0,1,positivo
38572,"Na foto mostra um produto, quando chega e outro similar.",0.0,0,negativo
36922,ótimo e muito bem embalado,1.0,1,positivo
17090,"Produto conforme descrito, entrega muito rápida.",1.0,1,positivo
88341,"Entrega rápida, tudo lindo e perfeito",1.0,1,positivo
35659,Produto entregue no prazo e em ordem.,1.0,1,positivo
545,Muito bom mesmo!,1.0,1,positivo
33845,"o relógio não e a prova d,agua como tem na descrição do anuncio entrou agua",1.0,0,negativo
81268,"O produto é maravilhoso, recebi tudo direitinho. Só achei demorar um pouco a entrega",1.0,1,positivo
11257,Adorei vou pedir mais,1.0,1,positivo
24506,"eu fui na lojas lannister pra comprar no site lannister pensando ser seguro mero engano, me enviaram embalagem com nota nao sei se e e verdadeira ,o produto nao veio e paguei a vista no dinheiro.",0.0,0,negativo
3726,recomendo!!!,1.0,1,positivo
55959,Chegou antes do prazo e em bom estado!!!,1.0,1,positivo
85746,"Comprei e depois me avisaram que não tinha estoque, situação extremamente desagradável.",0.0,0,negativo
52525,Gostei dos produtos e do prazo de entrega,1.0,1,positivo
97470,"Acabamento e material de qualidade. Coube meu notebook de 15,6 sem problemas. Além disso, foi entregue muito rápido.",1.0,1,positivo
71622,"Ficou faltando produto que encomendei. O pacote de chá recebi, mas as cápsulas não entregaram era no mesmo pedido.",0.0,0,negativo
92409,"Chegou certinholo, como esperava, produto bom, godtei muito",1.0,1,positivo
34902,Produto ótimo como esperado e entrega antes do prazo,1.0,1,positivo
58429,produto melhor do que o esperado.Valeu,0.0,1,positivo
96780,"Entregou antes do prazo  Excelente",1.0,1,positivo
16376,É uma loja ótima para se comprar. As compras são entregues perfeitas e antes mesmo do prazo.,1.0,1,positivo
99017,Cumpriu e respeitou o consumidor.,1.0,1,positivo
91571,Lindo quadro,1.0,1,positivo
54943,São inúmeras as vezes a qual comprei e continuo a comprar com o stark recomendo sempre com preços excelentes entrega dentro do prazo e entregue em perfeito estado,1.0,1,positivo
77084,Ótimo produto excelente qualidade entrega rápida.,1.0,1,positivo
59095,"Duas coisas inquietantes: na nota fiscal só consta 1 frasco, deveria ser 6; a inf. nutricional dá 100% de V/D por cápsula e o modo de usar recomenda o consumo diário de 2 cápsulas.",0.0,0,negativo
93293,Não foi entregue conforme solicitei. Fiz o pedido de 3 malas e recebemos apenas 2. Tentei entrar em contato por e-mail e por telefone e não obtive resposta.,0.0,0,negativo
41322,17 dias para entregar um receiver (do tamanho de um pen drive ) embora tenha sido entregue no prazo de 30 dias.,0.0,0,negativo
48541,"O prazo não foi comprido! Ainda aguardo entrega do produto. Não tenho nenhuma informação sobre a entrega. Decepcionado!",0.0,0,negativo
10196,Muito Obrigada.,1.0,1,positivo
5741,"O suporte d mesa é muito bom, mas a tampa é muito frágil. A minha quebrou comigo tentando abrir.",1.0,0,negativo
96768,Muito. Bom,1.0,1,positivo
19800,Muito bacana essa atenção com o cliente. Parabéns!,1.0,1,positivo
9538,perfeito nota dez,1.0,1,positivo
16818,foi entregue so q nao esta funcionando,0.0,0,negativo
46986,"Fiz o seguinte pedido: Carregador Qi Sem Fio Base Premium Samsung Stand Wireless  Chegou esse: Baseus Fino Qi Carregador Sem Fio",0.0,1,positivo
13687,Entregaram bem antes do prazo dois dias úteis após a compra. Recomendo.,1.0,1,positivo
50183,"Recebi parte da compra o jogo de lençol. Comprei um jogo americano junto , na mesma compra E NÃO RECEBI. AGUARDO PROVIDENCIAS.",0.0,0,negativo
3891,Bom produto,1.0,1,positivo
5257,melhor loja amei o relogio de mais.,1.0,1,positivo
71553,"Fiz o pedido na segunda e o prazo era de 10 dias e no dia chegou, super rápido e o produto é o que eu queria!! Td perfeito, recomendo a tds!",1.0,1,positivo
78597,"loja otima de comprar ,pelo pouco que compro sempre venho aqui nas lojas lannister pra da uma olhada e sempre encontro o que to precisando e o melhor sempre tem um preço melhor ainda,desde ja agradeç",1.0,1,positivo
61115,estou começando agora a fazer uso deste produto portanto em breve poderei a valiar melhor este produto OK.,1.0,0,negativo
49102,Pago a 30 dias e o produto não foi entregue!,0.0,0,negativo
5131,"não recebi o produto, mais de 1 mês de espera.",0.0,0,negativo
97779,amei o produto e a entrega super rápida!,1.0,1,positivo
21096,Continuo comprando e satisfeita com os produtos baratheon!,1.0,1,positivo
24109,"Chegou no prazo, relógio lindo!",1.0,1,positivo
12324,"O produto é de qualidade, e foi entregue super rápido.",1.0,1,positivo
73606,"Nao recebi o produto, recebi um e mail informando que foi roubado o produto.",0.0,0,negativo
52858,Ótimo.,1.0,1,positivo
99557,me surpreendi com a qualidade. recomendo,1.0,1,positivo
61078,"Chegou antes do prazo, só faltou embalar.",1.0,1,positivo
24800,A culpa não é da loja e sim do transporte,1.0,1,positivo
15486,Ótimo,1.0,1,positivo
35923,Recebi bem antes do prazo. Produto lindo !!!!,1.0,1,positivo
38890,Entrega dentro do prazo. Tudo correto,1.0,1,positivo
97486,Foi rápido e o produto é excelente recomendo.,1.0,1,positivo
52837,"Produto de ótima qualidade, recomendo!",1.0,1,positivo
50589,Estou insatisfeita com a entrega,0.0,0,negativo
44787,"Produto atendeu minhas expectativas , apesar de ser muito transparente , material muito bom !! Chegou antes do prazo de entrega previsto , super indico!!!",1.0,1,positivo
30304,"O produto parece frágil. E veio arranhado, pois estava mal embalado.",1.0,0,negativo
13202,Na minha opinião faltou o manual de instrução da lanterna.,1.0,0,negativo
10993,"Entrega super em atraso, preciso de um esclarecimento do ocorrido",0.0,0,negativo
39791,Produto excelente. Muito melhor do que eu esperava. Chegou antes do prazo e tudo certo.,1.0,1,positivo
8871,ótimo muito bom.,1.0,1,positivo
16944,Produto veio faltando duas peças e eu pedi a troca e até agora nada nem resposta,0.0,0,negativo
96415,EXCELENTE,1.0,1,positivo
14822,"lannister como sempre, entregou certinho e dentro do prazo. recomendo muito",1.0,1,positivo
3260,"Entrega rápida e produto de qualidade. Recomendo.",1.0,1,positivo
41900,muito bom entrega e produto,1.0,1,positivo
74512,Gostaria de agradecer pois o produto veio em perfeito estado e sem contar com o prazo de entrega. Efetuei a compra no dia 31 de Maio o prazo de entrega era de 22 dias porem e o recebi no dia 06 de Jun,1.0,1,positivo
58063,Produto de ótima qualidade. Super recomendaria...super satisfeita,1.0,1,positivo
75773,"me venderam um produto falso. Logo após a primeira formatação nele ele parou de funcionar, contactei a assistência da Sandisk relatando o problema e me enviaram um email dizendo que o produto é falso.",0.0,0,negativo
70997,Entregue antes do prazo estipulado ...,1.0,0,negativo
63253,"Até hoje tenho recebido o que a loja prometeu, que é importante para continuar no mercado",1.0,1,positivo
2765,"Só tive problema com correios, embora chegou no prazo, mas era pra te chegado bem antes.Falando do produto, tô muito satisfeito superou minhaa expectativa.targaryen baratheon tão de Parabéns.",1.0,1,positivo
25379,"Valor do produto no site $175,00 mais frete de 12,73.....emitiram nota fiscal no valor de $ 137,00....inferior ao valor do site...por que?",0.0,0,negativo
17797,"Não gostei de receber item por item, já que se trata do mesmo produto. Preciso de 4, comprei 4 e vou receber separadamente, péssimo!",0.0,0,negativo
98762,"compra fácil, e a entrega rápida",1.0,1,positivo
59467,produto excelente.,1.0,1,positivo
49029,Entrega dentro do prazo. Bom atendimento.,1.0,1,positivo
51014,Produto não entregue.,0.0,0,negativo
9704,comprei um controle komeco e nao veio esse modelo.,0.0,0,negativo
71556,"estou desde o dia 22 tentando resolver o problema do produto ter vindo com defeito, mas só me atendem no atendimento eletrônico.",0.0,0,negativo
83261,"Ainda ñ tenho opinião sobre o produto, mas o serviço de venda / entrega foi excelente!  Apenas podia ter opção de correio mais acessível, custou 1/3 do valor do produto.  Obrigada!",1.0,1,positivo
72205,Adorei meu produto.,1.0,1,positivo
87481,Produto de qualidade,1.0,1,positivo
89344,Seria maravilhoso se diminuíssem o custo do frete que ainda é muito caro.,1.0,0,negativo
63821,Chegou tudo certo,1.0,1,positivo
77173,Muito bom.,1.0,1,positivo
60313,Muito Agel com a entrega obrigado,0.0,1,positivo
16162,Chegou bem antes do previsto e em ótimo estado!,1.0,1,positivo
81296,Ótimo produto,1.0,1,positivo
37561,O produto ainda não chegou...,0.0,0,negativo
17637,"Como sempre, tudo dentro da proposta das lannister, sem nenhuma inconformidade.",1.0,1,positivo
83094,Tudo certo!,1.0,1,positivo
92319,Continuem assim e vou recomendar todas as pessoas que conheco para comprarem de voces,1.0,0,negativo
46728,Ótimo produto.,1.0,1,positivo
34578,"Total decepção com a loja de vcs, só quero o meu dinheiro de volta.",0.0,0,negativo
81594,Eu recomendo rápido prático muito bom,1.0,1,positivo
62056,"Fiz a compra de 3 peças. Como um produto era vendido em 2 unid, ao receber apenas duas caixas achei que estaria 2 produtos em 1 caixa e o outro na outra. Porém a bandeja na cor branca não foi entregue",0.0,0,negativo
2000,Muito Bom! Gostei Bastante! Tecido Ótimo! Atendeu Minhas Espectativas! 👏👏👏 Super Recomendo! 👍,1.0,1,positivo
21497,produto chegou pela metade,0.0,0,negativo
85857,Foi entregue com muita rapidez. Fiquei muito satisfeita.,1.0,1,positivo
55563,Entregue antes do prazo,1.0,1,positivo
22950,"Minha luminária chegou dentro do prazo estipulado (até um pouquinho antes), muito bem embalada e dentro das especificações. Recomendo o produto e a loja, com certeza!",1.0,1,positivo
24646,"Deu tudo certo amei a mercadoria, e chegou até antes do prazo estimado... Muito agradecida...",1.0,1,positivo
44919,nenhum comunicado foi me passado.,0.0,0,negativo
72912,Bom,1.0,1,positivo
45057,Muito bonito do jeito que eu esperava.,1.0,1,positivo
41768,"compra efetuada em 03=02- 2018 fico no aguardo da minha compra peço agilizar grato luiz",0.0,1,positivo
25386,Tudo perfeito,1.0,1,positivo
12104,ainda não chegou,0.0,0,negativo
99430,"Ótimo produto e tem uma boa qualidade, tecido e costura muito bem feita.",1.0,1,positivo
91249,Tudo concorme prometido e entrega antecipada,1.0,1,positivo
95729,Parabenizo a loja pela rápida entrega e a qualidade do produto.,1.0,1,positivo
58398,Muito bom,1.0,1,positivo
57523,cumpriu todas e detalhadas instrucoes prometidas,1.0,1,positivo
17760,"O produto foi entregue correta e rapidamente. Já foi testado e aprovado. Sugiro reforçarem a estrutura plástica, principalmente da torre da manivela, para dar maior firmeza ao movimento. Obrigada.",1.0,1,positivo
62369,otimo,1.0,1,positivo
46479,"A EMPRESA E BOA , SO FALTOU MAIS UM CONTROLE, POIS EU COMPREI 2 PRODUTOS.",1.0,1,positivo
75780,Recomendo muito!!! Quero mais uma!!,1.0,1,positivo
10850,Exatamente como especificado e ainda veio dentro do prazo.,1.0,1,positivo
68714,Comprei uma garrafa que era pra ser térmica e de térmica não tem nada,0.0,0,negativo
37386,"Recebido conforme anunciado. Preço bem atrativo, produto original",1.0,1,positivo
30397,Sim eu recomendaria o produto chegou antes da data tudo certinho,1.0,1,positivo
79865,"Produto recebido. Ainda não montei, mas pela avaliação visual, chegou tudo correto.",1.0,1,positivo
382,"Não gostei do produto, material de péssima qualidade.",0.0,0,negativo
43989,"Recebi antes do prazo, e o produto exatamente como descrito.",1.0,1,positivo
52335,Frete muito caro...,1.0,0,negativo
79743,Excelente loja a entrega foi rápida e o produto também é de excelente qualidade. Pretendo comprar novamente.,1.0,1,positivo
20141,Ótimo! Chegou rapido,1.0,1,positivo
33587,Ótima mochila e lancheira! Meu filho amou!,1.0,1,positivo
21957,Otimo,1.0,1,positivo
84338,"Ótimo, mas eu achei que vinha com o cabo da tomada",1.0,0,negativo
57957,"Bom dia! recebi o pedido pela metade, só me entregaram um bico injetor! Paguei por 2 unidades e só recebi até agora 1 unidade! Fico no aguardo!",0.0,0,negativo
36248,"Exatamente o que eu estava procurando, deu certinho",1.0,1,positivo
49414,Entrega super rápida,1.0,1,positivo
37754,"Entrega super rapida, antes do prazo, a cuba é linda, veio td certinho! Melhor preço ! Recomendo",1.0,1,positivo
63132,"O produto chegou com defeito,não esta ligando",0.0,0,negativo
90191,Fiquei satisfeita com a compra e com a rapidez da entrega. Obrigada,1.0,1,positivo
21335,"Entrega do material correto, dentro do prazo, está ótimo!!!",1.0,1,positivo
78029,Otimo,1.0,1,positivo
40838,Pois é um fornecedor de confiança!,1.0,1,positivo
91077,"Produto de qualidade e entrega no prazo, ótimo custo-benefício.",1.0,1,positivo
36310,"Super recomendo comprar nas lannister, todas as minhas compras chegam no prazo correto, quando não chegam antes 👏🏻👏🏻👏🏻",1.0,1,positivo
51728,"É preciso que ao final da Compra, junte os produtos e cobre apenas 01 frete. Paguei 02 fretes de 02 produtos (Tintas EPSON)",1.0,0,negativo
77421,compra sem nenhum problema,1.0,1,positivo
26326,Muito bom.,1.0,1,positivo
81827,"Ótimo produto, recebido dentro do prazo, recomendo a todos.",1.0,1,positivo
81836,"Estou há mais de 30 dias para devolver este produto, solicitação que fiz no dia seguinte ao recebimento por notar que havia pedido produto errado. Já fiz duas solicitações de devoluçao e nada até hoje",0.0,0,negativo
67296,"Toda compra que vem sendo realizado a transportadora q atende a loja nunca consegue fazer a entrega por dificuldade no endereço.Faço diversas compras em outras lojas on LINE, e não esse problema.",0.0,0,negativo
14580,Produto de alta qualidade.,1.0,1,positivo
1201,Gostei muito da agilidade na entrega,1.0,1,positivo
77506,ótimo produto entregue antes do prazo,1.0,1,positivo
64129,Recomendo,1.0,1,positivo
46860,Perfeito,1.0,1,positivo
79892,Muito satisfeita,1.0,1,positivo
56105,Recomendo esse produto. Lindo,1.0,1,positivo
12236,Quando o produto chegou percebi que não era combativel com windows 10. Estou ha 4 dias tentando falar com o SAC para saber o procedimento para trocar por um outro do proprio site da lannister.,1.0,0,negativo
20975,"Recebi o produto certo e antes do prazo. Valeu stark, targaryen/relojoaria nishimoto  e correios.",1.0,1,positivo
24449,Muito bom essa loja chegou antes da data muito rápido vou continuar comprando,1.0,1,positivo
15376,Apesar da greve dos correios,1.0,0,negativo
16353,"Produto atendeu perfeitamente minhas expectativas. Entregue no prazo, como sempre. Parabens Lojas lannister",1.0,1,positivo
81700,"A única queixa é que não tive atualizações do status do produto. Gostaria de saber melhor as fases até ele ser entregue pra eu poder estar esperando. Fora isso, tudo certo!",1.0,1,positivo
189,Muito bom,1.0,1,positivo
36550,Até agora não recebi meu produto,0.0,0,negativo
71514,"Não vou recomendar a loja 😡 Porque eu comprei dois produtos e só recibi um.  Entrei no site e o outro vcs cancelaram.",0.0,0,negativo
92965,foj entregue no prazo e em perfeito estado,1.0,1,positivo
68978,muito bom,1.0,1,positivo
90962,"O produto é excepcional, procurava um produto de igual qualidade a mais de 6 meses, o que me fez concluir a compra foi a potência do aparelho 28w e ser infra vermelho. Chegou antes do prazo.",1.0,1,positivo
68676,"Produto chegou antes do prazo e em perfeito estado, veio embalado com várias camadas de proteção. A guitarra é linda! Muito bom, recomendo!",1.0,1,positivo
79740,"Dentro do prazo, tudo certo com o produto!",1.0,1,positivo
66557,caixa veio aberta!,1.0,0,negativo
34611,😆😆😆😆😆,1.0,1,positivo
85371,lindo,1.0,0,negativo
19831,Produto bom..fácil aplicação..,1.0,1,positivo
69044,O produto até a presenta data ainda não foi entregue,0.0,0,negativo
39130,Pedido já tinha um longo prazo para entrega e ainda atrasa. Produto não recebido ainda.,0.0,0,negativo
54160,"muito satisfeita com a compra e o produto, entrega super rapida chegou antes da data prevista e com otima qualidade e super bonito , tudo conforme estava no anuncio valeu muito apena ter comprado .",1.0,1,positivo
99810,Amei o produto! Além de lindo ficou msravilhoso minha mesa quadrada,1.0,1,positivo
11797,tudo entregue corretamente,1.0,1,positivo
34926,Cancelei o produto e mesmo assim me enviaram o produto,0.0,0,negativo
39740,"produto diferente da foto anunciada e entrega feita de maneira ridícula, sem proteção o produto ficava solto dentro da caixa. Parece que nem trabalham no ramo kkkk amadores.",0.0,0,negativo
91837,"ainda não tive tempo de abrir a caixa com a cadeira (verificação da perfeição do produto), Acredito que está tudo bem.",1.0,0,negativo
67778,"comprei um tapete mim entregaram outro nao que escolhi, nao compro mais",1.0,0,negativo
15505,Tudo Ok!,1.0,1,positivo
40923,"Passou do prazo foi entregue bem depois, mais veio o produto correto.",1.0,0,negativo
46067,Bom,1.0,1,positivo
23531,"O PRODUTO QUE PEDI NÃO CORRRESPONDE AO QUE FOI ENTREGUE, TOTALMENTE DIFERENTE.",0.0,0,negativo
44509,"Satisfeito com o produto. Muito bom",1.0,1,positivo
87847,Não foi entregue na minha residencia tive que buscar nos correios,0.0,0,negativo
21122,recebi corretamente,1.0,1,positivo
90524,CONTUNUEM ASSIM,1.0,1,positivo
41025,Recebi o produto incompleto!! Realizei a compra de.2 portas-retratos e no entanto só veio 1 porta retrato no pacote. Estou tentando entrar em contato com lannister . com e não consigo resolver.,0.0,0,negativo
21989,EM TODAS AS MINHAS COMPRAS NUNCA TIVE PROBLEMAS.,1.0,1,positivo
83923,Não recebemos o produto.,0.0,0,negativo
76792,Mais de 40 dias e o produto não foi entregue ainda.,0.0,0,negativo
70520,o produto chegou antes do prazo em otimas condições.,1.0,1,positivo
55588,"Relogio diferente da foto , porém não vou devolver, pois não quero esperar ainda mais. Decepcionado. Não recomendo.",0.0,0,negativo
18420,Muito bom atendimento e dentro do prazo de entrega,1.0,1,positivo
54281,"Preciso da troca do produto. Pedi lente +1 e veio -12 Espero ser atendida na troca. Já mandei mensagem dias atrás  não responderam. 11947805373 Espero contar com a lisura do nome lannister no ag",0.0,0,negativo
68372,A luminária é muito bonita e o atendimento foi perfeito. Estou muito satisfeita.,1.0,1,positivo
16837,Parabéns pela pontualidade,1.0,1,positivo
70013,Nao recebi o produto ainda. Preciso com urgência. Estou aguardando.,0.0,0,negativo
25282,"A EMPRESA ENVIOU DOIS (2) NUMEROS DE SEDEX E ALERTOU QUE DEVERIA RECEBER OS DOIS. RECEBI O PRIMEIRO COM UMA CAIXA VAZIA COM UM BILHETE ESCRITO A MAO. O SEDEX INFORMA QUE NAO RECEBEU OUTRA MERCADORIA.",0.0,0,negativo
12828,entrga rapida,1.0,0,negativo
81967,Zero responsabilidade,0.0,0,negativo
56205,Ainda não veio meu produto. Espero que semana que vem venha com segurança.,0.0,0,negativo
14135,Jesus te ama,1.0,1,positivo
34131,"Fiquei satisfeito com o produto, ficou dentro das minhas espectativas.",1.0,1,positivo
92964,O PRAZO DE ENTREGA PODERIA SER MENOR,1.0,0,negativo
54467,Ótimo produto e entrega rápida.,1.0,1,positivo
36388,"Na descrição do produto, para mim vim o controle remoto junto, porém o produto só é o fone e carregador.",1.0,0,negativo
78515,Atende o esperado!,1.0,1,positivo
1958,"Produto excelente para jogar no PS2. Consta que serve também para PS3 e PC, vou testar.",1.0,1,positivo
52677,"Testei e gostei. A escolha dos alimentos, a espessura do corte e o tempo no aparelho influenciam no resultado. Kiwi, mamão, banana, maçã,, morango e uva apresentaram bons resultados. Goiaba não ficou",1.0,1,positivo
88320,Muito rápido,1.0,1,positivo
40910,Entrega muito rápida perfeito,1.0,1,positivo
16468,Site 100% confiável produto chegou dentro do prazo... Recomendo sem medo!,1.0,1,positivo
36498,Ótimo produto,1.0,1,positivo
97498,O produto chegou no prazo.,1.0,1,positivo
24976,Produto bem embalado. Entrega muito rápida. Muito bom!,1.0,1,positivo
33605,"O produto é legal mas bem mal acabado. A xícara é fantástica. A base de madeira é bem feinha, mas no custo beneficio valeu apena.",1.0,0,negativo
53720,Adorei muito prático!!!,1.0,1,positivo
24747,Não recebi o produto ainda,0.0,0,negativo
22218,Gostei.,1.0,1,positivo
38528,As funções dele é meramente ilustrativa não funcionam apenas a hora,0.0,0,negativo
28263,"Produto foi entregue em um tempo recorde, estava previsto para 1/02 porém em 2 dias após a compra chegou em minha casa e estou até surpreso.",1.0,1,positivo
70266,"Ao comprar a panela elétric grill as fotos nos levam a crer que a profundidade dela é a mesma que a parte externa da panela, não é, é muito rasa, me levou a acreditar que era funda como outras que vi.",1.0,0,negativo
88173,"Produto excelente, o único problema foi com o correio, pois atrasaram mais de uma semana a entrega",1.0,0,negativo
74629,Produto chegou antes da data para entrega que seria dia 25/10 chegou dia 11/10 ainda não utilizei o produto mais espero que esteja tudo certo obrigado!!,1.0,1,positivo
72521,ENTREGA SUPER RÁPIDA,1.0,1,positivo
39930,"Produto de boa qualidade , bem acabado, uma gracinha, chegou super rápido.",1.0,1,positivo
54741,Sempre como aqui na loja ! Ótimo atendimento ! Loja de confiança,1.0,1,positivo
57608,Muitooo bom o produto...gostei,1.0,1,positivo
77885,"Infelizmente a pessoa que fez a entrega,muito mal educado.",1.0,0,negativo
18944,Não tenho como avaliar um produto que não recebi.,0.0,0,negativo
43920,"Não recebi o produto, entrei com o pedido de cancelamento e estorno do valor pago! Aguardo o andamento da solicitação",0.0,0,negativo
12680,O travesseiro tem excelente qualidade,1.0,1,positivo
16919,recebi o produto errado,0.0,0,negativo
87896,Produto entregue antes da data estipulado,1.0,1,positivo
34701,O produto chegou danificado... A película q comprei totalmente quebrada,0.0,0,negativo
79073,Muito bom. Parabens...,1.0,1,positivo
4859,Excelente. Recomendo.,1.0,1,positivo
3144,"Apesar de ter demorado mais do que o esperado, recomendo a loja pois o produto chegou como esperado, creio eu que a demora se deu por motivos do correios.",1.0,1,positivo
14860,OTIMO,1.0,1,positivo
67537,"PRODUTO DE QUALIDADE, ADOREI .",1.0,1,positivo
97464,"PRODUTO CHEGOU NO PRASO, MAS COMO SEMPRE, QUANDO VEM VIA CORREIO, QUE DEMORAAAAAAA",1.0,0,negativo
44588,"Fiz o pedido de uma referência porém chegou outra. Estou com dificuldade de resolver o problema.",0.0,0,negativo
58737,"Produto entregue bem antes do tempo, só uma dica, proteger um pouco mais a embalagem, , chegou amassado e é um medicamento",1.0,0,negativo
63405,O PRODUTO NÃO FOI ENTREGUE E QUERO O ESTORNO DA MINHA COMPRA. SEM FALAR QUE NÃO TENHO NENHUM NÚMERO DE CONTATO COM A targaryen.,0.0,0,negativo
28953,Produto não chegou e não tive estorno.,0.0,0,negativo
25211,muito bom,1.0,1,positivo
72736,Excelente,1.0,1,positivo
41242,"OBS: como voces dividiram, fracionaram o pedido dos controles remotos em ENTREGA 01 e 02 e 03, realmente está faltando entrega (falta um controle remoto da Sony e um controle remoto da LG)",0.0,0,negativo
22168,Produto não funciona.,0.0,0,negativo
94797,BOA,1.0,1,positivo
58180,Chegou antes do prazo...,1.0,1,positivo
39699,Demorou um pouco pra atualizar as informações no site fora isso a compra foi tranquila e o produto entregue no prazo.,1.0,1,positivo
94510,Estou satisfeito com o produto comprado e com o prazo de entrega. Vendedor confiável.,1.0,1,positivo
71801,"Loja atenciosa, possui as melhores opções de pagamento seja a visto ou a prazo, mantendo o preço fixo do produto, além de garantir que seu produto chegue dentro do prazo previsto e o mais rápido possí",1.0,1,positivo
38297,"Produto exatamente igual ao anunciado, chegou bem antes do prazo previsto. Recomendo a todos.",1.0,1,positivo
39121,bom produto,1.0,1,positivo
13574,Muito bom,1.0,1,positivo
45306,Amei,1.0,1,positivo
67042,"Produto entregue antes do prazo ,em perfeitas condições.  Produto de qualidade.  Parabéns e obrigada. Super recomendo.",1.0,1,positivo
12264,"Consta que meu pedido foi entregue dia 20/12, e não foi, gostaria de saber o que vocês vão fazer agora. No aguardo",0.0,0,negativo
57529,O produto chegou bem antes da data prevista! Fiquei mt satisfeita!,1.0,1,positivo
47449,Produto de qualidade da Epson. Compra entregue antes do prazo.,1.0,1,positivo
41614,Lindo o bebê. Recomendo,1.0,1,positivo
91548,produto excelente,1.0,1,positivo
1008,Recomendo,1.0,1,positivo
40286,"Muito bom, comprei o produto , o prazo era extenso, porem , recebi muito antes do prazo final.",1.0,1,positivo
96962,O produto chegou antes do prazo... top,1.0,1,positivo
32983,Produto muito bom. Correspondeu as expectativas.,1.0,1,positivo
64251,Produto uma porcaria. Pequeno de mais e algumas peças não fixa uma na outra.,0.0,0,negativo
63417,satisfeita com o prazo,1.0,1,positivo
50454,"Recebi o produto conforme a descrição e no prazo previsto. Veio bem embalado, tudo certo.",1.0,1,positivo
83068,Estou esperando uma resposta da empresa há dias a respeito do atraso do meu produto!,0.0,0,negativo
27723,excelente produto,1.0,1,positivo
50529,O vendedor entrou em contato comigo mas não concluiu a venda,0.0,0,negativo
51054,Muito bom,1.0,1,positivo
28497,produto entregue antes do prazo e de boa qualidade,1.0,1,positivo
3125,Super recomendo chegou bem antes do prazo,1.0,1,positivo
67410,"A Câmera, pelo preço, supera expectativas, e já precisei dela para provar situação de trânsito, foi crucial.",1.0,1,positivo
65865,"ótimo produto, atende as necessidades.",1.0,1,positivo
77923,"Super feliz com o produto. Obg.",1.0,1,positivo
73952,atendimento ótimo em todos os sentido,1.0,1,positivo
63738,muito bom,1.0,1,positivo
89435,"Até o momento, não recebi o produto. Todos os produtos que comprei em outros sites já chegaram menos este. Também não recebi nenhuma informação ou explicação da razão do ATRASO.",0.0,0,negativo
16623,A entrega foi bem antes do prazo e o produto dentro do esperado,1.0,1,positivo
22118,Recomendo,1.0,1,positivo
39480,"Recebi o produto, estou de férias e respondi pois não paro de receber emails da baratheon para que faça a avaliação.",1.0,0,negativo
20691,Comprei um cartucho 60xl preto na mesma data na Americana fornecedor Inga Printing Shop e acabou vindo 10 dias antes,1.0,0,negativo
2620,Falta de respeito resumi meus sentimentos em relação a vcs,0.0,0,negativo
9738,"Entrega antes do prazo, produto de ótima qualidade, recomendo.",1.0,1,positivo
32046,satisfeita com o atendimento,1.0,1,positivo
91540,"Eu gostei muito dessa compra e da loja também.vou comprar mais outras coisas. Me surpreendi com o prazo de entrega, foi mais rápido do que eu esperava.Obrigada.",1.0,1,positivo
74272,com a loja tudo certo mas problema com aparelho,0.0,0,negativo
46978,Muito bom.,1.0,1,positivo
75302,"Muito bom, chegou no prazo e em perfeitas condições.",1.0,1,positivo
32440,A entrega foi mais rápida do que eu esperava. Super aprovada!,1.0,1,positivo
8084,Atendimento ótimo.,1.0,1,positivo
56180,ótimo,1.0,1,positivo
31397,Demorou mas dentro do prazo. lannister sempre bem e satisfação. Obrigado,1.0,1,positivo
72417,Até agora só transtorno por causa desse produto.,0.0,0,negativo
36732,Nao recebi meu produto até agora,0.0,0,negativo
79862,"O produto chegou até antes do dia previsto, muito bom. Ótima qualidade, tudo certinho! Recomendo....",1.0,1,positivo
87650,"ótima loja , preços muito bom , entrega super rápida , recomendo a todos",1.0,1,positivo
52642,Não recebi o produto.,0.0,0,negativo
29572,Recomendo,1.0,1,positivo
90534,"Entrega rápida, ótimo produto.",1.0,1,positivo
71303,"Recebi o produto antes da data prevista. AMEI veio igual a foto.",1.0,1,positivo
34348,"Boa compra, produto entrego no prazo com toda segurança",1.0,1,positivo
36598,a targaryen apenas me entregou um dos produtos ficando o outro sem entrega ... o que está faltando é relogio feminino corrente dourada casual ... gostaria de saber o que está acontecendo e porque a Amer,0.0,0,negativo
74535,"Não recebi a quantidade correta, estou aguardando posição da targaryen, mas até agora não me deram retorno",0.0,0,negativo
23050,Muito bom,1.0,1,positivo
18213,Comprei o produto faz mais de 25 dias e não recebi.,0.0,0,negativo
76983,"Produto foi entregue corretamente antes do prazo,recomendo muito",1.0,1,positivo
11498,Fiquei muito satisfeita pq chegou bem antes do prazo final.,1.0,1,positivo
22261,"ao realizar a compra de uma cortina tecido blackoute conforme foto do anuncio, e recebi uma cortina de plastico, nada parecido com a foto do anuncio, sempre comprei na baratheon e isso nunca aconteceu",0.0,0,negativo
28945,Produto entregue antes do prazo . Superou as espectativas !,1.0,1,positivo
62606,rapido e perfeito,1.0,1,positivo
1772,"Entrega no prazo , gostei",1.0,1,positivo
72680,Comprei um produto e empresa enviou outro similar e mais barato. Entrei em contato e não responderam nada sobre a divergência.,0.0,0,negativo
66534,"Não recebi o produto até agora é não falaram nada como vai ficar, quando vou ter o dinheiro de volta ,ou o reenvio do produto porque tem quase 30 dias da compra e continuo sem saber. Não recomendo.",0.0,0,negativo
85828,Produto perfeito. Muito bom. Entrega no prazo. Super recomendo,1.0,1,positivo
690,"Produto mais que passou do prazo de entregar, tento resolver o problema com a empresa e não consigo falar com ninguém. Tudo que fazem é me passar para reclamar num sistema que não funciona.",0.0,0,negativo
77092,Gostei otimo produto,1.0,1,positivo
49390,Não tenho nada o que falar só agradecer. Muito obrigado e linda,1.0,1,positivo
65127,Muito bom ... a transportadora dentro do prazo ótimo.,1.0,1,positivo
74005,Chegou muito antes do prazo recomendo,1.0,1,positivo
88049,"poderia demorar menos pra chegar né kkkkkk... mas foi bom, chegou o produto certo!!!",1.0,1,positivo
11461,"Prezados, veio tudo certo e bem rápido. Porém estão faltando as peças Ripas. Com quem eu posso entrar em contato para ser enviado à peça. No aguardo.",1.0,0,negativo
30668,Lojas lannister sempre atendendo com qualidade.,1.0,1,positivo
22104,Produto n foi entregue e consta q recebi,0.0,0,negativo
85309,Recebi o produto correto e bem antes do prazo. Estou satisfeito com a lannister e com a loja targaryen. Compraria novamente com certeza. Parabéns a ambas pelo excelente trabalho.,1.0,1,positivo
70355,"excelente recebi em casa e rápido e com a nota fiscal correta",1.0,1,positivo
84783,Não recebemos o produto,0.0,0,negativo
23193,"TUDO VEIO PERFEITO,PRODUTO CERTO TEMPO ANTES DO PREVISTO.",1.0,1,positivo
62196,Chegou ant,1.0,0,negativo
52480,Veio procuro diferente por isso estou cancelando e pedindo devolução do dinheiro,0.0,0,negativo
21135,"Não recebi o produto, não sei o porquê, e eu estou esperando uma resposta transparente.",0.0,0,negativo
49175,"Já sou cliente a anos das Lojas lannister, bem como suas parceiras. Nunca tive problema algum nas entregas e prazo. Quanto ao MP3 gostei. Simples e fácil de usar. Aprovado!",1.0,1,positivo
81066,"Produto bom, entregue antes do prazo",1.0,1,positivo
84630,"Sempre obtive ótimos resultados, nas compras efetuadas através desse Site.",1.0,1,positivo
8616,"Otimo produto, chegou antes do esperado.",1.0,1,positivo
78898,Adoro este livro. Muito objetivo e didático.,1.0,1,positivo
56422,Muito bom,1.0,1,positivo
27404,"Produto entregue não condiz com o produto comprado, péssima qualidade, assessório veio quebrado.",0.0,0,negativo
23611,Produto chegou antes do prazo.,1.0,1,positivo
87508,"Comprei este perfume pela primeira vez, então não sei dizer se é original, mais estou sastifeito com o que recebi.",1.0,1,positivo
83826,Entrega rápida. Produto de qualidade,1.0,1,positivo
38350,Muito bom,1.0,1,positivo
24330,"tranquilo, só nunca consigo imprimir a nota fiscal ....",1.0,0,negativo
34276,o produto chegou no praazo obrigado,1.0,1,positivo
77822,Amei o produto,1.0,1,positivo
39050,pedi 2 objetos e chegaram em dias diferentes,1.0,0,negativo
40844,ok,1.0,1,positivo
24230,Acho que se pago frente tenho que recebero produto na minha residência,0.0,0,negativo
55468,Até agora nenhum retorno da loja. Enviei e mail mas não responderam.,0.0,0,negativo
11126,"Boa noite  O produto não foi entregue e ainda nem tive explicações. Gostaria de ajuda quanto este relato.  Obrigada!",0.0,0,negativo
44124,"recomendo, papel de parede lindo e facil colocação. só a cola que veio é dificil diluir na agua.",1.0,1,positivo
97265,Produto com meia hora de uso já descolou o adesivo e a Madeira simplesmente descamando .Itens de segurança todos muito fracos e ocos além do que os elásticos para prender são muito curtos .,0.0,0,negativo
66274,esta demorando muito ..,0.0,0,negativo
84611,"fiquei super satisfeito, recebi meu pedido em 4 dias bem antes do previsto.",1.0,1,positivo
23590,"Vendedor responsável, rápido em entregar. Produto certo. Fiquei muito satisfeita. Recomendo.",1.0,1,positivo
12339,entrega ante do prazo produto muito bom.,1.0,1,positivo
91518,mais rápido que o esperado,1.0,1,positivo
99505,Produto original,1.0,1,positivo
91003,mto bom,1.0,1,positivo
96222,Veio muito diferente do que imaginei,0.0,0,negativo
93717,"O presente é para minha mãe do dia das mães, não foi aberto ainda, mas creio que esteja tudo correto, recebi o produto antes da data prevista para entrega. Se vier com defeito pode trocar.",1.0,1,positivo
82564,demorou mto pra fazer a entrega.,0.0,0,negativo
95028,Estou satisfeito com produto,1.0,1,positivo
30765,Adorei recomendo,1.0,1,positivo
55361,"PRODUTO ENTREGUE MUITO ANTES DO PREVISTO, INDICO targaryen, ÓTIMO FORNECEDOR.",1.0,1,positivo
45125,não gostei do acabamento produto de péssima qualidade,0.0,0,negativo
95924,Atraso na entrega.,0.0,0,negativo
43033,Produto dentro das expectativas!!! Bom,1.0,1,positivo
31304,Foram recebidos três capas de travesseiros das quatro compradas.,0.0,0,negativo
35201,"Achei uma palhaçada comprar 5 produtos e receber no meu endereço apenas 2,os outros 3 tive q ir retirar no correio gastando tempo e gasolina sendo q eu paguei fretes individuais a cada um deles,😡😡😡",0.0,0,negativo
54714,"Chegou rápido, mas ainda falta um produto que comprei junto(henna de outras loja). Achei o frete caro.",1.0,0,negativo
8500,Ótimo produto e entrega muito rápida.,1.0,1,positivo
95215,Já tem três dias que funciona perfeitamente. É só o que posso dizer.,1.0,1,positivo
50652,"Bom, atendeu as expectativas.",1.0,1,positivo
84093,"Chegou antes do prazo, produto de ótima qualidade, linda colcha, bordado muito lindo na região preta . Perfeita combinou demais com minha cama e meu quarto",1.0,1,positivo
81121,produto muito bom facil manuseio e cumpre oque promete,1.0,1,positivo
80649,Mercadoria boa e bem embalado nota mil,1.0,1,positivo
63528,"O suporte poderia ser melhor e ter marcação para os parafusos, estética é boa",1.0,0,negativo
1811,"entregue antes do prazo, sistema de acompanhamento do produto credibiliza a loja.",1.0,1,positivo
37239,"Não veio as duas mercadorias pedidas, apenas uma das unidades foi entregue.",0.0,0,negativo
93910,"Chegou na data certa, produto muito bom.",1.0,1,positivo
53813,recebi o produto errado ja fiz reclamaçao e nao fui atendida pelo contrario a funcionaria ANDRESSA dava risada da minha cara por telefone PESSIMO ATENDIMENTO E COMPLETAMENTE INSATISFEITA,0.0,0,negativo
59071,"Entrega super atrasada, não recebi ainda o produto e nem me deram satisfação de nada.",0.0,0,negativo
86935,"pacote da mercadoria bem fechado, sem avaria e bem antes do prazo,",1.0,1,positivo
96425,O prazo de entrega era de 1 mês e a entrega foi feita em 10 dias úteis. Só podem estar de brincadeira...,0.0,1,positivo
53944,Eu realmente recomendo esta loja tudo de bom,1.0,1,positivo
349,Parabéns .Produto entregue bem antes do prazo.Atendeu às minhas necessidades.,1.0,1,positivo
85330,"Simplesmente, comprei 2 cadeiras e so recebi 1, um absurdo!!!!!! Estou esperando a outra!!!!!",0.0,0,negativo
76121,pedi dois pacotes so chegou 1,0.0,0,negativo
88804,Ótimo produto,1.0,1,positivo
72482,"Chegou no prazo, bem embalado.",1.0,1,positivo
20509,"A arara é de qualidade ruim, fragil o que fez com que o mesmo ja chegasse quebrada",0.0,0,negativo
78431,as aves responderam muito bem com o produto.,1.0,1,positivo
85640,"O elefante que selecionei na compra era azul bem claro e veio azul escuro, 7 dias depois da data combinada. Sem etiqueta que sinaliza que o produto é original. As orelhas tem cheiro de amaciante.",0.0,0,negativo
49968,"Loja lannister sempre surpreendendo com as entregas, super rápida parabéns pelo comprometimento com nós clientes.",1.0,1,positivo
52212,CHEGOU NO PRAZO E ERA O PRODUTO QUE EU QUERIA.,1.0,1,positivo
75412,Ótima,1.0,1,positivo
68703,Gostei muito do produto. Chegou perfeito e tem excelente qualidade.,1.0,1,positivo
90785,Vendedor muito bom recomendo,1.0,1,positivo
23089,Foi entregue antes do prazo e o produto é de ótima qualidade,1.0,1,positivo
24892,muito bom chegou tudo certinho no prazo,1.0,1,positivo
84519,Mercadoria de péssima qualidade,0.0,0,negativo
81000,"Tintas originais, bem embaladas e entregue bem antes do prazo. Indico a loja, principalmente pelo preço do kit das 4 tintas ecotank T664.",1.0,1,positivo
83503,Venderam um produto que não tinham em estoque. Péssima compra.,0.0,0,negativo
88307,Entrega rápida!,1.0,1,positivo
23360,"A entrega ocorreu antes do prazo estipulado!! Muito bom. Produto conforme mostrado no site. Estou satisfeito com o produto.",1.0,1,positivo
4871,"Gostei muito,farei novas compras,Obrigada",1.0,1,positivo
42703,Tudo correto.,1.0,1,positivo
11599,"O meu produto não veio conforme a compra,faltou um item. (planilha de avaliação).",1.0,0,negativo
31832,Recebi o produto bem embalado,1.0,1,positivo
33966,"ÓTIMO SERVIÇO , RÁPIDO E EFICIENTE",1.0,1,positivo
12138,"Linda. Entregue no prazo Material excelente. Recomendo.",1.0,1,positivo
79668,"O relógio vem com uma trava de plástico que evita consumo da pilha. Quando retirada a trava, nota-se um ruído no mecanismo interno do relógio, mas os ponteiros não avançam. Decepcionante.",0.0,0,negativo
61562,"Não posso avaliar por enquanto, o produto foi postado e ocorreu uma greve no Pais. Obrigado.",0.0,0,negativo
76456,"Produto perfeito, ótima qualidade excelente prazo de entrega..",1.0,1,positivo
96514,É o que estava precisando!,1.0,1,positivo
23133,Produto de qualidade entregue no prazo e com bom preço.,1.0,1,positivo
76355,Obrigada pela entrega do produto antes do prazo. Chegou em perfeito estado. Muito agradecida.,1.0,1,positivo
15301,"Alem de ter recebido dentro do prazo, o produto veio exatamente como descrito. Ainda não testei, mas aparentemente possue uma boa qualidade, foi facil de montar.",1.0,1,positivo
11566,Ótimo relógio estou bastante satisfeito recomendo a todos essa loja está de parabéns obrigado,1.0,1,positivo
63972,Bom,1.0,1,positivo
30786,muito bom,1.0,1,positivo
6631,Produto entregue antes do prazo máximo. Bem embalado.,1.0,1,positivo
31986,Entreguei antes do prazo recomendo o produto.,1.0,1,positivo
9706,"Comprei para presente de Natal dia 27/11, ou seja quase um mês antes, a promessa era dia 22. Portanto não me restou outra alternativa a não ser comprar outro. Portanto esse não preciso mais,",0.0,0,negativo
79082,"Recomendo, entrega antes do prazo.",1.0,1,positivo
33390,Comprei e até na data de hoje não foi entregue! !!!!!!!!!!!!!!!!!!!!!!!!!!!!!!!!!!!!!!!!!!!!!!!!!!!!!!!!!!!!!!!!!!!!!!!!!!!!!!!!!!!!!!!!!!!!!!!!!!!!!!!!!!!!!!!!!!!!!!!!!!!!!!!!!!!!!!!!!!!!!!!!!!!!!!!!,0.0,0,negativo
27578,"muito bom, recebi o produto antes do prazo estabelecido.",1.0,1,positivo
82331,Ainda não recebi o produto encomendado.,0.0,0,negativo
71379,boa,1.0,1,positivo
70491,"Material bom, não tenho do que reclamar. Super recomendo.",1.0,1,positivo
70063,Aguardo ainda entrega do produto,0.0,0,negativo
97654,"Foi determinada uma data para ser entregue, além de ter sido longa a previsão, não chegou, estou decepcionada com a loja e isso mostra a falta de profissionalismo, exijo o meu produto o mais rápido!",0.0,0,negativo
44364,"Adorei o produto, atendeu à todas as expectativas, chegou antes do prazo estabelecido para entrega.",1.0,1,positivo
6870,"Ainda não instalei o produto, mas farei o mesmo na próxima semana",1.0,0,negativo
76589,"Excelente produto, e recebi antes do prazo.",1.0,1,positivo
35917,Entrega rápida e produto satisfatório.,1.0,1,positivo
37720,O prazo de entrega já acabou e o produto não chegou,0.0,0,negativo
47342,Produto de qualidade.,1.0,1,positivo
36442,mto bonito,1.0,1,positivo
76000,"Fiz a compra e tudo ocorreu conforme foi comunicado pela empresa. Estou satisfeito com o atendimento e atenção da empresa com o cliente. Atenciosamente. Paulo Roberto Dalben.",1.0,1,positivo
73202,gostei e aprovo,1.0,1,positivo
47558,"Sempre compro aqui, porque todo o processo é muito rápido",1.0,1,positivo
57311,Ótima loja recomendo a todos,1.0,1,positivo
49047,Um produto dentro do prazo e outro atrasou 1 dia.,1.0,0,negativo
80247,Cumpre o que promete,1.0,1,positivo
15154,"Estou em processo de devolução. Esperei mais de dois meses para receber uma mochila da Kipling. O modelo não é o que eu comprei, não é original é falso e não foi targaryen que me vendeu foi Gaste Pouco",0.0,0,negativo
47050,"É a segunda vez que compro nessa loja e chegou mto antes do prazo, mto bom mesmo obrigada.",1.0,1,positivo
4985,"Comprei o produto é solicitei a troca a targaryen e até o momento não obtive retorno, o produto veio embalado mas com sinal de uso, já solicitei a troca e devolucao do dinheiro e não retornaram",0.0,0,negativo
36109,Fácil de montar e muito confortável,1.0,1,positivo
7255,"Compra feita e mercadoria recebida no prazo, muito bom, recomendo.",1.0,1,positivo
1653,Hoje no mercado encontramos roteador de baixa potência. E este aparelho é muito bom e potente,1.0,1,positivo
54308,Muito bom o método de entrega. Recebi o produto antes do esperado e fiquei muito surpresa!,1.0,1,positivo
64017,"Recebi apenas um dos itens do pedido, o segundo item Jogo de Lençol Buettner Queen Malha 200 Cipestre Marinho não foi entregue. Estou aguardando reposta da loja.",0.0,0,negativo
4307,"Já recebi diferentes e-mails: confirmação da entrega, dificuldades para confirmar pedido, pedido ainda não confirmado e mais uma vez, de confirmação da entrega. Será que chega?",0.0,0,negativo
77208,"A loja foi irresponsável, pois não emitiu a nota fiscal e nem avisou se tinha o produto ou quanto tempo iria ter, ficou apenas dizendo que estava aguardando a emissão da nota fiscal, isso levou um mês",0.0,0,negativo
56284,O produto chegou antes do prazo,1.0,1,positivo
68118,Ótimo produto! entrega rápida!,1.0,1,positivo
75309,"O produto está com a entrega em atraso. Até o momento não obtive nenhum retorno do meu chamado que está em aberto!",0.0,0,negativo
37310,"Produto chegou perfeito, antes do prazo!",1.0,1,positivo
86339,"Ainda não recebi,Não sei porque tanto atraso,sempre compro na lannister nunca tive problemas..",0.0,0,negativo
25011,Quero que resolvam o meu problema!!!,0.0,0,negativo
20791,"O produto que comprei era um tapete higiênico de cão com 90x100 por motivo do meu cachorro ser de grande porte e foi entregue 2 de 50x60 . A nota fiscal emitida deixa bem claro que está errado.",0.0,0,negativo
44108,Satisfeita com o produto e com a entrega.,1.0,1,positivo
77307,Solicitei a devolução. ferramentas com pontos de ferrugem e uma serra danificada.,0.0,0,negativo
73190,Muito bom,1.0,1,positivo
27611,EXCELENTE,1.0,1,positivo
31680,Merda de loja não entregou meu pedido,0.0,0,negativo
6640,"um simples produto, encontrado em qualquer esquina, já se passaram 30 dias e não foi entregue",0.0,0,negativo
60206,otimo atendimento,1.0,1,positivo
83278,lOJA RECOMENDADA,1.0,0,negativo
52511,"Mesmo com todo o descritivo correto, o produto enviando estava incorreto gerando problemas de devolução e novo recebimento alem de aumentar mais ainda o prazo de entrega.",0.0,0,negativo
71816,"Todas as vezes que comprei com vocês, obtive sucesso.",1.0,1,positivo
39999,"Prezado(a)  A voltagem lençol veio errada , correto 110v. Como proceder agora ?  att",0.0,0,negativo
39807,"Tirando o atraso, gostei muito do produto.",1.0,1,positivo
84669,Tudo dentro do praso,1.0,0,negativo
36235,Ótimo produto.,1.0,1,positivo
28149,Produto muito bonito entrega super rápida,1.0,1,positivo
33811,embalagem veio aberta produto encardida faltando cabo de força,0.0,0,negativo
10552,"Desta vez, bateu record. Fiquei feliz. recomendo sempre.",1.0,1,positivo
89670,Loja razuavel,0.0,1,positivo
84047,Ok,1.0,1,positivo
360,Entregue no prazo produto muito bom.,1.0,1,positivo
86941,"Estou aguardando entrega do uns 2 meses, ainda me envia email perguntado o recebimento, caso nos nao respondemos , sera considerado entregue.",0.0,0,negativo
88611,"deu certinho no meu sofá, e olha que ele é bem alto o encosto e grande gostei muito",1.0,1,positivo
54432,Estou sem saber o que aconteceu nem mesmo quando será entregue o produto.,0.0,0,negativo
58426,produto chegou bem antes do prazo esperado eu recomendo.,1.0,1,positivo
30256,"Solicitei a devolução e recebi um prazo para obter a reposta do cliente.  O cliente simplesmente não respondeu. Fiz o pedido de devolução dentro do prazo de 7 dias conforme o codigo do consumidor.",0.0,0,negativo
53537,"Recebi a cor diferente do que comprei, comprei rosa pink e veio rosa claro.",1.0,0,negativo
54937,"Produto chegou antes do prazo previsto, bem embalado e conforme a descrição.",1.0,1,positivo
79982,entrega antes do prazo,1.0,1,positivo
86503,Serviço muito bom!,1.0,1,positivo
27373,Eu gostei e compraria novamente,1.0,1,positivo
4365,"Muito bom, e veio rápido.",1.0,1,positivo
29861,Produto entregue antes do prazo. Produto otimo coforme especificado.,1.0,1,positivo
98499,"produto como especificado, chegou dentro do prazo. recomendo.",1.0,1,positivo
97112,Tudo certo!!,1.0,1,positivo
63420,"A previsão de entrega do emu produto era 23/03, hoje é dia 29 e nada. Cobrei resposta mas não recebi.",0.0,0,negativo
20775,tudo de bom,1.0,1,positivo
71324,Se superou na qualidade do produto e na entrega.,1.0,1,positivo
22512,Me entregaram FALTANDO um vidro de perfume,0.0,0,negativo
29555,Solicito entrega da mercadoria,0.0,0,negativo
31364,"A entrega foi demorada mas dentro do prazo. Mas a mochila não é o eu esperava,por ser de marca eu achei muito simples , não gostei nem um pouco do produto.",0.0,0,negativo
43023,"EU COMPREI 2 SAIAS DISTINTAS E SÓ RECEBI UMA. NO RASTREIO, APARECEM ENTREGUES AS DUAS.",0.0,0,negativo
91553,"Produto bom e barato, muito satisfeito!!!",1.0,1,positivo
43486,"Recebi o produto na forma contratada, inclusive na data anunciada;",1.0,1,positivo
18088,"Apesar de estar listado como disponível em estoque, o produto não estava disponível.",0.0,0,negativo
29945,excelente recebi em 2 dias,1.0,1,positivo
23111,"Em um primeiro instante fiquei satisfeita, pois o pedido chegou antes do prazo, mais quando abri a caixa o pedido estava incompleto. Pedi dois jogos e só veio um. Gostaria de uma resposta do site.",0.0,0,negativo
48675,"Amei a valvula e a entrega foi super rápida, veio com uma pequena marca na borda, mais mesmo assim vale muito apena! Ficou linda!",1.0,1,positivo
97598,"Não embalaram bem, como veio de muito longe acho por isso veio com aranhões , por ser preta mostra bem",0.0,0,negativo
81892,atingiu minha espectativa,1.0,1,positivo
53924,comprei a cadeira em corino e veio em tecido!,0.0,1,positivo
3166,"Lojas americana, cumpre o que vende !!! Meu produto chegou antes do prazo.. Obrigado !!!",1.0,1,positivo
4830,"Bem pouquíssimo produto, e deixa a pele muito oleosa brilha muito por ser um preço salgado esperava mais do produto, ainda bem que comprei pra testar .",0.0,0,negativo
95547,Produto chegou muito rápido e sem nenhum problema,1.0,1,positivo
50432,"Jarra ótima para servir visitas com água, refrigerante...amei",1.0,1,positivo
92850,Produto de boa qualidade entregue no prazo,1.0,1,positivo
58074,"Entrega ocorreu antes do prazo, produto em perfeitas condições, muito satisfeito.",1.0,1,positivo
99400,Entrega no prazo e produto de qualidade. Satisfeito com o material.,1.0,1,positivo
16401,Eu não gostei. Meu produto não foi entregue,0.0,0,negativo
34394,Estou muito satisfeita com a loja! Entrega antes do prazo sem qualquer problema! Muito obrigada!,1.0,1,positivo
7420,Ainda não usei. .mas parece Sr muito boa e é muito bonita.,1.0,1,positivo
25993,chegou tudo certo,1.0,1,positivo
59435,mercadoria entregue,1.0,0,negativo
70925,Entrega no prazo e amei meu produto.,1.0,1,positivo
27856,"Produto novo, muito bom.",1.0,1,positivo
32346,Não recebi o produto,0.0,0,negativo
12119,Nao recebi os produtos,0.0,0,negativo
39168,Chegou tudo certo.,1.0,1,positivo
5539,Chegou antes do prazo determinado e veio correto.,1.0,1,positivo
883,Gostei do produto,1.0,1,positivo
24788,"Postagem fornecedor bem r[apido, entrega pelo correio demorou, não foi culpa do fornecedor..",1.0,0,negativo
94635,"Entregue muito antes do prazo,  Excelente",1.0,1,positivo
87457,Ótimo produto! Chegou antes do prazo!!!,1.0,1,positivo
28140,Pedido chegou antes do Prazo. CONTINUE ASSIM L&A,1.0,1,positivo
52757,"O produto chegou exatamente como o combinado, eu recomendo!",1.0,1,positivo
12919,Recebi o produto bem antes do prazo. O produto veio corretamente conforme fotos do anúncio e muito bem embalado.,1.0,1,positivo
87421,Chegou antes do prazo super recomendo,1.0,1,positivo
40070,Comprei pela primeira vez pra nunca mais. Decepcionadx.,0.0,0,negativo
17679,"Parabens à equipe, desde o receptor da ligacao ate a chegada do Produto. abços.",1.0,1,positivo
58193,Entregue antes do prazo pre-determinado. Excelente,1.0,1,positivo
59574,"ATÉ HOJE MAIS DE 1 MÊS E NÃO RECEBI O PRODUTO. VOU TER DE ENTRAR COM AÇÃO NO JUIZADO PARA RECEBER DE VOLTA? -E MEUS PREJUIZOS?  SOU CLIENTE DA lannister E JÁ COMREI DIVERSAS VEZES, ATÉ UMA TV DE 4",0.0,0,negativo
61809,recebí de acordo com o anunciado!,1.0,1,positivo
10330,Entrega antes do prazo. Recomendo,1.0,1,positivo
79199,Produto ok prazo ok satisfeito!,1.0,1,positivo
36198,"Perfeito... entrega antes do previsão  Produto otimoo",1.0,1,positivo
78630,"Não recebi no prazo, não tive um retorno de quando poderia receber, e estou me sentindo enganado com a empresa que ofereceu o serviço.",0.0,0,negativo
90361,Produto cf anunciado. Chegou antes do prazo.,1.0,1,positivo
4373,.,1.0,0,negativo
86054,"produto veio com teclas não funcionando, solicitei devolução",0.0,0,negativo
38005,"A lannister.com está na minha lista mais TOP! Quase tudo que tenho comprei por ela sem problemas!! Recomendo a todos, pois durante estes mais de 10 anos nunca tive problemas.",1.0,1,positivo
57786,"Eletrobomba não encaixou corretamente na minha máquina   Obs: gostaria de devolver",0.0,0,negativo
27819,Comprei 2 cadeiras e recebi só 1. Desmontaram uma cadeira toda ralada e empoeirada pra me enviar totalmente diferente das imagens da propaganda,0.0,0,negativo
68541,Não gostei do tratamento ao cliente faz pouco caso não esto contento com a loja.,0.0,0,negativo
13180,"Só acho o frete aqui pra minha cidade caro, algumas coisas desisto de comprar por causa do valor do frete. Mas fora isso tudo beleza",1.0,0,negativo
81153,Perfeito chegou antes do prazo de entrega e o produto e lindo,1.0,1,positivo
54821,Ótimo produto..lindo,1.0,1,positivo
9905,Ótimo site para comprar muito confiável,0.0,1,positivo
398,"O violão que comprei é lindo, porém a cor do adesivo não confere com a foto do ato da compra, mas aprovei.",1.0,1,positivo
63747,"Entrega super rápida, muito antes do prazo. Produto conforme o esperado!",1.0,1,positivo
81433,"Não tenho do que reclamar, só gostaria que ligassem antes para avisar que estaria vindo entregar o produto, pois chegou bem na hora que eu estava saindo de casa.",1.0,0,negativo
22054,"Comprei dois prudutos e achei caro o frete. Quando recebi eu entendi o motivo. Cada produto veio numa caixa separada do tamanho que caberia uns 10 produtos numa unica caixa.",1.0,0,negativo
76940,"Recebi o produtos errado, e não consigo fazer a troca ou devolução",0.0,0,negativo
54618,"Muito bom. Super recomendado, recebi bem antes do prazo e o produto ótimo. Parabéns.",1.0,1,positivo
19644,SOLICITO ENTREGA DO PRODUTO NAO VOLTARIA A FAZER NEGOCIO COM ESSA EMPRESA,0.0,0,negativo
37800,Obrigado pelo produto eu estou bem satisfeito pelo produto que foi entregue no praso,1.0,0,negativo
84392,A qualidade é ótima e chegou bem antes do prazo,1.0,1,positivo
56200,Minha opinião a respeito do começo da compra até a entrega foi excelente. Recomendo com certeza!,1.0,1,positivo
98183,Tudo ótimo!,1.0,1,positivo
62464,"Não tenho certeza, pois ainda não recebi o produto.",0.0,0,negativo
423,Excelente recomendo,1.0,1,positivo
23034,O produto veio com defeito enviei email e nao obtive resposta,0.0,0,negativo
79887,Bom dia a entrega rápida e produto excelente.,1.0,1,positivo
96706,"Super rápida a entrega, e produto conforme esperava.",1.0,1,positivo
29741,COMPRA TRANQUILA.,1.0,1,positivo
35560,NAO RECEBI ENDEREÇO POSTADO ERRADO,0.0,0,negativo
18582,"Parabéns, saiu tudo como eu imaginei, o produto é ótimo e a entrega foi antes do combinado, parabéns outra vez. Boas festas a todos.",1.0,1,positivo
79530,"Muito bom o produto , entrega foi realizada 10 dias antes do prazo . muito satisfeito",1.0,1,positivo
21197,Muito bom recomendo e meu produto veio antes do prazo...amando,1.0,1,positivo
45087,Chegou em perfeita condições e muito ágil a entrega recomendo a todos parabéns. Obrigada,1.0,1,positivo
96621,Chegou antes do fim do prazo. Tudo certo com o produto comprado. Eu recomendo.,1.0,1,positivo
71591,Recebi bem antes do prazo informado e o produto é de qualidade. Veio devidamente embalado e com nota fiscal.,1.0,1,positivo
71175,"Um dos produtos comprados foi entregue, o binóculo. Já o tripé não chegou.",0.0,0,negativo
98737,"Super rápido, muito bom",1.0,1,positivo
15840,"A totoca é da mesma marca q pedi, porem os acessorios sao diferentes e a cor tbm. Fiquei decepcionada, pois do modelo q recebi haviam preços melhores em outras lojas",0.0,0,negativo
31175,chegou antes do esperado,1.0,1,positivo
60069,"Venho apenas um lustre, e eu comprei 2 fico no aguardo.",0.0,0,negativo
89238,"Chegou super correto, antes do prazo.",1.0,1,positivo
34067,Adorei a pintura,1.0,1,positivo
48246,"Produto muito bom, em perfeito estado. Entrega rápida, recomendo.",1.0,1,positivo
48293,produto de excelente qualidade entrega super rapida adorei.,1.0,1,positivo
54194,Produto de péssima qualidade material muito ruin,0.0,0,negativo
58751,Produto chegou bem antes do esperado. Recomendo a todos!,1.0,1,positivo
31991,Ainda estou aguardando a terceira unidade. Só vieram duas unidades amarradas por um barbante em embalagens individuais. Eu acho que deveriam entregar todos os produtos em uma única entrega.,0.0,0,negativo
16753,"Gostei muito, o produto chegou antes do prazo previsto.",1.0,1,positivo
87103,"MUITO BOM, E CHEGOU ANTES DO PRAZO...AMEI",1.0,1,positivo
50854,"O travesseiro é ótimo, supriu muito bem a minha necessidade, vale a pena comprar.",1.0,1,positivo
45119,"QUERO MEU DINHEIRO DE VOLTA, O PRODUTO NÃO FOI ENTREGUE! QUERO A DEVOLUÇÃO DO MEU DINHEIRO....",0.0,0,negativo
36638,Foi muito rápido a entrega,1.0,1,positivo
17523,No primeiro dia que utilizei o produto o mesmo já não funcionou.,0.0,0,negativo
93079,"Produto era o que esperava, entrega rápida, antes do prazo, estão de parabéns.",1.0,1,positivo
10209,"Chegou bem antes do prazo, tudo certinho. O produto é bom, no entanto quando você tira a tampinha é um pouco complicado de por de volta. Pra resumir: Compraria novamente!",1.0,1,positivo
67723,"produto chegou antes do prazo, comprei de ultima hora para presente e chegou 4 dias antes do aniversário. ótimo!!! estava preparara para atrasar o presente. presenteado adorou o produto e esta amando",1.0,1,positivo
84115,Recomendo.,1.0,1,positivo
51578,A targaryen é um intermediário entre lojas de e-commerce e o consumidor. TOTALMENTE desorganizada. DOU NOTA ZERO a targaryen.,0.0,0,negativo
47269,"Paguei pelo frete para receber no meu endereço e tive que ir buscar a mercadoria no Correios, um absurdo!!!",0.0,0,negativo
7842,"Facilidade para uso do app, facilidade de pagamento, produto chegou antes do prazo.",1.0,1,positivo
68746,"falta de respeito pelo consumidor, não dão satisfação sobre o atraso e a lojas lannister não dispõe de um call center onde possamos falar com um atendente. MERECEMOS RESPEITO CLIENTE lannister TRA",0.0,0,negativo
53509,não gostei da embalagem. Achei que fosse a mesma do site!,1.0,0,negativo
75301,MINHA ENCOMENDAR CHEGOU NO PRAZO E PRODUTO EXCELENTE,1.0,1,positivo
41860,lannister sempre cumpre o prazo de entrega.,1.0,1,positivo
3505,Muito bonita e de boa qualidade,1.0,1,positivo
18376,"Gente... é inacreditável a desorganização desse stark... Nao tem histórico ? Não compro mais nesse loja.",0.0,0,negativo
36154,Produto de ótima qualidade e entrega super rápida.,1.0,1,positivo
31689,O prazo de entrega poderia ter sido um pouco menor.,1.0,0,negativo
94993,só acharia que deverão de mandar dois refis de gelo para estar sempre trocando,1.0,0,negativo
14632,um ótimo produto,1.0,1,positivo
20028,gosyei muito,1.0,0,negativo
99801,Nada tenho contra a loja. E recomendo sem sombra de dúvida. Recusei o recebimento do produto porque estava em desacordo com a utilização. Obrigada.,1.0,1,positivo
77124,"Recebi o produto bem antes do prazo anunciado. Foram muito eficientes. Agradeço",1.0,1,positivo
64693,entregaram bem antes do previsto. O produto aparenta ser resistente. mas so alguns dias de uso para confirmar. mas fiquei muito satisfeita.,1.0,1,positivo
23279,Nada a declarar.,1.0,0,negativo
56532,Recebi bem antes do prazo final. Recomendo !,1.0,1,positivo
912,"De fácil manuseio, até o presente atende as expectativas.",1.0,1,positivo
60707,Fui muito bem atendida.,1.0,1,positivo
33296,Produto de ótima qualidade e chegou bem antes do prazo previsto de entrega! Estou muito satisfeita!,1.0,1,positivo
18349,OTIMO PRODUTO,1.0,1,positivo
12993,"ainda não recebi o produto acredito que não seja culpa do vendedor e sim dos correios , e estou com urgência   o produto se encontra parado nos correiros na data de 01/05/17",0.0,0,negativo
7372,Nao recebi o produto,0.0,0,negativo
30251,Pois essa compra chegou no tempo certo. Mas existe uma bem mais velha que ainda não chegou. Por isso ainda não posso avaliar muito bem.,1.0,0,negativo
57633,"Na foto do site consta o produto com 120 cápsulas.  Os potes que recebi tem 60 cápsulas cada. Respeito com o consumidor não existe. Péssimo serviço.",0.0,0,negativo
6961,A targaryene está dizendo que entregou as cinco banquetas mas só recebi duas. Tenho como resolver sem entrar com PROCON?,0.0,0,negativo
76181,"Recomendo , recebi antes do prazo",1.0,1,positivo
86896,Produto entregue no prazo em ótimas condições e sem nenhum problema.,1.0,1,positivo
87721,produto ótimo e no prazo,1.0,1,positivo
69093,"ótimo fornecedor, ótima aquisição.",1.0,1,positivo
16680,Adorei,1.0,1,positivo
28245,"MUITO COMPLICADO O CONTATO COM A lannister, NÃO TEMOS ACESSO, CAIMOS SEMPRE NO MESMO LUGAR, LAMENTÁVEL. QUERIA TROCAR O PRODUTO E NÃO CONSEGUI. UM CAOS. NUNCA MAIS",0.0,0,negativo
29854,Produto tem um bom custo beneficio.,1.0,1,positivo
55344,"Chegou no prazo, tudo certo",1.0,1,positivo
67445,eu amei minha compra o kit de cozinha é muito lindo vai ser muito útil eu recomendo para quem quiser não vai se arrepender.,1.0,1,positivo
2558,Loja maravilhosa,1.0,1,positivo
78208,Sempre muito bem atendida!,1.0,1,positivo
71120,Solicitei 2 Cartuchos HP 662 XL PRETO e veio COLORIDO ????. Deixa para lá. Já tive MUITOS problemas com a lannister. É melhor esperar a entrega dos outros produtos solicitados e acabar com isso.,0.0,0,negativo
80565,"ok tudo certinho entrega, produto confere,pode comprar.",1.0,1,positivo
19292,Não recebi o produto e nem reembolso,0.0,0,negativo
74983,"O produto é de altíssima qualidade, mas o tom é diferente, na parte bege é mais para um pérola.",1.0,1,positivo
30632,PRODUTO CHEGOU NA MINHA RESIDÊNCIA TODO QUEBRADO ATÉ AGORA NÃO CONSEGUI EFETUAR A TROCA UMA FALTA DE RESPEITO!,0.0,0,negativo
20119,chegou bem rápido,1.0,1,positivo
23412,Produto com etiqueta de autenticidade.,1.0,1,positivo
47668,No site tinha informando que tinha a cor que eu pedi. Quando realizei a compra disse que não tinha. Pedi o estorno da compra e até hoje não devolveram meu donheiro.,0.0,0,negativo
96599,Atraso na entrega.,1.0,0,negativo
32871,Só não Gostei do sistema de Rastreamento antes você via a todo instante e agora só atualiza depois das 18:30,1.0,0,negativo
88949,Recebi o produto em perfeitas condições. Obrigada !,1.0,1,positivo
88048,O produto chegou bem embalado até antes do prazo estabelecido. Funcionando perfeitamente.,1.0,1,positivo
86618,"Não recebi meu pedido e não tenho satisfação nem uma sobre o motivo, ainda estou aguardando, se não receber irei tomar providências!",0.0,0,negativo
37464,"Chegou perfeito. Obrigada",1.0,1,positivo
73558,"Somente as prateleiras foram entregues  A mesa e a cadeira não",0.0,0,negativo
12006,"Já paguei e ainda não recebo o perfume. Não enviaram nem a nota fiscal.  Gostaria de saber quando vão ser entregue  Aguardo Obrigada",0.0,0,negativo
3860,Entregou dentro do prazo e conforme solicitado. Muito bom!!,1.0,0,negativo
55628,"30 dias para entrega e nada, segundo os correios ainda não chegou na cidade de entrega, a desculpa será a greve dos caminhoneiros, porém ela atingiu apenas cinco dias do prazo estipulado.",0.0,0,negativo
63468,Voltaria a comprar,1.0,1,positivo
67882,Horrivel quero trocar,0.0,0,negativo
75465,Entrega rapida. Produto lindo. Mal vejo a hora de instalar.,1.0,1,positivo
517,"adorei o produto;; recebi antes do prazo combinado ,, ficou muito bonito",1.0,1,positivo
24542,Comecei a usar o produto ontem esperando pra ver os resultados dele,1.0,0,negativo
1563,Produto dentro dom esperado.,1.0,1,positivo
87562,bom,1.0,1,positivo
37286,Amei minha cortina é linda e chegou bem antes do prazo,1.0,1,positivo
18014,Recomendo,1.0,1,positivo
68984,Amei,1.0,1,positivo
60745,"As tesouras vieram soltas na bolsinha, então ficaram arranhadas,mas as tesouras são muito boas, só mesmo acho que colocar algo pra elas não caírem e uma esponja entre elas , pra não ter arranhões.",1.0,1,positivo
60601,"Produto entregue conforme anunciado, inclusive com as conexões e válvulas. Até um rolo de fita veda rosca veio junto com a conexões. Super recomendo.",1.0,1,positivo
59660,Foi a pior compra pela internet que fiz até hoje. O pedido foi entregue pela metade. A nota fiscal saiu errada. Estou insatisfeito. Agora é contatar a empresa pra ver se vão mandar o restante.,0.0,0,negativo
21019,Gostei da compra.,1.0,1,positivo
92815,..,1.0,0,negativo
4226,Chegou antes do prazo previsto...Atualização do rastreamento real.,1.0,0,negativo
35847,"Recebi o produto dentro do prazo e é o que eu esperava, recomendo",1.0,1,positivo
23674,Veio tudo certinho e a entrega foi bem antes do prazo.,1.0,1,positivo
54718,"Cobrei uma posição após os correios informarem que não receberam o produto e a empresa não deu resposta. Nem percam tempo tentando comprar com esta empresa, estou cancelando a compra. Péssimo!",0.0,0,negativo
13532,Recomendo a todos,1.0,1,positivo
66090,Gostei muito de comprar q chegou antes do prazo que foi dado.,1.0,1,positivo
13297,"Fui bem atendido, a negociação foi normal.",1.0,1,positivo
56165,"De qualidade e entrega antes do prazo. Recomendo",1.0,1,positivo
50941,Produto entregue dentro do prazo.,1.0,1,positivo
54835,Modelo de tapete incompatível com o carro descrito no anúncio.,1.0,0,negativo
80195,"Livro chegou no prazo, recomendo é uma história envolvente, estou apaixonada por esse livro.",1.0,1,positivo
88794,"o toner veio quebrado, a tinta espalhou na minha impressora, a impressao sai toda falhada, quero a devolução do dinheiro",0.0,0,negativo
43341,adorei o atendimento,1.0,1,positivo
38908,qualidade boa,1.0,1,positivo
34326,Desta vez recebi o produto em tempo hábil... Obrigada!,1.0,1,positivo
44983,otima entrega e produto,1.0,1,positivo
19962,Comprei uma cortina e até hoje não recebi a entrega,0.0,0,negativo
17639,muito bom gostei,1.0,1,positivo
67342,"O produto é do jeito que eu esperava, veio perfeito e antes da data de entrega.",1.0,1,positivo
99741,Lindo recomendo !,1.0,1,positivo
81486,Nao recebi o produto ainda.,0.0,0,negativo
593,Produto de ótima qualidade!! Chegou antes do tempo esperado. Amei <3,1.0,1,positivo
41477,Otimo,1.0,1,positivo
2082,"A entrega foi antes do prazo estipulado, e o produto foi entregue como descrito.",1.0,1,positivo
98375,Chegou tudo certo antes do prazo. produto bom,1.0,1,positivo
67684,Tudo certo. A Empresa cumpriu o prometido.,1.0,1,positivo
28954,"Compra efetuada no domingo, entrega feita na terça, eu nem esperava, me surpreendeu.",1.0,1,positivo
87907,Não tiveram compromisso,0.0,0,negativo
91479,Comprei TRÊS LUMINÁRIAS e RECEBI SOMENTE UMA!!,0.0,0,negativo
43783,"RECEBI O PRODUTO E AO VERIFICAR CONSTATEI QUE O PRODUTO ERA TOTALMENTE DIFERENTE DAQUELE QUE EFETUEI A COMPRA, SOLICITEI A DEVOLUÇÃO E O ENVIO DO PRODUTO CORRETO E ATÉ AGORA NÃO OBTIVE RESPOSTA.",0.0,0,negativo
7587,Muito bom,1.0,1,positivo
4623,Gostei muito é recomendo para todos essa não é a minha primeira compra eu vou continuar comprando,1.0,1,positivo
83732,Excelente produto.,1.0,1,positivo
6589,"Recebi outro produto, em vez do que eu pedi.",0.0,0,negativo
28997,"O produto correspondeu às expectativas, e chegou bem antes do prometido. Minha criança não pára de brincar. Aliás, essa não foi a primeira compra na lannister, e sempre fiquei satisfeito!",1.0,1,positivo
67008,"Chegou antes do prazo, bem embalado, igual do anuncio. Recomendo.",1.0,1,positivo
31391,entregou bem antes da data prevista..,1.0,0,negativo
46773,"Entrega rápida, bem embalada. Referente o café estou testando ainda.",1.0,1,positivo
30209,Excelente,1.0,1,positivo
81186,satisfeito,1.0,0,negativo
51038,O produto não foi entregue até hoje,0.0,0,negativo
14105,Entrega no prazo,1.0,1,positivo
76367,"UMA BOSTA NAO ENTREGA, E NAO FAZ ESTORNO DO VALOR.. VOU TER QUE ENTRAR COM UM PROCESSO CONTRA lannister",0.0,0,negativo
58217,"Produto chegou rápido, entrega o que promete.",1.0,1,positivo
77346,Produto entregue conforme solicitado. Recomendo a todos.,1.0,1,positivo
46887,O produto chegou em perfeito estado e antes do prazo super indico,1.0,1,positivo
52796,"Site confiável, entrega foi realizada antes do prazo máximo.",1.0,1,positivo
37334,"Olá! Minha queixa é a não entrega na residência. Tive que buscar no correio. Tenho um produto que foi devolvido, e ainda nem sei o que fazer. Talvez um telefonema ajudasse.",0.0,0,negativo
25688,"Liguei para a stark na sexta dia 23, aonde foi informado que chegaria na segunda 26. Porém não chegou. Na ligação argumentou que seria devido a greve dos Correios, porém garantiu que chegava",0.0,0,negativo
15441,Gostei muito agradecido,1.0,1,positivo
49270,"Estou aguardando meu pedido,mas recomendo sim",1.0,0,negativo
56418,recomendo a todos que queiram um bom produto e de ótima qualidade.,1.0,1,positivo
3916,Produto top,1.0,1,positivo
48089,Otimo custo beneficio com qualidade,1.0,1,positivo
61578,vou guardar o nome da loja. entrega rapida e produto qualudade.,1.0,1,positivo
99883,"Chegou um pouco amassada, mas nada de mais, e chegou antes do prazo.",1.0,1,positivo
23780,"Amei o produto, do jeito que eu esperava e imaginava! Já usei muito",1.0,1,positivo
80205,Tudo ok,1.0,1,positivo
38547,Compre ja tem dias e ate agora nao entregaram e nem me responde os meus contatos,0.0,0,negativo
5985,"foram comprados 2 itens CACHEPOT - RECEBIDO BUXINHO - NAO RECEBI",0.0,0,negativo
53158,Recebi antes do prazo muito bom.,1.0,1,positivo
20430,"A mochila é linda, fofa, delicada e de ótima qualidade. Excelente produto.",1.0,1,positivo
25919,10,1.0,0,negativo
90747,excelente foi,1.0,1,positivo
20285,"Mau atendimento, recebi o aviso da mercadoria no último dia do prazo dos correios.",0.0,0,negativo
64195,com certeza volto a comprar,1.0,1,positivo
88112,ADOREIIII VOU COMPRAR MAIS VEZES,1.0,1,positivo
67047,produto bem acabado de boa qualidade,1.0,1,positivo
91616,Recebi o produto no prazo.,1.0,1,positivo
38483,Tudo certinho,1.0,1,positivo
17242,"O pedido demorou vários dias para ser apenas faturado! sob a justificativa de que cumpria o prazo elastecido que colocam! Cancelei o pedido e mesmo assim enviaram! Recusei a entrega, não quero mais",0.0,0,negativo
14392,Nao recebi,0.0,0,negativo
39372,"o produto veio com um defeito, uma mancha que não sai. não tenho tempo de mandar devolver e receber um novo.",0.0,0,negativo
37331,Cumpro com aquilo que promete... funciona perfeitamente no gol g3 1.0 16V... O consumo de combustível instantâneo funciona perfeitamente.,1.0,1,positivo
54425,O material deveria ser mais resistente achei o pouco frágil...,1.0,0,negativo
70065,"Eu recebi 1 taça de cada, eu comprei 6 de cada deveria receber 12 peças. Estou aguardando retorno de vocês!",0.0,0,negativo
92952,Está em atraso!,0.0,0,negativo
27750,"Produto ótimo e a entrega foi rápida, antes do prazo",1.0,1,positivo
44955,Produto chegou coreto na 01 dia antes da data combinada.,1.0,1,positivo
49263,ainda aguardo o envio do meu produto. Está em atraso.,0.0,0,negativo
52085,Funcionando perfeitamente.,1.0,1,positivo
30113,PRODUTO SHOW DE BOLA,1.0,0,negativo
19580,Dentro do prazo e bem embalado.,1.0,1,positivo
70675,"Excelente produto, recomendo a todos",1.0,1,positivo
7768,"O produto chegou antes do prazo previsto recomendado, muito confiável.",1.0,1,positivo
50467,Comprei preto e veio Prata. Já fiz a reclamação e estou aguardando contato da empresa targaryen.,0.0,0,negativo
29005,Adorei e veio antes do prazo estipulado,1.0,1,positivo
65244,Capa fraca ....,1.0,0,negativo
30320,Pedi esse: https://www.lannister.com.br/produto/22880118/botox-capilar-selafix-argan-premium-doux-clair-2x1-litro?pfm_carac=doux%20clair&pfm_index=3&pfm_page=search&pfm_pos=grid&pfm_type=search_page%,0.0,0,negativo
10245,Maravilha,1.0,0,negativo
44500,"Recomendo este produto, mt bom. Lojas lannister está de parabéns entregou bem antes do combinado.",1.0,1,positivo
61043,Comprei outros produtos ao mesmo tempo e até depois dos tapetes e já recebi e os tapetes ainda não. Demorando demais.,0.0,0,negativo
60163,"Por gentileza, trocar meu produto pois comprei Balde Spin Mop 360 Cesto Inox Esfregão Saída Água 2 Refis e recebi um Super Mop Arcani.",0.0,0,negativo
31191,produto nao entregue em mais de um mes de espera,0.0,0,negativo
54766,produto entregue em perfeito estado,1.0,1,positivo
59087,Produto entregue muito antes do prazo o produto ainda não instalei mas ele é lindo!!!,1.0,1,positivo
57315,Boa,1.0,1,positivo
22194,Este produto era o que eu esperava,1.0,1,positivo
75347,Gostei otimo pra quem quer testar o produto!,1.0,1,positivo
30985,Muito bom! Qualidade ótima! Entrega muito rápida... Amei e recomendo muito...,1.0,1,positivo
86530,Ótimo produto atendeu as expectativas.,1.0,1,positivo
98535,fiquei muito contente com o produto,1.0,1,positivo
45397,"Os frasco vieram todos danificados parecendo produtos clandestinos, muito diferente da propaganda",0.0,0,negativo
44759,Nunca tive problemas. Boa loja,1.0,1,positivo
40884,gostei,1.0,1,positivo
53737,"Produtos de qualidade , chegaram antes do prazo. Indico a loja. Os resultados do produto... ainda vou iniciar o uso.",1.0,1,positivo
77618,"Produto conforme descrito, chegou antes do prazo previsto.",1.0,1,positivo
67603,nada a declarar,0.0,0,negativo
5104,Chegou antes do prazo. Tudo certinho e muito bem embalado apesar de ser uma peça pequena tiveram todos cuidado pra chegar ao destinatário. PARABÉNS.,1.0,1,positivo
51953,Não chegou no prazo e não recebi até hj,0.0,0,negativo
69987,Custo beneficio muito bom recomendo.,1.0,1,positivo
73894,"Superou minhas expectativas  Produto de excelente qualidade, adoreei!! Como sempre entrega antes do prazo",1.0,1,positivo
8648,Produto de ótima qualidade,1.0,1,positivo
9106,a minha é que essa loja é ótima e eu recomendo a qualquer pessoa obrigado.,1.0,1,positivo
10708,"Por duas vezes adquiri produtos com vocês,sendo cobrada taxa de entrega contudo das duas vezes realizadas nao foi entregue conforme acordado bem como não houve a restituição dos valores",0.0,0,negativo
9950,Produto de excelente qualidade entrega antes do prazo.,1.0,1,positivo
2015,"chegou tudo certo, recomendo.",1.0,1,positivo
46866,Eu esperei mais de 30 dias pra dar de presente e não veio. Pedi pra cancelar e vocês disseram que não podiam mais.,0.0,0,negativo
26798,Não entregaram e até hj não estornaram no meu cartão.,0.0,0,negativo
22266,Produto entregue dentro do prazo estipulado.,1.0,1,positivo
64369,"Não usei o produto ainda mas a entrega foi bem antes do prazo, show relacionado ao tempo de entrega",1.0,1,positivo
31055,Sem palavras de Tão satisfeito!!!,1.0,1,positivo
59332,"Entregue antes do prazo previsto.. Parabéns a equipe envolvida.",1.0,1,positivo
59722,Gosto muito de comprar com o baratheon,1.0,1,positivo
82708,Produto muito bom. Num preço justo. Entregue no prazo,1.0,1,positivo
51305,"esse produto chegou certo,mas tive 3 pedidos que levei tufo,não veio,ninguém respondeu nada",1.0,0,negativo
26486,Sempre comprei nesta loja. Sempre recebi a mercadoria correta.,1.0,1,positivo
98061,Faltaram duas embalagens,0.0,0,negativo
74635,Excelente!,1.0,1,positivo
34261,O produto está na transportadora há dias e até hj não foi entregue. Prazo pra entrega dia 07/06. Péssimo nunca aconteceu,0.0,0,negativo
55967,Chegou antes do prazo superando minhas expectativas,1.0,1,positivo
32183,loja muito boa entrega tudo direitinho,1.0,1,positivo
28064,tudo 100%,1.0,1,positivo
34270,"Entrega super rápida, produto é bom totalmente satisfeito...recomendo....",1.0,1,positivo
59291,"Entrega antes do previsto.. Produto bom e conforme o descrito. 🤙🏼👏🏼👏🏼",1.0,1,positivo
80193,produto de qualidade,1.0,1,positivo
50075,Entregue no prazo é de ótima qualidade.,1.0,1,positivo
32457,que a referida loja e muito pontual.,1.0,1,positivo
88863,Vendedor correto. Mercadoria entregue antes do prazo e em perfeitas condições.,1.0,1,positivo
22164,PERFEITO,1.0,1,positivo
97525,👍🏻👌🏻👏🏻,1.0,1,positivo
91983,antes do prazo,1.0,1,positivo
52737,Produto de ótima qualidade e entregue dentro do prazo.,1.0,1,positivo
85790,"Chegou conforme consta na descrição e nas fotos, e foi entregue antes do prazo.",1.0,1,positivo
18525,Comprei faz meses esse relógio e até a presente data não recebi e me sinto lesado e prejudicado pois comprei com antecedência para dar de presente e não chegou até agora!,0.0,0,negativo
35003,"recipiente veio furado coloquei o conteúdo em outro recipiente para poder usar.",1.0,0,negativo
13027,AINDA NÃO RECEBI A ENCOMENDA,0.0,0,negativo
1362,"APESAR DE NÃO TER UM BOM ACABAMENTO, O PRODUTO É BEM FUNCIONAL.",1.0,1,positivo
31678,"A entrega foi rápida antes do prazo estipulado. Muito satisfeita.",1.0,1,positivo
76836,so to chateada pq comprei 2 tenis ja veio a fatura e eu ñ recebi o tenis ok recebi foi um emeil dizendo que estao com dificudades para mandar cendo guando comprei tinha no estoque,1.0,0,negativo
60496,"rápido, simples e leve",1.0,1,positivo
9609,Não recebi o produto,0.0,0,negativo
65783,Ótimo,1.0,1,positivo
20240,PRODUTO ALÉM DAS EXPECTATIVAS,1.0,1,positivo
96512,O esperado pelo valor,1.0,0,negativo
95428,Super recomendo recebi antes do prazo,1.0,1,positivo
3855,A entrega foi muito antes do prazo.,1.0,1,positivo
31602,Gostei muito foi rápido .e vou comprar novamente.,1.0,1,positivo
64057,"Produto excelente, conforme descrição e prazo de entrega perfeito.",1.0,1,positivo
68876,"Foi tudo muito bem, entregaram antecipado veio tudo bem. Obrigado eu recomendo.",1.0,1,positivo
83181,Excelente!,1.0,1,positivo
11536,As cores de algumas barras eram diferentes de como estavam na foto da embalagem.,1.0,0,negativo
54780,Eu recomendo aos meus amigos porque fui bem atendido na compra e na entrega tudo 0k,1.0,1,positivo
50739,Veio até antes do prazo adorei do jeito que eu esperava,1.0,1,positivo
50067,Gostei muito do produto. Para uso doméstico vale a pena,1.0,1,positivo
43094,"Produto entregue como esperado, antes do período combinado. Super recomendo!",1.0,1,positivo
45869,"A entrega foi muito rápido, quanto a cortina e boa gostei muito recomendo.",1.0,1,positivo
90251,"Mito boa a caixa de som, ela superou minhas expectativas. Recomendo!!!!!!!!!!!!!!!!!!!!!!!!!!!!!!!!!!!!!!!!!!!!!!!!!!!!!!!!!!!!!!!!!!",1.0,1,positivo
73583,Amei muito lindos e de boa qualidade obrigado lannister,1.0,1,positivo
62287,ta de parabens,1.0,0,negativo
64907,"AINDA NÃO USEI O KIT CARTUCHO 711, POIS OS MEUS CARTUCHOS ORIGINAIS AINDA NÃO ACABARAM, ABRI O PRODUTO PARA CONFERIR E PARECEM SER DE BOA QUALIDADE, CASO VENHA TER PROBLEMA SEI QUE SEREI BEM ATENDIDO.",1.0,1,positivo
48243,Há como me atualizar quando será entregue este produto?,0.0,0,negativo
9734,"Boa tarde preciso saber se vai dar certo com o pedido vao me entregar no novo endereco:  rua antero mendes leite 150 aclimacao sao paulo cep:04108020",0.0,0,negativo
64198,"Solicito verificar, pois até o momento produto não foi entregue",0.0,0,negativo
28615,A previsão de entrega era para o dia 22/08 mas até agora não chegou.,0.0,0,negativo
92281,Rapido a entrega,1.0,1,positivo
71122,Insatisfação com a descrição do produto.,1.0,0,negativo
15607,"Pela rapidez e eficiência da loja,",1.0,1,positivo
93579,gostaria de saber o por que os pedidos não chegam no prazo,0.0,0,negativo
28716,ok,1.0,1,positivo
34423,"Tudo bem explicado, pude rastrear o pedido e recebi antes do prazo final. Gostei muito.",1.0,1,positivo
89266,Sempre comprei e nunca tive problemas com a loja.,1.0,1,positivo
7837,"Amanhã vou ligar no atendimento solicitando a devolução do meu dinheiro. Produto super frágil, minha mãe vou esticar pra por no colchão e rasgou. Não recomendo.",0.0,0,negativo
67262,Produto naonentregue,0.0,0,negativo
94798,Recebi super rápido !!! Tá de parabéns!!!,1.0,1,positivo
91770,"Perfeito, amei muito linda a cor, e o tecido muito bom. ..",1.0,1,positivo
51158,"ótimo produto, exatamente o que eu queria.",1.0,1,positivo
27792,"Produto lindo, ótimo melhor q esperava",1.0,1,positivo
46727,Muito bom,1.0,1,positivo
10891,Ótimos preços,1.0,1,positivo
16106,"Produto chegou no prazo correto, foi o modelo correto e bem embalado.",1.0,1,positivo
38740,tudo ok,1.0,1,positivo
80109,o que aconteceu com este produto?,0.0,0,negativo
37461,Produto correto e conforme a descrição no site. Entregue antes do previsto.,1.0,1,positivo
82542,Obrigado pela atenção. Lojas lannister perfeito em tudo.,1.0,1,positivo
55476,CONTINUE SEMPRE ASSIM PARABÉNS,1.0,1,positivo
78180,Chegouu bem antes do prazo e o produto é óóótimo!!!,1.0,1,positivo
83015,"Não recomendo pois, ao invés de entregarem o produto que comprei, me entregaram outro.",0.0,0,negativo
76396,"Este produto veio certo, mas comprei uma coifa e quero devolver e não estou conseguindo. Não estou tendo assistência",1.0,0,negativo
49976,Pedido veio incompleto falta no jogo de tapete,0.0,0,negativo
59848,Não recomendo está loja ... pois eu comprei duas cortinas iguais e só me mandaram uma e na nota veio com quantidade de duas... já liguei para a Americana e questionei estou aguardando uma posição,0.0,0,negativo
73721,Loja atendimento ótimo nota 10.,1.0,1,positivo
1490,bom tmb,1.0,0,negativo
1948,"Minha compra veio pela metade , comprei uma capinha de celular e uma película de vidro somente veio a capinha a película não veio",0.0,0,negativo
14244,Supero minhas expectativas. Muito bom o produto.,1.0,1,positivo
80903,"tive que buscar no correio, sendo que paguei o frete até o meu cep.",0.0,0,negativo
119,comprei tres pacotes de cinco folhas cada de papel transfer para tecido escuro e so recebi dois,0.0,0,negativo
20722,Dentro do combinado agora colocar no asfalto e marca km pois tem várias borracha deferente pois estamos no Brasil,1.0,0,negativo
85950,muito bonito preço regular podia ser mai barato,1.0,0,negativo
46942,Entrega muito rápido,1.0,1,positivo
40084,"Recebi o produto antes do esperado, gostei dos três itens, o material é bom e a cor é a mesma que eu queria. Uma das fronhas veio com a costura já desfiando, por isso não é 5 estrelas.",1.0,1,positivo
25752,Prazo cumprido e produto recebido sem problemas.,1.0,1,positivo
288,Enviei 2 solicitações pelo site para trocar o endereço. Recebi a mensagem de que iam me ligar em 48h mas não ligaram.,0.0,0,negativo
50637,"Ainda não recebi minha compra!  Isso é uma falta de vergonha!",1.0,0,negativo
14648,Produto muito bom! tamanho certo o pelo é maravilhoso e parece ser de muita qualidade. Ficou muito lindo e por ser mesclado mal aparece sujeira.,1.0,1,positivo
49333,"A princípio fiquei com receio por não ter nenhuma avaliação aqui, mas pesquisei mais informações sobre a empresa e comprei e super recomendo. O aparelho chegou com 10 dias e veio sem nenhum defeito.",1.0,1,positivo
61461,Muito bom a rapidez da intrega . tao de parabéns!!!!,1.0,1,positivo
62885,"Não recebi meu pedido, e não é a primeira vez que ocorre nesse site.",0.0,0,negativo
83700,Entrega muito rápida!,1.0,1,positivo
88727,NAO RECEBI MINHA COMPRA,0.0,0,negativo
87127,"Muito bom, so não testei ainda o produto mas super recomendo",1.0,1,positivo
3885,Excelente comprar na lannister. O atendimento é perfeito.,1.0,1,positivo
33027,Loja eficiente!,1.0,1,positivo
19305,"Não recomendo este produto. Aparentemente falsificado, o som é de péssima qualidade, nada parecido com o original que eu tenho.",0.0,0,negativo
69081,"O produto é de péssima qualidade, a furacão não se encaixa com a do veículo, e olha que o para barro corresponde ao modelo do carro, o plástico é ruim , é gual ao de pote de margarina.",0.0,0,negativo
18538,"Recebi a cortina, está como pedi, mas ainda não instalei.",1.0,0,negativo
38287,Produto muito bonito e resistente. Recomendo.,1.0,1,positivo
97529,"Super satisfeita com o produto, o atendimento e a logística. Nota 1000! Super recomendo. O produto, a loja e a logística. Parabéns!!!1",1.0,1,positivo
14004,"A única coisa que achei que tem que ser melhorada é a comunicação, deixei vários emails e não responderam nenhum, porque tinha dado um problema na entrega, fiquei muito preocupada, mais feliz chegou!!",1.0,1,positivo
38036,Não chegou,0.0,0,negativo
15922,"Não comprem, loja não está nem ai para o cliente. Comprei dia 11/12/2017. Solicitei o cancelamento em 22/12/2017. Empresa faturou em 08/01/18 e enviou mesmo assim. Entregue em 13/01/18.",0.0,0,negativo
55127,"voces se tornaram corruptos,paguei e ainda nao recebi o produto",0.0,0,negativo
44845,"Até o momento, recebi apenas 1 dos cartuchos, e no pedido foi feito 2 . Estou aguardando a achegado do segundo cartucho , até o momento nada",0.0,0,negativo
13426,"Estou ha mais de 1 mes esperando meu produto, e se quer tem um número pra falar com um atendente das lannister!! Só gravação  NUNCA MAIS",0.0,0,negativo
66958,"entregou antes do prazo previsto, excelente entrega",1.0,1,positivo
45716,"Gostei muito do produto. Ainda não coloquei, mas veio com as cores iguais as da foto.",1.0,1,positivo
38265,Não sei o que houve. Era pra ser entregue o produto até o dia 5 de abril e hoje já é dia 8 e não me entregaram ainda...,0.0,0,negativo
17224,A compra foi fácil de realizar e a entrega foi bem antes da data prevista.,1.0,1,positivo
80877,gostei mt da entrega chegou 2 dias antes,1.0,1,positivo
917,Veio conforme o anunciado simples mais bonita.,1.0,1,positivo
38202,"Produto de qualidade conforme o anunciado. O pedido foi entregue 15 dias antes da data inicial, uma maravilha.",1.0,1,positivo
78849,"Ate hoje não recebi e percebi que deram como se eu tivesse pedido devolução,",0.0,0,negativo
47864,Otimo,1.0,1,positivo
3956,Já faz mais de um mês que estou esperando minha cortina chegar...estou negativando pois vocês ficaram com o meu dinheiro e nao me entregaram nada...,0.0,0,negativo
29240,Bom,1.0,1,positivo
73709,Recebi um relogio falsificado. Vou devolver e quero um original!,0.0,0,negativo
9747,Chegou antes do previsto,1.0,1,positivo
30963,"Dentro das expectativas, conforme anunciado",1.0,1,positivo
36683,Entregou antes do esperado! Ótimo site!,1.0,1,positivo
43269,Produto muito bom. Cumpre o que promete.,1.0,1,positivo
78542,Chegou tudo certinho. Pode comprar sem medo.,1.0,1,positivo
66408,"Minha experiência fui simplesmente a pior possível!!! O produto chegou sim!!! Porém com defeito!!! simplesmente não funcionou. Eu estava me preparando pra próxima compra mais foi decepção total.Zero?",0.0,0,negativo
31403,"Gostaria de agradecer e MT, me deram 15 dias e chegou com 6, exatamente o que queria, espero que manter o ritmo, até a proxima",1.0,1,positivo
60725,"Muito bom, recebi antes do esperado",1.0,1,positivo
6733,Funciona perfeitamente,1.0,1,positivo
72378,Ok,1.0,1,positivo
11244,"Muito bom, e por ser dupla face é muito versátil",1.0,1,positivo
54239,Produto veio incompleto,0.0,0,negativo
75340,O produto chegou no prazo é muito bom 😉,1.0,1,positivo
38215,Eu e minha noiva adoramos!! Grande e lindo!,1.0,1,positivo
46819,"Comprei um adaptador,no ato da compra apareceu que era 16 dias úteis,esperei 1 mês , e nem a nota fiscal me mandaram,,meu pedido era para chegar dia 22...",0.0,0,negativo
52366,"Entrega antes do prazo, produto correto, ótima qualidade.",1.0,1,positivo
72896,Só achei o tamanho do saco menor do que o original que vem no aspirador,1.0,0,negativo
17606,"Que continue assim.  Está ótimo.  Obg.",1.0,1,positivo
519,Muito satisfeito.,1.0,1,positivo
56973,Chegou antes do prazo previsto e em perfeito estado,1.0,1,positivo
93744,Produto conforme anunciado.,1.0,1,positivo
85053,Endereço correto ... porteiro 24h e não entregaram o produto,0.0,0,negativo
18710,Depois dessa compra meu cartão foi clonado. Estou muito chateada!,0.0,0,negativo
56774,"O produto chegou antes do prazo previsto, fiquei satisfeita!!",1.0,1,positivo
38495,A lannister.com é um excelente Site de compras.,1.0,1,positivo
25505,"Quando comprei nao observei que estava no cadastro de meu endereço antigo, enviei mensagem os comunicando e com meu endereço atual, me responderam com rapidez e conseguiram reenviar novamente o mesmo",1.0,1,positivo
40059,Recomendo,1.0,1,positivo
60297,"Entrega antes do previsto, muito bom.",1.0,1,positivo
85726,Nao entregaram o produto e nao entraram em contato para resolver o problema ate o momento.,0.0,0,negativo
46256,Ótimo vendedor,1.0,1,positivo
6227,"Produto chegou antes do previsto, recomendo a todos.",1.0,1,positivo
64851,Produto maravilhoso lindo demais é ótimo custo.entrega antes do prazo previsto.parabens baratheon com esse é o 13 que compro relógios maravilhosos,1.0,1,positivo
84366,Só fico triste por não receber o produto em casa e ter que ir retirá-lo na agência dos Correios.,1.0,0,negativo
25350,Produto entregue além do prazo estimado.,1.0,1,positivo
91909,"Entrega rápida, e gostei muito do creme!",1.0,1,positivo
25201,Paguei por 2 unidades do produto e só recebi uma.,0.0,0,negativo
41731,"Tapete veio com defeito,com uma mancha branca. Pois o mesmo é cinza escuro , e fica bem visível o defeito. Realmente fiquei muito triste com produto que tanto sonha em ter em perfeita condições.",0.0,0,negativo
85314,Comprei duas unidades do produto e entregaram somente uma,0.0,0,negativo
90190,"Ótimo produto e a entrega chegou dentro do prazo previsto, estão de parabéns.",1.0,1,positivo
25685,Envia p Ag.Correio não avisa e vence dt d retirada e pago frete? Ñ é área d risco Marica.Perdeu o cliente (1 pedido) .Após 30 dias avisam q não receberei a compra (2 pedido),0.0,0,negativo
57111,"Ainda não recebi meu produto, esta totalmente fora do prazo de entrega, me sinto lesado",0.0,0,negativo
56511,"Recomendo. Entrega no prazo, preço mais em conta, perfeito. Só acho que poderia ter mais informações sobre o produto no site, na descrição do anúncio.",1.0,1,positivo
15627,"Só recebi uma fronha,eu comprei 2.",0.0,0,negativo
41125,O produto é muito bom e foi entregue bem antes do prazo prometido.,1.0,1,positivo
84498,Produto chegou em perfeito estado e no prazo. Récomendo .,1.0,1,positivo
6114,recomendo,1.0,1,positivo
16723,Eubrecomendo,1.0,0,negativo
17442,Até o momento não recebi o produto.,0.0,0,negativo
66465,"Fiz a compra de 2 controles remotos da Samsung e me entregaram controles falsos. Não recomendo pra ninguém. Propaganda enganosa.",0.0,0,negativo
25144,"O produto veio bem embalado e correto, chegou antes do prazo previsto. Sempre comprei e compro no stark e recomendo.",1.0,1,positivo
87915,Chegou bem antes do prazo,1.0,1,positivo
97858,"não recebi o produto, horrível o atendimento!",0.0,0,negativo
39195,"Ta, de rosca, não chega",0.0,0,negativo
74586,Não recebi o produto,0.0,0,negativo
35708,O produto foi entregue dentro do prazo sem problemas nenhum problema. Recomendo.,1.0,1,positivo
64411,Produto conforme esperado.,1.0,1,positivo
4565,Vendedor não tem controle de estoque,0.0,0,negativo
60486,"O produto veio corretamente. A loja foi rápida e o produto bem embalado, protegido internamente.",1.0,1,positivo
38556,"A entrega chegou bem antes do prazo, super confiável",1.0,1,positivo
10861,"Além do preço ótimo, a entrega estava prevista para abril, e chegou muito antes do esperado!!! Testei a máquina e está tudo nos conformes.  stark, eu indico!!",1.0,1,positivo
72044,O baratheon é o melhor site de todos... Já compro a anos. Muito bom,1.0,1,positivo
1724,"lannister está de parabéns, entrega super rápida.",1.0,1,positivo
83943,lindo caldeirão,1.0,1,positivo
78010,"Só não gostei do prazo para entrega, já ate precisei de outro produto, não comprei por causa disso.",1.0,0,negativo
97608,Muito bom.,1.0,1,positivo
68986,Produto e um pouco difrente da foto mas tudo certo,1.0,1,positivo
28990,entrega foi perfeita ..chegou antes do prazo dado pela loja,1.0,1,positivo
10665,Não recomendo. O produto foi postado muito depois de comprovado o pagamento.,0.0,0,negativo
56177,Só veio a lancheira. Falta a mochiLa,0.0,0,negativo
42829,Produto de boa qualidade,1.0,1,positivo
31793,O produto chegou no prazo correto.,1.0,1,positivo
7955,boa loja,1.0,1,positivo
87241,Não recebi o produto,0.0,0,negativo
2257,"Sempre comprei e não tiver problema, porém dessa vem sim meus produtos não chegou até agora",0.0,0,negativo
46815,Otimo,1.0,1,positivo
51642,"Entregue conforme pedido, e funcionando bem!",1.0,1,positivo
33212,Infelizmente não! A qualidade do produto não agradou.Impressão da foto em exposição remete a um tamanho maior e a recebida sequer atende a uma criança. PRODUTO NÃO JUSTIFICA O VALOR INFELIZMENTE!,0.0,0,negativo
49470,Produto entregue antes do prazo. Excelente!,1.0,1,positivo
50195,Melhor empresa,1.0,1,positivo
25498,Ótimo,1.0,1,positivo
83319,Produto maravilhoso e entrega super rápida!,1.0,1,positivo
86668,"Podem comprar, é de confiança.",1.0,1,positivo
14466,Comparei uma banheira e não recebi no prazo combinado tenho pressa pois meu neto está pra nascer antes de eu fazer a compra eu me certifiquei que iriam me entregar na data certa mais não recebi,0.0,0,negativo
74483,confirmado entregue dentro do prazo.obrigada,1.0,1,positivo
57333,O produto tem um pequeno defeito e eu solicitei a troca. Estou aguardando instruções.,0.0,0,negativo
65943,Show de bola chegou antes do prazo e o aparelho e otimo,1.0,1,positivo
13194,"Muito bom!chegou no prazo certinho e foi muito rápido, adorei!!😍😍",1.0,1,positivo
95619,Achei que o tamanho dela grande mas é média devia deixar isso mais explícito.,1.0,0,negativo
4385,Relógio muito bonito e com um ótimo preço. Prazo de entrega foi bem antes do esperado.,1.0,1,positivo
18618,ótimo produto,1.0,1,positivo
80385,Comprei uma capa para um Note de 14 e recebi uma capa de um Notebook maior. Como faço para receber o produto que comprei?,0.0,0,negativo
87970,"A entrega foi rápida, porém a tampa de uma panela veio cortada. Preciso que façam a troca.",1.0,0,negativo
82347,Exelente produto chegou ate antes do prazo previsto,1.0,1,positivo
90760,"O papel de parede é lindo, supera todas as expectativas. Produto entregue antes do prazo.",1.0,1,positivo
71610,ENTREGA ANTES DO PRAZO.,1.0,1,positivo
36703,Recomendo a loja fui bem atendido.,1.0,1,positivo
25141,"Sempre compro nunca tive problema. As camisas compradas, recebidas e devolvidas foram três maquinetada. Estou no momento escolhendo outras para usar o Vale.",0.0,1,positivo
80652,Já enviei 3 e-mails para a empresa solicitando informações referente a entrega do produto. E até o momento não tive retorno para saber se vão estornar o valor ou entregar o produto.,0.0,0,negativo
29077,O Produto chegou,1.0,1,positivo
25844,"Comprei 2 produtos e recebi 1 caixa com a nota fiscal dos 2 produtos, porém com apenas 1 produto, o mais barato. Mandei email para a loja responsável, mas não obtive resposta...",0.0,0,negativo
18293,"Produto chegou dentro do prazo e muito bonito, chegou embrulhado para presente, até parece que adivinharam que era para presente mesmo!",1.0,1,positivo
32468,"Perfeito em tudo, na entrega e na qualidade do produto! Super recomendo.",1.0,1,positivo
87744,recomendo,1.0,1,positivo
77475,Loja super segura para compras,1.0,1,positivo
299,A,1.0,0,negativo
46736,não recomendado,0.0,0,negativo
15527,"O produto veio faltando,estou aguardando resolver isso ainda,",0.0,0,negativo
12985,"Super recomendo a loja Produto chegou bem antes da data prevista em perfeito estado!",1.0,1,positivo
54436,Comprei seis(6) cadeiras e recebi 4(quatro),0.0,0,negativo
17276,Ok,1.0,1,positivo
97128,Muito bom som potente,1.0,1,positivo
87815,Muito legal chegou antes do prazo e em perfeita ordem,1.0,1,positivo
78466,Chegou antes do tempo em perfeitas condições,1.0,1,positivo
54581,"Produto dentro do esperado  Estampas diversas e bonitas  Ainda não testei para ver se enxuga bem.",1.0,1,positivo
50566,"Produto conforme descrito,entrega bem antes do prazo...",1.0,1,positivo
27815,Produto de pessima qualidade e ainda por cima a cor da foto nao é exatamente a cor da colcha.,0.0,0,negativo
59476,"Empresa que oferece um produto e entrega mais do que o que foi acordado, tende a crescer no mercado. No meu caso a encomenda chegou em dois dias e o prazo era 10. Estou super satisfeito.",1.0,1,positivo
54098,"o suporte pra grelha é bem mais fino e frágil, a cuba tem várias marcas de solda em diversos pontos o que dá aparência de um produto feito em um ferro velho.",0.0,0,negativo
64472,"excelente produto, entrega rápida. recomendo.",1.0,1,positivo
71425,Ainda não recebi o produto sendo que a compra foi feita em com antecedencia,0.0,0,negativo
84329,Produto em perfeitas condições.,1.0,1,positivo
97482,Somente o Frete que acho ainda muito caro,1.0,0,negativo
91448,Comprei o jogo com 3 kits e so recebi 1 kit,0.0,0,negativo
28230,O prazo de entrega era até dia 26/03 e até hoje ainda não recebi o produto e já faz mais de um mês q pedi. Não recomendo,0.0,0,negativo
69262,otimo atendimento,1.0,1,positivo
96293,"O produto veio embalado apenas por um frágil envelope, o que ocasionou o fato da caixa do cartucho ficar totalmente destruída.",0.0,0,negativo
57764,Gostei muito do atendimento nessa minha primeira compra voltarei a comprar mais vezes,1.0,1,positivo
23388,"Em relação a ter uma chave simples como a do Versa e ter uma canivete como esta vale a pena, mais alguns detalhes pegam, a carcaça é de plástico e a indicação de abre fecha é mal impressa e desbota",1.0,0,negativo
90882,"realizo compras a 7 anos, sempre com bom atendimento",1.0,1,positivo
62651,Excelente muito obrigado ótimo produto,1.0,1,positivo
84817,"Confesso q comprei com certa desconfiança, porém o produto é sensacional, atende com eficiência e eficácia!!!",1.0,1,positivo
84334,Ótimo produto. Entrega rápida!,1.0,1,positivo
18171,Roupa de cama de muito boa qualidade. Deixa o quarto lindo.,1.0,1,positivo
92359,BOM ATENDIMENTO,1.0,1,positivo
27955,ótimo serviço,1.0,1,positivo
25540,entrega efetuada antes do prazo previsto.Excelente!,1.0,1,positivo
31855,Entrega rápida.,1.0,1,positivo
80514,"Perfeito igual a foto, Material muito bom.",1.0,1,positivo
59208,"OPTEI PELO stark PELO DIFERENCIAL DE ENTREGA, COLOQUEI O MEU ENDEREÇO OPCIONAL, ONDE TODO MUNDO ENTREGA, PAGUEI PELO FRETE E DEPOIS DE MUITA DESCULPA E ATRASO, TIVE QUE BUSCAR O PRODUTO NO CORREIO",0.0,0,negativo
54034,Produto chegou no prazo certo e tudo conforme combinado. Satisfeito com a compra.,1.0,1,positivo
56484,"Ocorreu tudo dentro do prazo previsto, muito bom",1.0,1,positivo
43630,Entrega dentro do prazo.,1.0,1,positivo
30161,Entrega muito rápida adorei.,1.0,1,positivo
44394,Satisfeita! Tudo conforme o esperado.,1.0,1,positivo
87108,Produto chegou antes do previsto. Muito bem embalado. Com certeza recomendo a loja. E stark é stark né? Uma referência.,1.0,1,positivo
4360,Minha compra venho incompleta. Tá faltando o chicote. Tento liga e só tem gravação não consigo falar com atendente.,0.0,0,negativo
70096,"O produto chegou conforme a descrição do produto, além disso chegou bem antes do previsto.",1.0,1,positivo
34125,Gostei revendedor super rápido entrega muito rápido recebi muito antes do prazo,1.0,1,positivo
51445,"Tudo ótimo o produto, a loja parceira e a entrega. Vou comprar sempre.",1.0,1,positivo
44972,Muito bom,1.0,1,positivo
21880,"O produto é bom, mas tem um cheiro insuportável de cola de sapateiro",0.0,0,negativo
88253,"Não nada a declarar  Não cumpre o que promete",0.0,0,negativo
27427,"Tudo trancscorreu tranquilamente. Excelente serviço.",1.0,1,positivo
52861,bom,1.0,1,positivo
23273,"O produto chegou antes do prazo. Isso é muito bom! Mas tenho uma reclamação a fazer. A embalagem do produto (lata) veio amassada. Não apresentou nenhuma avaria no produto, apenas na embalagem (lata).",1.0,1,positivo
77426,recomendo a loja e o produto,1.0,1,positivo
72792,"ola pessoal nao entendo porque recebi so os tapetes menos as calhas , ate a presente data  vamos solucionar isso o mais rapido possivel",0.0,1,positivo
17364,"lindo produto, superou minhas expectativas, ótimo acabamento.",1.0,1,positivo
83879,A ducha que comprei é o modelo com o desviador flexível. A ducha entregue veio SEM o desviador flexivel. Como devo proceder?,0.0,0,negativo
68342,"O site é seguro, a navegação é ágil, os parceiros, confiáveis, os produtos são honestos e sempre entregam antes do prazo.",1.0,1,positivo
597,Estou muito satisfeita com a minha compra e com o recebimento do produto; dentro do prazo!,1.0,1,positivo
28075,"Tentativa de compra: 3x Cancelada por n motivos. Já reembolsada. Por favor, esqueça que eu existo? Não quero mais receber e-mails ou ligações a respeito!",0.0,0,negativo
19217,lannister e otima,1.0,0,negativo
17314,"Chegou intacto. O porta escova não tem como vc abrir e limpar internamente, é uma peça inteira. Tirando isso que não gostei,atende minhas necessidades.",1.0,1,positivo
30727,o interfone não funciona o que eu faço,1.0,0,negativo
76953,Bom!!!,1.0,1,positivo
42964,Recebi o produto diferente do que foi adquirido e não consegui contato com a loja por nenhum meio .,0.0,0,negativo
21419,"Produto que eu esperava , entrega antes do prazo muito bom",1.0,1,positivo
5766,Tudo certo,1.0,1,positivo
9116,"produto veio errado, fiz todo processo para fazer a troca. me deram 2 dias para me responder e nada. liguei e pediram para esperar. amanhã vence o prazo pra devolver ou trocar. vão me obrigar a ficar",0.0,0,negativo
13295,"Já sou cliente da americana a muito tempo, Sempre foram eficiente tanto na venda como na entrega, e desta vez não foi diferente  Estou muito satisfeito obrigado americana.",1.0,1,positivo
34121,"Pessimo! Comprei 3 rolos de papel de parede de um mesmo modelo, só chegou 1 na caixa, sem Nota Fiscal e a embalagem do papel está com o lacre violado e sem etiqueta de identificação do produto!",0.0,0,negativo
44949,"Recomendo sim, a loja está de parabéns produto maravilhoso. Estou satisfeitíssima !!!",1.0,1,positivo
91020,Chegou no dia seguinte!!!,1.0,1,positivo
7514,Produto entregue dentro do prazo e perfeitas condições,1.0,1,positivo
15051,Loja muito boa de compra nunca vi uma entrega tão rápida....,1.0,1,positivo
45884,Atendimento péssimo das lojas lannister tambem. Produto incompleto.nao merece nenhuma estrela.,0.0,0,negativo
11911,Ótimo,1.0,1,positivo
84881,Transportador não entregou o produto,0.0,0,negativo
1349,Gostei muito do produto. Entrega muito rápida.,1.0,1,positivo
69793,"NÃO FOI O PRODUTO QUE ESCOLHI. EU PEDI, FUI MUITO CLARO, BARALHO KEM COM NAIPES GRANDES E VEIRO COM NAIPES PEQUENOS. COMO FAÇO PARA DEVOLVER? OU O NÚMERO DO TELEFONE DO OUVIDOR?",0.0,0,negativo
11733,"Recebi o produto no tempo determinado, sem nenhum problema e produto de ótima qualidade.",1.0,1,positivo
31615,veio faltando uma carteira e querendo saber como vai fica,0.0,0,negativo
84950,"Preciso do produto ,não foi entregue ainda ,só está demorando um pouco . Sem comentários ainda .",0.0,0,negativo
28413,"Excelente produto, entrega no prazo, super recomendo",1.0,1,positivo
36419,"Chegou antes do prazo esperado, produto de qualidade, ótimo preço. Recomendo.",1.0,1,positivo
42729,Estou aguardando o retorno para estorno do valor e devolução do produto errado,0.0,0,negativo
29617,"SERVIÇO EXCELENTE, MERCADORIA ENTREGUE ANTES DO PRAZO INFORMADO",1.0,1,positivo
32640,"Comprei uma capa pet para carro e uma guia dupla, recebi apenas a guia dupla!! Estou idignada e chateada!! Que falta de atenção é essa... ja fiz protocolos de reclamação e ninguem me retorna nada.",0.0,0,negativo
74648,"Adorei! Estou feliz com o atendimento, o serviço prestado e o produto é ótimo.",1.0,1,positivo
50973,"O produto funciona corretamente, aquece bem e é indicado para microeletrônica uma vez que a ponteira é bem fina. Quanto ao prazo, chegou em 1 semana e estou no nordeste.",1.0,1,positivo
39536,Produto entregue rapidamente e corretamente!! Muito satisfeita com a compra Obrigada!,1.0,1,positivo
74309,"Impressionada com a agilidade na entrega. Recomendo de verdade, sem contar no preço, pois estou de olho nesse produto à meses e agora que o preço baixou pude adquiri-lo para organizar meus esmaltes.",1.0,1,positivo
87327,Produto pago a vista e não foi entregue,0.0,0,negativo
8761,Muito bom obrigado,1.0,1,positivo
61208,Excelente produto.,1.0,1,positivo
32170,"Ótimo produto, chegou antes da data prevista.",1.0,1,positivo
68543,Produto bom e entregue no prazo. Parabéns lannister e empresa terceirizada. Bela parceria.,1.0,1,positivo
98354,Satisfeita,1.0,0,negativo
91869,Ótimo antendimento e entrega sem nenh problema,1.0,1,positivo
66944,Òtimo produto... chegou antes do prazo,1.0,1,positivo
26839,"Os kit é muito cheiroso, vieram muito bem embalados e protegidos! Parabéns mais uma vez pela entrega dentro do prazo.",1.0,1,positivo
4011,Bom,1.0,1,positivo
18283,muito bom,1.0,1,positivo
65988,Fiquei indignado por que vendeu,1.0,0,negativo
93049,"parte do produto foi entregue, falta um relogio, embora nesse email conste que foram entregues os tres que fazem parte do pedido.A nota fiscal tb consta apenas dois relogios",0.0,0,negativo
26413,A entrega foi super rápida. Produto lindo e de excelente qualidade! Recomento!,1.0,1,positivo
6615,fiquei muito satisfeita o produto e bom excelente qualidade ... ficou lindo no quarto de meu filho .,1.0,1,positivo
75263,"Produto entregue dentro do prazo, em ótimo estado, conforme o esperado!",1.0,1,positivo
82846,Excelente o atendimento.,1.0,1,positivo
53169,Eu recebi mas nao vi q o acabamento era de plastico muito fino,1.0,0,negativo
36105,Cumpriu tudo que foi acordadeo.,1.0,1,positivo
80916,"Produto chegou antes do prazo de entrega, e o notebook é bem bonito.",1.0,1,positivo
5506,tudo perfeitinho,1.0,1,positivo
76146,Adoro comprar na lannister so preciso de um cartão para dacilita mas,1.0,0,negativo
30437,Ok,1.0,1,positivo
87500,Otima,1.0,1,positivo
52615,"Comprei duas cortinas , porém só chegou uma , quero saber o que aconteceu , entro no site da lannister e só diz atrazo no envio dessa mercadoria porém da como pedido entregue! Mentira !",0.0,0,negativo
56296,"Gostei muito do produto, recomendo!",1.0,1,positivo
39361,"Satisfeita com o produto,obrigada!",1.0,1,positivo
74549,Excelente,1.0,1,positivo
67207,Nota dez,1.0,1,positivo
56110,"Comprei a mochila em janeiro, acompanhei status de transporte até 31/01/2018, com previsão de entrega para 14/02/2018 e simplesmente ontem no site o status era de cancelamento do pedido.",0.0,0,negativo
97041,Bon atendimento. Bom produto,1.0,1,positivo
9901,Pedir skate masculino veio feminino,0.0,0,negativo
94650,"Efetuei a compra, já passou a data provável da entrega e até o momento não recebi o produto e nem um parecer da loja. Necessito do produto com para meu trabalho. Verdadeiro descaso com o consumido",0.0,0,negativo
32287,O produto atende as necessidades. Produto fácil de manuseio.,1.0,1,positivo
89365,Produto entregue antes do prazo em ordem perfeito recomendo lannister e seus parceiros de parabéns obrigado,1.0,1,positivo
85574,lannister sempre recomendo,1.0,1,positivo
19362,"Infelizmente, o produto veio errado. Pedi chocolate e veio chocolate amargo. Mas o produto é excelente.",0.0,0,negativo
66920,O canguru deveria vir com instruções de como utilizar as outras posições.,1.0,0,negativo
58141,Entregue até antes do prazo.,1.0,1,positivo
393,"O pedido chegou antes do combinado, muito bom.",1.0,1,positivo
67675,No meu status consta como cancelado ( pois solicitei ). Mas não consigo rastrear e nem contato com o baratheon pra saber como proceder. Não consta vale mas minha compra foi paga.,1.0,0,negativo
76538,Achei a pulseira um pouco fraca. Mas fora isso ele é um produto bom sim. Levinho que nem sente estar de relógio.,1.0,0,negativo
21834,"Produto muito bonito, chegou antes do prazo recomendo.",1.0,1,positivo
40448,"Excelente atendinento, presteza e rapidez na entrega, produto conforme anunciado.",1.0,1,positivo
92480,Recomendo,1.0,1,positivo
17583,Produto entregue antes da data. Recomendo.,1.0,1,positivo
2452,o cabo não funcionou em nenhum dos meus dispositivos mesmo confirmando a compatibilidae,0.0,0,negativo
82082,até agora não sei a onde foi parar meu produto,0.0,0,negativo
71564,"A bolsa chegou rápido, apesar de eu ter q ir buscar em uma agência dos correios próxima de casa. É bem grande e linda, só as alças que deixaram a desejar, poderiam usar outro material pra alça",1.0,1,positivo
61315,Os produtos que me mandaram foram replicas do que eu solicitei. Produtos de péssima qualidade!!!,0.0,0,negativo
56442,"Não consigo contato com o 0800, enviei mensagem comunicando mas não me responderam.   Produto com defeito",0.0,0,negativo
77792,"Vendedor ótimo! Produto excelente, entrega antes do prazo",1.0,1,positivo
3732,Loja muito boa o produto foi entregue antes do prazo,1.0,1,positivo
97377,"Gostei muito do produto,panos de prato lindíssimo",1.0,1,positivo
15124,"Produto bom.  Super recomendo a todas as mulheres.  baratheon a loja nota dez.",1.0,1,positivo
86148,Entregue dentro do prazo e tudo certo!,1.0,1,positivo
14565,Tudo certo conforme descrito,1.0,1,positivo
44046,Bom,1.0,1,positivo
15464,Entregue antes do prazo. Recomendo,1.0,1,positivo
23094,"Péssimo. produto consta como entregue e não recebi o produto.Não existe um tel. p/ falar com um atendente só um robô do outro lado da linha,48 horas úteis p/ uma resposta é muita coisa .",0.0,0,negativo
88581,Produto chegou antes do prazo,1.0,1,positivo
12370,"O relógio é bonito o material é um pouco duro, mas é bakana",1.0,1,positivo
71702,Paguei por dois itens e só veio um.,0.0,0,negativo
28916,A loja não entregou o produto e nem informou sobre o andamento. Esperei pelo prazo informado e solicitei cancelamento. Recebi um vale que serei obrigada a utilizar na loja. Faltou respeito.,0.0,0,negativo
74318,"Adoro comprar com vocês, continuem assim",1.0,1,positivo
27141,O PRODUTO VEIO COM DEFEITO E NÃO CONSIGO CANCELAR,0.0,0,negativo
26746,Adorei. Chegou bem antes do que o prazo de entrega.,1.0,1,positivo
22787,"Estou muito feliz com o produto escolhido por mim,A entrega foi dentro do prazo, o produto veio em perfeita condições...tudo muito lindo,adorei....",1.0,1,positivo
62811,Recomendo - tudo ocorreu perfeitamente.,1.0,1,positivo
33210,otímo,1.0,0,negativo
88286,Ainda não abri,1.0,0,negativo
49710,"produto chegou correto , recomendo",1.0,1,positivo
67293,Muito bom ótimo,1.0,1,positivo
33833,vei faltando uma peca do suporte e nao consigo monta-lo,0.0,0,negativo
60890,show.,1.0,0,negativo
2787,Excelente atendimento e rapidez na execução da entrega.,1.0,1,positivo
10033,No anuncio mostra 9 peças tudo mentira eles contam com o recheio dos travesseiroseus e almofadas que por sinal é de péssima qualidade pedaços de espuma picadas horrível péssimo,0.0,0,negativo
49037,"Produto conforme a descrição do anúncio e entregue dentro do prazo. Estou muito satisfeita.",1.0,1,positivo
72216,Foi dentro do prazo não tive nenhum problema,1.0,1,positivo
37178,Muito bom,1.0,1,positivo
92565,Um absurdo falaram que até dia 10/04 séria entregue mas até agora nada. E já está pago faz tempo meus pedidos...,0.0,0,negativo
37593,"bem afiada, cortou bem",1.0,1,positivo
14372,Entregue bem antes do prazo.. Super recomendo!!!,1.0,1,positivo
79072,"Até o momento nem recebi o produto nem mesmo o dinheiro de volta já tentei por várias vezes receber o dinheiro de volta, contudo me deparo com o problemas no site quando tento preencher o formulário.",0.0,0,negativo
47038,"Muito bom de alta qualidade, superou minhas expectativas",1.0,1,positivo
18409,"Não foi entregue a totalidade da nota, comprei dois vasos e só recebi um e na nota constam dois ou foi erro de expedição ou não sei. Já reclamei com voces e até agora não tenho solução. Atenciosamente",0.0,0,negativo
86681,ocorreu tudo bem,1.0,1,positivo
68753,"O produto é bom, porém imaginava que fosse maior..",1.0,0,negativo
91689,"Produto muito bom, recomendo.",1.0,1,positivo
73780,"Qualidade duvidosa do produto, uso esse perfume há mais de 2 anos mas é a primeira vez que adquiro um de fixação e cheiros muito ralos, seria bom ter alguma garantia de autenticidade.",0.0,0,negativo
47306,"O pedido (como sempre acontece quando compro no stark) chegou antes do prazo final, produto bem embalado. Gostei muito",1.0,1,positivo
53672,"Muito bom? entregar antes do prazo,",1.0,1,positivo
17383,"O relógio é lindo demais e com uma ótima qualidade, chegou bem antes do prazo !!",1.0,1,positivo
69791,"Entrega conforme o combinado e antes do prazo, excelente!",1.0,1,positivo
27076,Recomendo,1.0,1,positivo
92914,Atendimento rápido,1.0,1,positivo
26753,"Adorei, era do tamanho que precisava.",1.0,1,positivo
50080,"O produto recebido era falso. Nao veio na embalagem razer, veio numa sacola que estava rasgada. E é falso. O contato usb esta todo arranhado, o programa razer nao reconhece o dispositivo .",0.0,0,negativo
53824,"Só recebi um dos dois produtos, mas até agora tudo ocorreu bem",1.0,1,positivo
34036,GOSTEI MUITO,1.0,1,positivo
27624,"Já uso esse produto há um bom tempo, sempre faço pesquisa de preços e acabo comprando na lannister, e entrega é super rápida.",1.0,1,positivo
52063,Recebi só o colorido.,0.0,0,negativo
59685,Produto de ótima qualidade amei eu recomendo,1.0,1,positivo
63708,Conforme esperava. Chegou antes do prazo,1.0,1,positivo
59280,Bom,1.0,1,positivo
58738,Produto entregue no prazo. Gostei muito do relógio. Recomendo!,1.0,1,positivo
73787,"O produto nao foi entregue pois no endereço constava numero 171 e na realidade é o 170, isto não justifica a nao entrega,",0.0,0,negativo
81914,"As três empresadas associadas da targaryen estão de parabéns! Entregaram os produtos bem antes do prazo, e já estou degustando um cafezinho moído na hora, preparado na prensa francesa!",1.0,1,positivo
70615,"Se o produto não chegou, como pode ser obrigatório o preenchimento da avaliação geral ou se eu recomendo a loja?! Piada né?!",0.0,0,negativo
12369,Muito demorado!,0.0,0,negativo
11223,"O erro foi meu, observei no acompanhamento do produto que houve a entrega. mas o endereço estava errado.",1.0,0,negativo
11145,Não chegou,0.0,0,negativo
59711,Muito bom. Produto entregue bem antes do prazo. Estou muito satisfeito.,1.0,1,positivo
66984,Faltou a nota fiscal,1.0,0,negativo
18707,SEMPRE GOSTEI DAS LOJAS AMERICAS,1.0,1,positivo
50277,Pedido atendido corretamente.grata.,1.0,1,positivo
54245,"Satisfeita com a compra, entrega e qualidade, parabéns a toda equipe envolvida!!!",1.0,1,positivo
43151,"Excelente loja, e excelente produto.",1.0,1,positivo
1257,Não recebi o produto,0.0,0,negativo
96436,"O produto foi entregue antes do prazo,e de ótima qualidade!!",1.0,1,positivo
61764,Sem opinião não precisa vocês estão de parabéns,1.0,0,negativo
97007,Entrega antes do prazo...nota mil,1.0,1,positivo
38675,0,1.0,0,negativo
14969,Muito ótimo!!! Super recomendo,1.0,1,positivo
61738,"Produto entregue correto, antes do prazo estipulado. Satisfeito.",1.0,1,positivo
6573,Segunda vez que compro com esta empresa e me encontro satisfeito com atendimento e entrega (antes do prazo mencionado).,1.0,1,positivo
44403,"Fiquei bem chateado, estalou esperando meu produto até agora e fico sabendo que está em cancelamento do pedido. Queria muito o produto é agora estou triste e com uma má impressão da loja!",0.0,0,negativo
76074,Recebi apenas 1 fraco de 2 comprados. Aguardo o envio do faltante.,0.0,0,negativo
80102,Recomendo,1.0,1,positivo
28160,Comprei gostei e vou comprar outra agora 220 chegou bem antes do prazo parabéns,1.0,1,positivo
12784,muito bom o produto,1.0,1,positivo
11454,"Como sou cliente, minha satisfação só aumenta. Grata a toda equipe.",1.0,1,positivo
61295,"Não recomendo, atraso na entrega da mercadoria! Se querem evitar for dr cabeça não comprem!",0.0,0,negativo
25732,"Produto de qualidade, perfeito, gostei.",1.0,1,positivo
20207,Muito bom!,1.0,1,positivo
48897,"Recebi antes do prazo, o produto ótimo recomendo",1.0,1,positivo
9067,Rápido,1.0,1,positivo
34485,muito bom,1.0,1,positivo
8866,Produto veio perfeito e antes do prazo de entrega.,1.0,1,positivo
68773,Comprei em um dia e já recebi no dia seguinte.,1.0,0,negativo
90461,"chegou no prazo ,produto bom",1.0,1,positivo
7193,gostei,1.0,1,positivo
45969,O prazo de entrega finalizou e nao recebi o produto,0.0,0,negativo
99792,Produto entregue no praxo estabelecido.,1.0,1,positivo
64220,Excelente vendedor. Recomendo.,1.0,1,positivo
778,Boa qualidade e preço.,1.0,1,positivo
8043,OTIMO PRODUTO,1.0,1,positivo
86779,Recebi apenas um cobertor de casal. O de solteiro não é a mercadoria foi deixado do lado de fora de casa sem ninguém que receber.,0.0,0,negativo
54037,"Pela 1ª vez, usei lannister.com, e estou um pouco decepcionada. Aguardando a entrega ainda por esses dias.",0.0,0,negativo
84077,o produto foi enviado dentro do prazo!,1.0,1,positivo
4715,Entrega rápida e produto muito bom!!,1.0,1,positivo
89037,"Achei o produto muito bom,recomendo",1.0,1,positivo
30056,Recomendo,1.0,1,positivo
23640,Produto de qualidade! Consegui organizar todos os livros da minha filha! Ficou lindo! Preço bom! Entrega dentro do prazo!,1.0,1,positivo
25348,Tudo certo e rápido!!!!,1.0,1,positivo
33951,"Produto original de qualidade muito bem embalado, chegou antes do prazo.",1.0,1,positivo
5546,"Boa noite,  Fui verificar o andamento do produto e visualizei no email que o produto havia sido entregue, sendo que não recebi nada. Aguardo resposta. O que está havendo afinal ?",0.0,0,negativo
40259,"como sempre produtos suber bem embalados ,entrega ate antes do prazo tudo perfeito super recomendo o baratheon",1.0,1,positivo
66876,Minha primeira compra veio certinho.,1.0,1,positivo
31640,Foi td MT bom.Recomendo,1.0,1,positivo
67348,Veio com a película quebrada,1.0,0,negativo
18517,Não recebi o produto ainda.,0.0,0,negativo
22579,Entrega muito rápida parabéns,1.0,1,positivo
50815,"O produto foi comprado no começo do mês, estava quase completando a data de entrega e a empresa não tinha nem gerado a NF quanto mais entregar o produto. Por isso cancelei o pedido e quero a devolução",0.0,0,negativo
62305,Produto entregue antes do prazo.,1.0,1,positivo
29477,"Más ja cancelei.  Poderia desfazer o cancelamento por favor",1.0,0,negativo
9285,Muito bom produto,1.0,1,positivo
204,nada a declarar,1.0,0,negativo
29039,Recomendo. Chegou no prazo.,1.0,1,positivo
73308,"Entregue corretamente, amei a encomenda.",1.0,1,positivo
12966,"Tive problema com os correios que não foram entregar, depois inventaram que tentararam 3 vezes sem sucesso. Tanto é mentira que me mandaram uma carta dia 16/01 notificando retirar até 15/01, pode?",1.0,0,negativo
77341,produto de otima qualidade,1.0,1,positivo
87370,"gostei do produto e recomendo de ótima qualidade, muito bom mesmo, obrigado pela atenção.",1.0,1,positivo
14512,"O produto é simples,de acordo com a imagem e com o preço pago.Obrigada.",1.0,1,positivo
90593,"Além de ser um belo copo, chegou bem rápido, mas poderiam mandar para um correio mais proximo.",1.0,0,negativo
66793,"O produto veio conforme a descrição, mas um pouco machucado, com manchas. O produto veio embalado em uma camada de papel kraft.",1.0,0,negativo
20865,"Poderia ser melhor apenas na questão de pagamento tivemos um imprevisto que demoraram duas semanas para identificar minha transferência bancária, mas tudo resolvido.",1.0,0,negativo
96105,Chegou na data informada estou satisfeita com o produto,1.0,1,positivo
98573,"produto muito bom, estou satisfeito e recomendo a todos",1.0,1,positivo
15824,Como estou acostumada a comprar pelo baratheon .. achei a entrega de seu parceiro muito demorada .,0.0,0,negativo
6757,Entrega rápida e produto conforme anunciado.,1.0,1,positivo
75817,Ótimo produtos.,1.0,1,positivo
23788,"Gostei muito de comprar na targaryen, pq entregam dentro do prazo.",1.0,1,positivo
40397,"No site diz que foi entregue, mas não recebemos o produto!",0.0,0,negativo
23075,produto não é bom,0.0,0,negativo
83171,Na foto o produto e um e Na hora que o produto chegou e totalmente diferente .,0.0,0,negativo
65025,"Foi rápido a entrega, produto dentro das expectativas esperadas!",1.0,1,positivo
16992,"ótima entrega, produto entregue antes da data prevista",1.0,1,positivo
90166,O produto chegou antes do prazo e de excelente qualidade.,1.0,1,positivo
59768,Foi entregue corretamente,1.0,1,positivo
70649,Loja não é confiável,0.0,0,negativo
87571,Chateada com a demora! Sempre compro da lannister e isso nunca tinha acontecido,0.0,0,negativo
79896,"A loja sempre informava sobre o status do produto, ele chegou co momento quase 1 semana de antecedência e ainda veio um brinde de decoração de aquário",1.0,1,positivo
78050,Entrega feita com sucesso,1.0,1,positivo
13375,"Comprei 2 cartuchos e entregaram apenas 1 deles. Esta unidade está disponível para ser devolvida. Preciso do reembolso do valor correspondente",0.0,0,negativo
30615,Gostei muito...,1.0,1,positivo
47868,Muito boa loja. Produto dentro do esperado.,1.0,1,positivo
4331,super recomendo produto entregue antes do pazo previsto,1.0,1,positivo
54915,Produto bem embalado chegou no prazo estabelecido,1.0,1,positivo
17036,"Embalagem do produto totalmente descuidada, produto delicado sem nenhum tipo de proteção.",0.0,0,negativo
23615,Qualidade muita boa!,1.0,1,positivo
6648,Super iuuupi,1.0,0,negativo
6764,Recomendo o Site e o produto para todos aqueles que estão pensando em adquirir.,1.0,1,positivo
85044,Entregue no prazo e com tudo certinho. Nota 10!,1.0,1,positivo
70408,Vendedor atendeu todas as espectativas.,1.0,1,positivo
37471,Gostei atendimento e a mercadoria chegou antes do prazo combinado.,1.0,1,positivo
58554,"Tudo nos conformes, entrega muito rápida!Estou satisfeito.",1.0,1,positivo
39848,Produto dentro das espectativas,1.0,1,positivo
40499,"Ate o presente momento não recebi o produto,estava com o prazo de entrega dia 03/02/2018, estou no aguardo , e poderiam ser mais eficientes.",0.0,0,negativo
82931,"O relógio é menor do que eu esperava, mas desperta alto do jeitinho que eu precisava, só consigo acordar com ele. Chegou antes do prazo, que era de 1 mês. Ele demorou uns 10 dias para chegar.",1.0,1,positivo
1934,Rápido ainda veio com um brinde! top,1.0,1,positivo
97843,Não posso dizer nada Ainda,1.0,0,negativo
43790,Boa,1.0,1,positivo
94558,Entregou bem antes do prazo. Tudo certinho.,1.0,1,positivo
79852,Tudo ok,1.0,1,positivo
15919,"Funcionou perfeitamente. Leve e fácil de usar. Cabo bastante longo com ganchos para prender ao guardar. Três tipos de bicos de aspirações. Pára em pé, que facilita guardar.",1.0,1,positivo
59192,Muito Bom recomendo!!!,1.0,1,positivo
51598,Muito bom,1.0,1,positivo
67108,Dentro do esperado.,1.0,1,positivo
29627,Entregou antes do prazo muito bom.,1.0,1,positivo
71555,Atingiu todas as expectativas.Parabéns,1.0,1,positivo
68331,Compro varias vezes da lannister.com. Sempre satisfeito,1.0,1,positivo
84959,Produto e entrega acima das minhas expectativas.,1.0,1,positivo
18916,"Envio rapido, produto conforme descrito no anuncio.",1.0,1,positivo
80674,certinho,1.0,1,positivo
77120,Empresa de confiança.,1.0,1,positivo
58680,Otimo atendimento,1.0,1,positivo
7814,Muito bom,1.0,1,positivo
90947,bom,1.0,1,positivo
26111,"Achei muito fino o tecido a costura e muito simples, sei lá parece feito em casa, a almofada que veio estava com uma linha grande no acabamento, tive que cortar. Não gostei.",0.0,0,negativo
64694,"O produto não foi entregue, só as notas fiscais. Estou esperando uma resposta.",0.0,0,negativo
50876,Ainda não recebi o produto que esta parado em São Gonçalo desde do dia 29/03/2018.,0.0,0,negativo
57142,Entregue antes do prazo. Mto bem embalado. Adorei.,1.0,0,negativo
83812,Ótimo,1.0,1,positivo
86889,Tudo certo com o produto,1.0,1,positivo
31275,Bom produto!,1.0,1,positivo
26878,"Cortina bonita, Boa qualidade. Chegou no prazo estipulado",1.0,1,positivo
11904,"PEDIDO APROVADO DIA 06/10, POR DEMORA CANCELAMENTO DO PEDIDO NO DIA 17/10 E MESMO ASSIM MANDAM A MERCADORIA. ESTOU TENTANDO, DESDE O DIA 20/10 CONTATO VIA stark MAS NÃO OBTENHO RESPOSTA/RETORNO.",0.0,0,negativo
80470,"Comprei lustres que estão ilustrados na foto, preto e dourado,não foi o que recebi, recebi preto e bege. LAMENTÁVEL!! isso e enganar o consumidor.",0.0,0,negativo
78108,Comprei 5 produto e paguei 5 frete é um abisurdo tinha que ser um frete.....,1.0,0,negativo
5342,Pronto atendimento.,1.0,1,positivo
60944,Já fiz várias compras nas lannister. Tenho total confiança em comprar pela internet nas lannister. Recebi os produtos sempre em perfeitas condições e as entregas foram logo no início dos prazos.,1.0,1,positivo
10118,Recomendo sim a loja.,1.0,1,positivo
10651,Muito bom comprar neste site.,1.0,1,positivo
61054,"Ótimo produto, entregue antes do prazo.",1.0,1,positivo
41230,"O produto chegou com a tampa quebrada, de quem é o prejuizo?",0.0,0,negativo
74451,"O unico senão de tudo é que o frete foi cobrado como se fosse duas entregas e foi tudo enviado em um só volume, pelos correios isso tende a reduzir um pouco o frete total. No mais tudo em ordem.",1.0,1,positivo
38343,"Cortina linda,material maleavel me surpreendi",1.0,0,negativo
39736,Recomendo esse fornecedor,1.0,1,positivo
75134,"Até o momento não recebi a mercadoria, o prazo já excedido e muito!",0.0,0,negativo
27664,Produto de qualidade excelente. Design exuberante. Ótimo...,1.0,1,positivo
81193,"Gostei do produto Chegou antes do prazo definido Excelentes condições",1.0,1,positivo
20709,Ótimo perfume. Bom vendedor,1.0,1,positivo
70258,"VEJO UM EXCELENTE DESEMPENHO EM ATENDER E DE SATISFAZER SEUS CLIENTES,PORTANTO A NOTA PARA O VENDEDOR É 10.",1.0,1,positivo
49994,Adorei,1.0,1,positivo
67009,Até o momento não recebi o que comprei .E essa bolsa e pra meu filho levar pra faculdade com a marmita.transtorno total .marmita chegou e a bolsa não.,0.0,0,negativo
61971,"Enviado tudo super embaladinho, bem cuidadoso. Material de otima qualidade",1.0,0,negativo
73573,O produto ainda não foi entregue.,0.0,0,negativo
42812,"O produto foi entregue corretamente, porem senti falta de informações sobre as dimensões do produto.",1.0,0,negativo
82106,Produto deveria está dentro de uma caixinha ou coisa parecida,1.0,0,negativo
93585,10!,1.0,0,negativo
79115,Envio rápido e produto muito bem embalado,1.0,1,positivo
66893,Por enquanto insatisfeita.,0.0,0,negativo
66871,olha as toalhas nao sao o que eu esperava achei muito abaixo da qualidade que eu esperava,0.0,0,negativo
72898,Não recebi o produto da targaryen e já foi debitado do meu cartão de crédito. Quero meu dinheiro de volta !,0.0,0,negativo
18323,ADOREI FICOU MUITO LINDO NA MINHA COZINHA!,1.0,1,positivo
75121,muito bem atendildo!,1.0,1,positivo
86066,"Houve um problema de comunicação entre os e-mail enviados e s/ a entrega em separado sem aviso. mas no final recebi tudo certo e no prazo. Assim sendo, recomendo e compraria novamente",1.0,1,positivo
10232,Não estou com o produto em mãos!,0.0,0,negativo
20264,"O produto não foi entregue, razão pela qual afirmo que não foi cumprido o acordado. Não recomendo está empresa. Por fim desde já solicito a devolução do valor pago devidamente corrigido.",0.0,0,negativo
40442,EQUIPE ESTÁ DE PARABÉNS!!!,1.0,1,positivo
97991,"Junto com a Netshoes, as Melhores Lojas On-Line",1.0,1,positivo
18611,Não tinha mais a cor que eu tinha comprado e a moça entrou em contato comigo para perguntar se poderia enviar de outra cor. Muito atenciosa. Recomendo.,1.0,1,positivo
40909,Tudo conforme combinado,1.0,1,positivo
919,Produto condiz com o anúncio,1.0,1,positivo
17675,"Produto preto, reembalado na caixa de um branco. Muito amassado no fundo em um modo que qlr um perceberia, não estabiliza. Caixa em perfeito estado, foi amassado antes de ser entregue aos correios.",0.0,0,negativo
23541,"Estou responsabilizando as Lojas lannister pelo atraso, porque não comprei da targaryen, e sim das Lojas lannister. Aguardo providências das Lojas lannister para resolver o problema. do atraso.",0.0,0,negativo
15741,muito obrigada pelo atendimento,1.0,1,positivo
2530,Bom é confiável,1.0,1,positivo
51583,Bom,1.0,1,positivo
58705,Não recebi o produto Relógio Feminino de Pulso Hello Kitty Infantil Adulto Rosa Bebê que veio faturado na NOVA junto com o Mp3 também da Hello Kitty.,0.0,0,negativo
54129,"Ainda não fiz a instalação, mas creio que não haverá problemas , mesmo quem Vendeu ter sido terceiros, o frete foi super rápido , obrigado lannister.",1.0,1,positivo
16969,CHEGOU NO PRAZO CERTO TUDO EM PERFEITAS CONDIÇÕES SÓ PEDI A DEVOLUÇÃO DO PRODUTO PORQUE MINHA IMPRESSORA ESTRAGOU E O MESMO NÃO TERIA NENHUMA UTILIDADE PARA MIM MAS RECOMENDO SIM,1.0,0,negativo
92928,Recomendo.,1.0,1,positivo
35816,Loja eficiente,1.0,1,positivo
94559,Excelente,1.0,1,positivo
86320,Eu recomendo,1.0,1,positivo
35020,Tudo perfeito,1.0,1,positivo
96681,O colar que eu recebi é completamente diferente. Odiei.,0.0,0,negativo
73743,"Não gostei! Já usei esse perfume outras vezes e ele é maravilhoso ótima fixação porém esse que recebi, com uma hora de uso vc já não sente mais nada . Se possível gostaria que fosse feito a troca",1.0,0,negativo
37298,Produto chegou antes do prazo... rastreamento sempre atualizado,1.0,1,positivo
96643,otima,1.0,1,positivo
76489,"Logística ótima entregue antes do prazo previsto, estou satisfeito.",1.0,1,positivo
59778,Muita demora e nenhuma informação!,0.0,0,negativo
73389,Excelente!,1.0,1,positivo
82752,"Estou aguardando uma resposta, pois minha entrega foi entregue parcialmente, esta faltando uma luminária.",0.0,0,negativo
20738,jogaram a mercadoria nos correios e tive que me virar para ir busccar,0.0,0,negativo
21716,O produto veio embrulhado numa embalagem inapropriada e com isso o pote do chá acabou ficando danificado durante o trajeto. Quando abri a embalagem o chá estava todo derramado,0.0,0,negativo
17742,"Produto lindo, ótimo material, muito feliz com minha compra!!!",1.0,1,positivo
43414,Eu comprei uma bicicleta GTS M1 só que veio outra bicicleta fora que o canote não entra no quadro o quadro veio riscado e totalmente diferente do produto que adquiri eu só vou recomendar a loja,1.0,0,negativo
22204,Mto bom. Chegou antes do prazo.,1.0,1,positivo
17590,Chegou até antes da data! Adorei tudo inteiro em perfeito estadom..obrigada!,1.0,1,positivo
57597,"Recebi o produto tudo certo. Recebi em 10 dias úteis. Estou super satisfeito.",1.0,1,positivo
99163,Compra realizada 40 dias atrás e produto não recebido até hoje.,0.0,0,negativo
59563,Gostei muito das bolsas veio engual as da foto amei muito obrigada pela qualidade Material muito bom,1.0,1,positivo
2752,Sem nenhuma ocorrência. tudo dentro do programado.,1.0,1,positivo
65357,"Superou nossas expectativas, mochila linda , bem espaçosa. Super recomendo a mochila é top!",1.0,1,positivo
47967,Excelente produto e entrega no prazo.,1.0,1,positivo
19614,Sempre compro na lannister mas dessa vez demorou muito a me entregarem e fiquei mais triste pq comprei o presente dos meus sobrinhos para o Natal e não pude dar no dia eles ficaram muito chateados,0.0,0,negativo
30153,Recomendo o produto e a loja. Parabens!,1.0,1,positivo
37332,PRODUTO ENTREGUE ANTES DO PRAZO.,1.0,1,positivo
21181,"Meu produto não foi entregue ainda, espero que seja!",0.0,1,positivo
36599,Ótimo!,1.0,1,positivo
40755,"Adquiri o produto no dia 20/01 e ainda não recebi. No rastreamento dos correios, informa que o endereço está incorreto, entretanto, está correto. Cobrei uma solução e não tive retorno da targaryen",0.0,0,negativo
24480,"entrega rápida, material entregue na data.",1.0,1,positivo
10392,"Parece que o produto não foi testado antes de sair da loja, tempo de espera perdido, produto defeituoso.",0.0,0,negativo
9546,excelente produto c respondeu a minha expectativa.,1.0,1,positivo
46297,Execente,1.0,0,negativo
3665,"Foi entregue apenas um dos produtos que eu comprei, sendo que falta mais um a ser entregue e o codigo pra rastrear diz que ja foi encerrado",0.0,0,negativo
12575,"Excelente recebido dentro do prazo  Produto normal sem avarias Conforme pedido chegou",1.0,0,negativo
67399,"Ótimo produto, superou minhas expectativas.",1.0,1,positivo
53450,O produto foi entregue antes do prazo. O produto é ótimo. A mochila é muito bonita tem vários bolsos. Gostei muito do produto.,1.0,1,positivo
34066,Tudo certo conforme descrito! Gostei muito! Recomendo!,1.0,1,positivo
60467,Ainda experimentando o produto,1.0,0,negativo
10226,Comprei a capa de sofá que já foi entregue ( que por sinal é muito bom ) porém ainda não recebi as almofadas .,1.0,0,negativo
30284,Chegou antes do prazo! REcomendo!,1.0,1,positivo
36860,Eu não recebi o peoduto,0.0,0,negativo
86560,Relógio igual ao do anúncio! Muito lindo e sofisticado. Dei de presente pro meu pai e ele amou. Entrega foi realizada antes do prazo final. Super recomendo.,1.0,1,positivo
80035,Tudo de acordo.,1.0,1,positivo
20297,"O produto é muito bom é lindo, superou as minhas expectativas!!!! Recomendo!!!!! Amo comprar nas lannister.com, nunca tive problemas!!!!",1.0,1,positivo
29823,"O produto chegou antes do prazo, muito bem embalado. Igual ao que mostrava na foto. Excelente!!!!",1.0,1,positivo
47375,"Produto chegou antes do prazo, extremamente como na foto do site. Adorei!",1.0,1,positivo
90972,Excelente! Tudo em perfeita ordem!,1.0,1,positivo
66445,"Bom produto, somente acho que a carenagem do carro é fina, mas o produto em si é bom e super rápido",1.0,1,positivo
76817,Gostei do produto ótima qualidade.,1.0,1,positivo
84002,"Ótimo produto. Realizei a compra com receio, porém o resultado foi ótimo. Valeu a pena.",1.0,1,positivo
73377,Entregaram antes do prazo! show!,1.0,1,positivo
10547,Muito bom,1.0,1,positivo
78673,"Fiz o pedido de 02 cortinas, porém recebi somente 01 unidade. A nota fiscal também não veio correta, consta quantidade 03 unidades e valor incorreto.",0.0,0,negativo
87045,Meu produto não chegou....,0.0,0,negativo
50482,"Produto bom, entrega excelente, lojas lannister, sempre dando show, no quesito prazo de entrega...",1.0,1,positivo
57125,produto de qualidade.,1.0,1,positivo
49543,produto entregue antes do tempo indicado.,1.0,1,positivo
89074,"Não consigo obtive nenhuma posição quanto ao estorno, produto não chegou.",0.0,0,negativo
46856,"Muito ágil no quesito entrega, fuquei um pouco receoso com a embalagem quando me entregaram, no mais foi excelente a esperiência de compra!",1.0,1,positivo
20427,"Quero devolver o cartão está com problema, não aparece nos meus pedidos esse cartao",0.0,0,negativo
3433,"Vamos torcer para que seja o produto correto, pois o celular para o qual comprei esta capa não chegou ainda. Claramente, alguns parceiros são mais confiáveis do que outros.",1.0,0,negativo
92730,Comprei 2 saias e enviaram 1.,0.0,0,negativo
45840,Compro com frequência e sempre com excelente atendimento.,1.0,1,positivo
29317,Normalmente parceiros das lojas entregam no limite do prazo. Porém recebi o produto em três dias. Na caixa recebi ainda um extensor de IR não mencionado que pensei que teria que comprar a parte.,1.0,0,negativo
53390,Pedi o volume 1 e recebi o volume 2 do livro de musica Leila Fletcher.,0.0,0,negativo
71190,"Infelizmente o produto ainda não chegou. Houve um problema com ele em trânsito, até agora não saiu do lugar, mas também, houve a infelicidade de coincidir com a greve dos Correios. Estou no aguardo!",0.0,0,negativo
48800,Entrega no prazo,1.0,1,positivo
8058,A entrega foi antes do prazo! Serviço excelente. O produto é o que realmente esperava!,1.0,1,positivo
82651,Ótimo produto..... de qualidade..... entrega antes do prazo......... superou as expectativas...... super recomendo.,1.0,1,positivo
44874,Entrega super rápida. Parabéns!,1.0,1,positivo
78105,"Estou em obras e não abri os rolos para conferir, mas aparentemente está tudo certinho.",1.0,1,positivo
91052,Ótimo vendedor. O produto chegou no prazo e carinhosamente embalado! S,1.0,1,positivo
65750,"E a segunda compra q realizo neste site e todos entregue dentro do prazo mesmo com a greve dos caminhoneiros  Parabéns a empresa 👏🏽👏🏽👏🏽",1.0,1,positivo
67268,"Não recebi meu produto e não recebi meu dinheiro de volta. O atendimento esta péssimo, a mais de duas semanas entro em contato e não obtenho nenhuma resposta.",0.0,0,negativo
93657,Bom,1.0,1,positivo
29059,"Não recebi o produto, vou querer receber o dinheiro de volta",0.0,0,negativo
17020,"produto ainda não foi entregue, depois de dias da compra. Péssima loja.",0.0,0,negativo
99310,"Muito bom, chegou antes do prazo",1.0,1,positivo
87377,recomendo,1.0,1,positivo
75436,Gostei do produto e a entrega foi muito rápida.. .chegou bem antes da data prevista recomendo..,1.0,1,positivo
54334,Produtos chegaram muito rápido.,1.0,1,positivo
12313,"Recebi o produto em duas etapas, em dias diferenciados, como não tinha sido avisada sobre esta possibilidade, levei um susto, mas ocorreu tudo bem, os produtos chegaram intactos e muito bem embalados.",1.0,0,negativo
31594,muito bom,1.0,1,positivo
27266,"Fiz um pedido e recebi outro totalmente diferente. O pior é que não consigo contato com as lannister o telefone não funciona. Profundamente indignada, nunca tive problemas mas também não compro mais.",0.0,0,negativo
51694,"Entrega bem antes do prazo previsto, muito satisfeita",1.0,1,positivo
31184,Produto vem no prazo mesmo! Além da agilidade tem também a qualidade!,1.0,1,positivo
5504,"O produto chegou anted do prazo final, o que foi ótimo pois era presente, bem embalado e igualzinho ao anunciado.",1.0,1,positivo
20511,"eu fui na lojas lannister pra comprar no site lannister pensando ser seguro mero engano, me enviaram embalagem com nota nao sei se e e verdadeira ,o produto nao veio e paguei a vista no dinheiro.",0.0,0,negativo
43858,"Veio antes do prazo, super recomendo.",1.0,1,positivo
33198,Gostei muiito,1.0,1,positivo
22051,O produto veio riscado e amassado....sendo que a embalagem está em perfeito estado. Já fiz uma reclamação e estou aguardando o contato para a que a troca do produto seja feito o mais rápido possível.,0.0,0,negativo
28920,"A loja cumpriu com a entrega no prazo e sem avaria, recomendo a loja pra os demais que queiram compra de forma segura.",1.0,1,positivo
57000,adorei,1.0,1,positivo
32130,Só tive um problema pois a mochila foi entregue com um lacre q ñ estou conseguindo remover. É aquele tipo de lacre q apita na saída de lojas.,1.0,0,negativo
12977,Material muito bom,1.0,1,positivo
99067,"Recebi o produto diferente do que estava na oferta, já solicitei o reembolso do meu valor e até agora não obtive nenhuma resposta para solução.",0.0,0,negativo
86956,"comprei dois produtos, mas recebi apenas um.",0.0,0,negativo
25511,Recebi o filtro todo quebrado,0.0,0,negativo
88823,Podem comprar atende tudo que promete.,1.0,1,positivo
75179,"Gostei bastante da compra, o produto veio correto, chegou no prazo e até agora está correspondendo a minha expectativa",1.0,1,positivo
9284,Bom produto. Boa entrega. Tudo certo. Recomendo.,1.0,1,positivo
99723,atendeu minhas expectativas,1.0,1,positivo
74079,o produto foi entregue conforme combinado. Funciona perfeitamente.,1.0,1,positivo
7430,"A loja atendeu bem, mas o produto comprado não é lá essas coisas!",1.0,0,negativo
62132,OTIMO,1.0,1,positivo
8632,Só achei a bíblia um pouco cara pelo tamanho,1.0,0,negativo
19093,Aprovada,1.0,1,positivo
54444,Muito rápido a entrega!,1.0,1,positivo
80838,"ótimo produto, entrega rápida.",1.0,1,positivo
11992,"Produto entregue corretamente e dentro do prazo. As tampas não são firmes, mas no geral é um b",1.0,1,positivo
73997,Produto chegou dentro do prazo e sem problemas.,1.0,1,positivo
68227,"Comprei 3 kits de cartuchos hp contendo 1 Preto e 1 colorido cada, total de 6 mas recebi em minha casa apenas 1 Preto e 1 colorido, com nota fiscal q dizia conter 3 de cada! Aguardo providências",0.0,0,negativo
83855,"Como sempre a entrega foi dentro do prazo, alias bem antes do prazo.Recomendo muito",1.0,1,positivo
67131,Recebi informação sobre a situação do meu pedido até o recebimento. Chegou no prazo e o produto é o que eu especifiquei.,1.0,1,positivo
89839,Quando colocar toalha felpuda que seja e não foi.,0.0,0,negativo
78244,"Produto muito bom, entrega rápida, antes do prazo, facilidade na compra. Nada a reclamar. Recomendo.",1.0,1,positivo
26027,Bons produtos e a entrega fantástica,1.0,1,positivo
51252,Tudo ok,1.0,1,positivo
95653,Recomendo a todos!,1.0,1,positivo
92927,"Parabéns, lojas lannister, produtos de qualidade, entrega no prazo e respeito com os clientes!!",1.0,1,positivo
46621,comprei uma caixa de som em 17/11/17 e até a presente data (09/12/17)não recebi a mercadoria nem explicações da targaryen. Ainda lhe obriga a dar uma estrela para efetivar a avaliação.,0.0,0,negativo
64400,"cartucho com validade 2017, porém funcionou normal",1.0,1,positivo
69352,O produto ainda não chegou,0.0,0,negativo
28919,São lindas as almofadas! Adorei!!!,1.0,1,positivo
9965,Bom produto.,1.0,1,positivo
31198,"Só achei que a tampa deveria ser mais firme, quando mexe a pipoca a tampa sai um pouco. Mas da pra usar 😍😘",1.0,1,positivo
73368,"RECOMENDO A LOJA E O PRODUTO, SÓ NÃO É PEFEITO PORQUE OS CORREIOS NÃO ENTREGAM ONDE MORO POR CAUSA DOS ASSALTOS. MAS O RESTENTE É PERFEITO, ALOJA, O PRODUTO O ATENDIMENTO, O PRAZO. OBRIGADA, VOLTAREI",1.0,1,positivo
39636,adorei pano muito bom,1.0,1,positivo
69692,"nao recomendo esta loja, como nunca tinha tido problema em comprar pelo baratheon n atentei a pesquisar sobre o fornecedor,depois do prazo da entrega ter passado fui pesquisar e existe varias reclamçao",0.0,0,negativo
37596,"Produto ok porém demora muito para entregar, parece que tá vindo de China.",1.0,0,negativo
87064,"Não recomendo!!! Cancelei a compra, fui cobrada e não obtive NENHUM retorno da loja. Quero devolver e receber o extorno.",0.0,0,negativo
16471,Quero meum dinheiro de volta. Ainda não recebi o produto.,0.0,0,negativo
91587,Eu comprei três bases e só foi entregue duas! Estou aguardando pra ver se vão entregar a outra. As bases 221 e 222 entregaram a base 223 n chegou junto.,1.0,0,negativo
85842,das 5 canetinhas só duas funcionam tres não saem tinta,0.0,0,negativo
24830,Parabéns,1.0,1,positivo
43086,Entrega rapida mas o produto horrivel.,0.0,0,negativo
68004,Posso dizer que o produto corresponde ao da foto...Recomendo!!,1.0,1,positivo
96564,recebi apenas uma unidade e compramos duas,0.0,0,negativo
64675,chegou muito RÁPIDO....ADOREI,1.0,1,positivo
17936,"Gostei do produto, recomendo.estou satisfeita com.o produto. Obrigada!!",1.0,1,positivo
25890,Acho que deveria vir com manual de instruções de uso..,1.0,0,negativo
43459,"Minha compra ainda está presa nos correios. Sei que não é culpa da loja, mas algo deve ser feito! Preciso do equipamento para trabalhar e ele não chegou!",0.0,0,negativo
74432,"Conforme a empresa targaryen está de parabéns.falando do produto veio com defeito por isso estou fazendo essa reclamação.   Já solicitei a troca da parte que está danificado que é a ( base estrela)",1.0,0,negativo
92172,"ainda não usei, mas recomendo",1.0,1,positivo
60409,muito bom e seguro comprar aqui!,1.0,1,positivo
67799,"Ótimo produtos no site, recomendável....",1.0,1,positivo
42139,Tive que cancelar a compra o vendedor não conseguiu entregar o produto no prazo.Acredito que a targaryen é intermediario do vendedor que pena.,0.0,0,negativo
90701,Excelente produto,1.0,1,positivo
32472,produto chegou rápido de ótima qualidade,1.0,1,positivo
3375,Toner não funciona. Impressão de péssima qualidade. Quase não dá pra ver a impressão,0.0,0,negativo
91025,Linda ...amei,1.0,1,positivo
38904,"Parabéns, eu gosto muito das LOJAS lannister e principalmente da lannister.com onde a gente pode comprar pela internet e buscar na loja mais próxima.",1.0,1,positivo
53292,Não recebi o produto,0.0,0,negativo
31119,Gostei muito de comprar nesse app recomendo,1.0,1,positivo
18903,O produto chegou antes do previsto,1.0,1,positivo
99522,Gostei da rapidez na entrega do produto,1.0,1,positivo
75735,O produto veio em perfeito estado e conforme aparece no site. Veio muito antes do prazo combinado.,1.0,1,positivo
7542,"Amei o produto, entrega super rápida!",1.0,1,positivo
4563,Gostei muito da rapidez da entrega..,1.0,1,positivo
23537,Perfeito!!!,1.0,1,positivo
40617,nada,0.0,0,negativo
68030,Mercadoria queimada no centro de distribuição em Fortaleza-CE. Cancelei a compra para ressarcimento do valor pago.,0.0,0,negativo
38932,Amo comprar no baratheon.... Vcs são mil,1.0,0,negativo
64853,"Produto muito bom, porém a entrega muito demorada. Passou do prazo",1.0,0,negativo
15282,"Tudo certo com a loja, mas 1 mês esperando os COrreios entregarem.",0.0,0,negativo
97101,Não entregou o produto e não retornou nenhuma mensagem esclarecendo o problema.,0.0,0,negativo
93713,"Amei minha luminária, mas na foto parece um pouco menor.",1.0,0,negativo
60612,Chegou bem antes da previsão de entrega.,1.0,1,positivo
43128,bom.,1.0,1,positivo
26985,"Rapidez na entrega , é um produto de ótima qualidade!",1.0,1,positivo
40846,"Gostei muito, chegou bem antes do previsto e principalmente pelo fato de se tratar de um presente para criança e vocês terem tido o carinho de embrulhar com papel de presente... Muito legal! Parabéns!",1.0,1,positivo
5483,excelente tenho sempre preferencia pelas compras online com a lannister. empresa 100% comprometida com os cliente. muito satisfeito com as compras já efetuadas.,1.0,1,positivo
20347,Recebi o produto dentro do prazo.,1.0,1,positivo
14716,Entregue antes do prazo e material de boa qualidade... recomendo,1.0,1,positivo
95586,Top,1.0,1,positivo
40108,"O prazo de entrega já acabou e até agora não recebi, quero cancelar a compra",0.0,0,negativo
81309,A empresa targaryen deixou a desejar com o envio do produto na cor errada.,1.0,0,negativo
92847,Entregaram antes do prazo estipulado....,1.0,1,positivo
82209,Entrega rápida !,1.0,1,positivo
25068,"Sempre comprei nas lojas lannister, mas desta vez meu produto veio faltando um. E quando ligo não atende, è só atravez de mensagem. E COM ISSO ESTOU AGUARDANDO E NÃO POSSO USO DO MEDICAMENTO. Que pre",0.0,0,negativo
39209,Ótimo produto,1.0,1,positivo
31372,"Produto chegou antes do prazo, mas na foto parece ser maior do que realmente é, mas gostei muito",1.0,1,positivo
54827,Produto belíssimo super recomendo.,1.0,1,positivo
16958,"Produto chegou em ótimo estado, antes do previsto, e recomendo pneu de boa qualidade.",1.0,1,positivo
12058,"Compra tranquila, produto entregue no prazo estimado.",1.0,1,positivo
41184,"o produto é como eu realmente desejava, a entrega feita antos do prazo estipulado.",1.0,1,positivo
89802,"Gostaria de saber sobre a devolução do produto,pois informaram que seria 48 horas pra confirmar a devolução e até o momento nada.",0.0,0,negativo
87098,"Entrega antes do prazo, ótimo produto",1.0,1,positivo
61179,"o produto foi entregue antes do prazo , produto de ótima qualidade",1.0,1,positivo
82094,AMEI MARAVILHOSO,1.0,1,positivo
21969,"Adorei as peças, são exatamente como na foto. Mas veio faltando parafusos e buchas, tive que comprar.",1.0,0,negativo
31982,"não recomendo porque até o momento não recebi meu produto,nem tive nenhuma informação da empresa responsavél",0.0,0,negativo
30486,O suporte da lixeira com papel higiênico é bonito e atendeu as expectativas..,1.0,1,positivo
31231,Produto entregue no prazo e sem problemas.,1.0,1,positivo
86582,"Loja muito boa, confiável, rápida na postagem pra entrega, recomendo muito!",1.0,1,positivo
96618,Indico comprar produtos por aqui,1.0,1,positivo
79737,Excelente atendimento recomendo e indico!,1.0,1,positivo
50477,"Produto entregue perfeito, rápido e super confiável.",1.0,1,positivo
61287,muito bom o produto e o atendimento,1.0,1,positivo
40852,Muito lindo,1.0,1,positivo
42869,Ótimo produto,1.0,1,positivo
17192,"Entrega antes do prazo, super bem embalado!",1.0,1,positivo
92497,"Produto veio quebrado, não podendo ser montado. Além de extrema baixa qualidade nas peças. Veio todo descascado, com medidas diferentes, amassado. Solicito troca urgente por um produto em boas condico",0.0,0,negativo
49818,Ok cem por cento,1.0,1,positivo
49225,entrega antes do previsto,1.0,1,positivo
58535,"Comprei um Playstation 2 em 2018! Sinceramente não acreditava que receberia o aparelho novo, mas para minha surpresa é zero! A unica coisa que não gostei foi o controle que veio, não é original.",1.0,1,positivo
21155,Apenas o tapete foi entregue a cortina MELISSA não. Registro meu interesse em receber a cortina.,0.0,0,negativo
17251,Estão de parabéns,1.0,1,positivo
78628,"Boa loja, excelente atendimento, entregou no prazo, porém um dos produtos apresentou violação, o pior é que derramou mais da metade do creme de hidratação. Embalagem de transporte fraco, melhorem!",0.0,0,negativo
75874,Muito Bom,1.0,1,positivo
64978,Entrega rápido,1.0,1,positivo
43469,"Boa tarde! Fiz a compra de três porta papel higiênico com lixeira, até o momento só entregaram duas, ainda resta um para ser entregue. Gostaria de saber quando vão entregar o que está faltando.",0.0,0,negativo
51936,Neste pedido veio faltando o jogo de lençóis conforme email enviado em 13.12.2017,0.0,0,negativo
81335,"Produto da China, quebrou no primeiro uso!! Não recomendo e não compraria novamente.",0.0,0,negativo
8895,sempre compro nesse site nunca tive problemas,1.0,1,positivo
3546,Quero meu dinheiro de volta,0.0,0,negativo
5842,"Estou satisfeita com o serviço prestado.  O meu pedido chegou à tempo para o que eu precisava.",1.0,1,positivo
57391,"Ainda não recebi o produto, apesar de constar no acompanhamento que foi entregue. Solicito informações mais precisas da entrega.",0.0,0,negativo
93786,Ótimo vendedor.,1.0,1,positivo
29708,Ainda nao recebi,0.0,0,negativo
16871,Meu produto é 2 bateria de 12V 70A foi entregue mas vazou ácido na caixa visível até tirei uma foto,1.0,0,negativo
67079,"Produto muito bom , chegou no prazo",1.0,1,positivo
30701,"a base da cadeira não encachava no acento  deixou a desejar",0.0,0,negativo
46700,"As tesouras vieram tortas, cor diferente da divulgada na compra.",0.0,0,negativo
53678,Adorei o produto e foi entregue no prazo.,1.0,1,positivo
29453,Não recebi,0.0,0,negativo
20499,tudo bom e ótimo,1.0,1,positivo
31482,Ótimo site...produto veio bem antes do prazo...mto bom,1.0,1,positivo
71179,"Luminaria pendente, material bom resistente e leve. Instalação super fácil, a luminosidade e excelente.  Ficou linda!",1.0,1,positivo
29569,Tudo certo,1.0,1,positivo
35174,Produto lindo.Minhas gatas adoraram.,1.0,1,positivo
25568,tudo ok,1.0,1,positivo
51713,O produto chegou bem antes do prazo de entrega; feliz com a loja e os produtos adquiridos. Recomendo.,1.0,1,positivo
84294,Recebi outro produto no lugar....a nota fiscal veio correta com a descrição porém quando abri a embalagem mandaram um prato de bolo de vidro com tampa. Aguardo a lannister resolver o problema.,0.0,0,negativo
14533,"Primeira vez que compro e gostei muito desde do acompanhamento do produto até a entrega .  Muito bom",1.0,1,positivo
23646,"muito bom, rápido como sempre",1.0,1,positivo
39052,"Entrega antes do prazo, produto de alta qualidade.",1.0,1,positivo
19535,Oi....veio certinho e muuuuuito rápido...amei,1.0,1,positivo
60190,negociaçao perfeita,1.0,0,negativo
75162,"Adorei, recebi antes do prazo e o produto, superou minhas expectativas.",1.0,1,positivo
69708,Ótimo produto chegou antes do prazo super recomendo,1.0,1,positivo
99718,O produto chegou faltando e em péssimas condições.,0.0,0,negativo
9207,produto muito bom atendeu bem as minhas necessidades,1.0,1,positivo
1116,Recebi 1 prancha. Mas falta a outra porque são 2. Falta o pedido 02-645381563,1.0,0,negativo
29587,"Produto excelente e entrega rápida, apesar do valor cobrado pelo frete..",1.0,1,positivo
83083,"Recebi antes do prazo, ótima experiência!",1.0,1,positivo
74472,Ótimo produto...e stark sempre atendendo da melhor forma!!!,1.0,1,positivo
15440,oitmo lugar para comprar,1.0,0,negativo
95541,Recomendo !!,1.0,1,positivo
86966,"Ótimo produto, excelente qualidade e proteger bem smartphone é o essencial.",1.0,1,positivo
98652,"Atendimento das expectativas Recomendo",1.0,1,positivo
99680,"Chegou mt rapido, e tudo direitinho. Estão de parabéns !",1.0,1,positivo
66181,"Adorei, os produtos chegaram bem antes do prazo, menos de uma semana, tudo bem embalado, o entregador chamou alto o q possibilita de ouvir e atender, mto bom, recomendo muito.",1.0,1,positivo
25084,"Entrega foi bem ágil, nenhum problema durante boa processo de compra.",1.0,1,positivo
15689,Produto entregue no prazo,1.0,1,positivo
57816,"No dia 30/03/2017. foi entregue apenas (1) um pote do produto PRO Femina+E. Quando o outro pote será entregue? Pois eu fiz o pedido de (2) dois produtos. Fico aguardando uma resposta!",0.0,0,negativo
84301,"Meu produto quase três semanas antes do prazo,amei! Comprei um fortalecedor de unhas Mavala,ecom ótimo preço.",1.0,1,positivo
20452,Produto lindo e de ótima qualidade.,1.0,1,positivo
26136,"Produto dentro do esperado Boa embalagem Excelente atendimento",1.0,1,positivo
9196,"não esta sendo eficiente, me deram um prazo de entrega e ate agora nada",0.0,0,negativo
12895,"sim recebi ate antes do prazo de entrega pessoal muito competente e prestativo recomendo sim,parabens pela equipe.",1.0,1,positivo
56570,"O produto é bom, porém não chegou em minha residência. Precisei buscar nos correios.",1.0,0,negativo
23965,"o produto chegou antes do prazo o que posso dizer e que as lannister e uma loja que se preocupa com o seu consumidor, e quando eu precisar compra novamente irei comprar so nas lannister. obrigado.",1.0,1,positivo
26490,"Parabens, recebi o produto em perfeito estado e no prazo.",1.0,1,positivo
31416,Recomendadissimo,1.0,1,positivo
16436,Opinião eu não tenho ainda pois ainda não recebi a minha mercadoria,0.0,0,negativo
12111,Bem acabado e tamanho ideal...vale a pena,1.0,1,positivo
45646,Recomendo.,1.0,1,positivo
92732,"Entrega rápida , e produto conforme anunciado",1.0,1,positivo
66307,Chegou antes do prazo e o produto veio correto e muito bem acondicionado.,1.0,1,positivo
14343,Apenas ainda não provei o produto para checar se tudo funcionando,1.0,0,negativo
13560,Ainda não recebi meu produto... chateada,0.0,0,negativo
27636,"SUPER RECOMENDO! POLTRONA LINDA, RESISTENTE E OTIMO PREÇO!!!",1.0,1,positivo
96171,"Produto entregue no tempo certo,diferente das compras anteriores!Graças a Deus",1.0,1,positivo
16392,Recomendo para todos que eu conheço !! Ótima loja virtual !! Vocês estão de parabéns!!,1.0,1,positivo
43040,"Tudo certo gostei e volto a comprar Estão de parabéns",1.0,1,positivo
66326,compra sem embaraço e atropelos . Recomendo a tds.,1.0,0,negativo
18519,Chegou antes do previsto,1.0,1,positivo
75666,"O status da entrega é ruim, sempre desatualizado, mostra que teve erro na entrega, mudam o prazo e no fim entregam antes.",1.0,0,negativo
51204,"Recomendo. leve, versátil.",1.0,1,positivo
73592,Amei o produto vem Sertinho e no prazo serto,1.0,1,positivo
67580,Ainda não recebi o produto.,0.0,0,negativo
15760,Semprei pelo Shop time. A impressão quando visualizamos o item no site a impressão que é tecido e não vinil.,0.0,1,positivo
16385,"Entrega super rápida, muito acima de minhas expectativas. Parabéns!",1.0,1,positivo
74412,A loja cumpriu tudo que foi informado dentro do prazo. Parabéns.,1.0,1,positivo
25892,Produto superou as expectativas. De ótima qualidade é muito bem acabado.,1.0,1,positivo
8890,Otimo produto,1.0,1,positivo
20525,Recebir.bem antes do prazo.recomendo a loja.targaryen,1.0,1,positivo
84219,Ótimo produto.,1.0,1,positivo
52960,Muito bom.,1.0,1,positivo
35598,"Melhor custo beneficio, produto de ótima qualidade.",1.0,1,positivo
56046,Preciso efetuar a troca enviei msg e nada de resposta,0.0,0,negativo
35468,"Boa loja, bons produtos, boa variedade, pontualidade na entrega, bons preços!",1.0,1,positivo
33638,Ótima Qualidade .Entrega como sempre antes do prazo .,1.0,1,positivo
86946,surpreendente.,1.0,1,positivo
60220,"Tudo,ok eu recomend",1.0,1,positivo
62257,Ok,1.0,1,positivo
60541,Excelente produto - entrega antes do previsto.,1.0,1,positivo
33919,Não recebi meu produto,0.0,0,negativo
31858,Preciso saber se existe um prazo para receber meu produto ou se meu pedido será cancelado?,0.0,0,negativo
54066,Meu produto chegou com rapidez. Nota 10,1.0,1,positivo
67261,Muito bom,1.0,1,positivo
3262,"Maior do que imaginava, mas é muito moderno e lindo. Vai deixar linda a minha decoração da sala.",1.0,1,positivo
72181,sou cliente das lojas lannister faz tempo a loja cumpre o que fala otima,1.0,1,positivo
2552,Não recebi o produto é a loja não respondeu nenhuma das minhas reclamações ou duvidas.,0.0,0,negativo
43250,Sempre compro na Amercanas.com e gisto muito,1.0,1,positivo
9904,"Recebi antes do prazo determinado, vale comprar pois é uma grandesatisfação em receber o produto",1.0,1,positivo
4571,"O cesto e bonito,com um bom acabamento  Mas na foto parecia ser um pouquinho maior",1.0,0,negativo
56406,Ótimo,1.0,1,positivo
4185,Gostei do atendimento parabéns,1.0,1,positivo
48490,"Comprei um combo composto por carrinho + Moisés + bebê conforto + adaptador.  Somente foi entregue o carrinho. Os demais ítens não vieram.",0.0,0,negativo
92721,"O produto chegou com defeito é o site da lannister é péssimo pra trocas, suporte péssimo !!!!",0.0,0,negativo
68391,"Além do bom preço que a loja oferece, o produto chegou antes do prazo estipulado.  Recomendo!",1.0,1,positivo
36999,Igualzinho o que eu pedi. Lindo,1.0,1,positivo
88803,Produto chegou no prazo,1.0,1,positivo
10987,"Produto entregue antes do prazo, satisfeito.",1.0,1,positivo
34857,"Rápido e muito bom, estou muito satisfeita.",1.0,1,positivo
44294,Td lindo e impecável,1.0,1,positivo
33696,"Fiz a compra em 07/12/17, ja passou o prazo de entrega, e aonde esta meu produto? Ficam pondo a culpa no correio, sendo que quem faz a minha entrega é uma pessoa conhecida, e ele me disse que não cheg",0.0,0,negativo
31471,Nao recebi o produto!,0.0,0,negativo
30520,"Como o produto veio fora da caixinha, soltos no envelope, enviei as informações do lote e as fotos para a Amazon, onde fui informado que o lote não existia e que o produto provavelmente é falso",0.0,0,negativo
68235,"Simplesmente assim, uma taca veio quebrada, tentei ver a substituição e o produto náo está mais disponível e pronto. Nao quero ficar sem 5 tacas, so quero receber uma pela quebrada.",0.0,0,negativo
36342,"A LOJA ESTA DE PARABÉNS,ENTREGOU NO PRAZO MEU FILHO AMOU,QUERO COMPRAR OUTRA EM BREVE.",1.0,1,positivo
65398,"Produto bonito, no entanto de má qualidade, não correspondendo ao esperado como joia de qualidade, com algumas manchas escuras na corrente do pingente.",0.0,0,negativo
99307,Ainda não recebi o produto,0.0,0,negativo
72354,"cubo bom, porem vem com os parafusos meio soltos .",1.0,0,negativo
71714,Favor responder a tesoura de desfiar veio com defeito preciso trocar,0.0,0,negativo
58983,Veio conforme o previsto ..,1.0,1,positivo
88911,Gostei do produto,1.0,1,positivo
37281,Tudo bom,1.0,1,positivo
80071,Não recebi o produto e continuo sem receber o estorno do valor que paguei pro produto.,0.0,0,negativo
23401,Empresa sem credibilidade.,0.0,0,negativo
82933,Ótimo,1.0,1,positivo
5954,Recomendo... prefeito;,1.0,0,negativo
36865,"Péssimo, pois pedi um produto, ja paguei, dizia que ia chegar ate dia 24.11.2017, e não chegou o produto, ainda por cima, disse que esta indisponível.",0.0,0,negativo
91741,"Comecei a comprar do baratheon através de outras pessoas, aí resolvi a me cadastrar e foi muito bom. Hoje além de comprar indico pra outras pessoas, é seguro e rápido pra chegar.",1.0,1,positivo
20490,Ótima loja. Podem comprar. Nota 10,1.0,1,positivo
65615,A colcha é muito romântica devido ao fato do babado ser de voal transparente com detalhes em fios de cetim no mesmo. O tecido do corpo da colcha é mais fino do que parece no site.,1.0,1,positivo
96896,Descaso com o cliente. O produto não foi entregue.,0.0,0,negativo
65082,enrolaram para entregar,0.0,0,negativo
78774,O produto é lindo e de excelente qualidade,1.0,1,positivo
11545,OEQUIPAMENTO NÃO FUNCIONA. O mini cartao SD nao encaixa e o computador não reconhece quando é conectado com o cabo USB,0.0,0,negativo
23447,"Recebi o produto com a base fixa da cadeira diferente da que esta no anuncio, só não devolvi a cadeira porque preciso com urgência. Não recomendo!",0.0,0,negativo
34254,"RECEBI O PRODUTO ERRADO, SOLICITO A TROCA",0.0,0,negativo
66916,Chega sempre antes do prazo.. amooo,1.0,1,positivo
57629,"Até antes do prazo estipulado a mercadoria foi entregue, sendo o prazo me dado em 28/03 e foi entregue em 19/03.....SUPER RECOMENDO",1.0,1,positivo
21010,"Essa empresa é um Marketplace do Marketplace... é minishopping dentro do shopping e não confio mesmo. Péssima experiência, só transtorno. Ganha 1 estrela porque não deixam dar zero. Não recomendo.",0.0,0,negativo
35919,Gostei muito bom,1.0,1,positivo
92506,Entregue bem antes do prazo.,1.0,1,positivo
9530,Não recebi nenhuma informação pedi cancelamento,0.0,0,negativo
44304,"Eu cancelei a compra, estou esperando a devolução do valor conforme o e-mail recebido.",0.0,1,positivo
74515,"Estou decepcionada, o visor veio arranhado.",0.0,0,negativo
3162,"O produto oferecido no anúncio é um, mas o que foi entregue se difere de forma que altera seu funcionamento.",0.0,0,negativo
4892,Nota 10,1.0,1,positivo
32557,Meu pedido esta preso nos correios....,0.0,0,negativo
7243,Onde está meu produto?,0.0,0,negativo
98553,"Péssimo parceiro para o stark trabalhar. Não entregou o produto, não respondeu as mensagens que deixei através do site do stark. Estou realmente decepcionada.",0.0,0,negativo
37284,Funcionou perfeitamente no meu ar portatil springer 12.000 btus,1.0,1,positivo
10036,veio somente uma pastilha de 06 e nao recebi o cloro ainda !!!,0.0,0,negativo
1850,"ASPIRADOR MUITO BOM, LEVE E FÁCIL DE MANUSEAR!",1.0,1,positivo
73651,excelente,1.0,0,negativo
61794,Bom.,1.0,1,positivo
24881,Produto ótimo só que a parte de colocar a CNH tinha que ser maior um pouquinho pra que seja colocada com o plástico que vem acompanhado nela tirando isso daí o resto tudo ok e obrigada!,1.0,0,negativo
36879,muito bom o produto e a entrega foi muito rápida,1.0,1,positivo
33775,"Até hj dia 17/12 o produto ainda não foi entregue era p ser entregue no dia 15 mas até agora nada ,foi minha primeira compra tanto no stark,como na loja parceira targaryen.",0.0,0,negativo
44981,"o produto veio 100%, testei em 3 dispositivos diferentes e supriu minhas espectativas",1.0,1,positivo
19027,td certinho!!,1.0,1,positivo
11052,"Produto de ótima qualidade, entregue no prazo e muito bem embalado!",1.0,1,positivo
70417,Ótimo serviço de entrega,1.0,1,positivo
37402,Produto entregue antes do prazo.,1.0,1,positivo
35501,"Entrega antes do prazo, gostei muito é recomendo com certeza.",1.0,1,positivo
48115,"Fui surpreendida com a entrega 2 dias depois da compra, incrível... Obrigada",1.0,1,positivo
60712,A entrega foi muito rápida e o produto atendeu as expectativas.,1.0,1,positivo
73632,"Meu produto chegou, mas veio solto dentro da caixa e com amassamento na tampa do espremedor",1.0,0,negativo
59127,chegou antes do prazo,1.0,1,positivo
1409,Amei....,1.0,1,positivo
89871,"Tudo correto, tranquilo e com entrega dentro só prazo.",1.0,1,positivo
59239,"Gostaria de parabenizar a todos pela eficiência das entregas. Comprei um armário de cozinha, um celular e o patins. Todos foram entregues antes do prazo estipulado pela loja. Estou muito satisfeita.",1.0,1,positivo
7020,Entrega muito antes do prazo! Isso é muito bom!,1.0,1,positivo
90952,"estou no aguardo do restante da compra, veio somente 1 item",0.0,0,negativo
27576,A entrega foi realizada antes do prazo. Não gostei muito da qualidade do produto porém atendeu minhas necessidades...,1.0,1,positivo
26099,"Só acuso o recebimento de uma cadeira, sendo que eu comprei duas",0.0,0,negativo
57104,"Produto muito bom e entregue no prazo ,recomendo.",1.0,1,positivo
29961,"gostei muito do produto,sem problemas ....",1.0,1,positivo
57428,Muito bom,1.0,1,positivo
67452,Pedi duas cubas so recebi uma estou aguardando resposta de como posso resolver isso no mais a entrega foi no prazo e a que recebi e de boa qualidade,0.0,1,positivo
38788,"Muito bom, a capa cabe perfeitamente e o material é de boa qualidade, recomendo",1.0,1,positivo
48792,Gostei de ter comprado com vcs,1.0,1,positivo
33941,Recebi um produto falso. Já entrei em contato pedindo devolução,0.0,0,negativo
42678,chegou antes do tempo muito bom....porém o frete é ridículo ter de pagar por um produto deste tamanho!!!,1.0,0,negativo
43467,Estou indgnada pois nao recebi o produto e nao tive nenhuma resposta por onde ele anda...estou muito chateada e quero meu dinheiro de volta!,0.0,0,negativo
25334,BONITO O PRODUTO,1.0,1,positivo
78824,Adorei meu produto!!!,1.0,1,positivo
43943,"Amei o produto!Do jeito que eu precisava,com varias divisorias...chegou bemm antes do prazo e pra fechar com chave de ouro veio na cor que eu realmente queria vermelha !Simplismente linda!Amei!",1.0,1,positivo
22497,Não recebi o produto,0.0,0,negativo
18694,"ainda não recebi , ja fiz varias reclamações e o stark não resolve meu problema",0.0,0,negativo
32676,Além do produto ser de excelente qualidade a loja teve toda preocupação em me atender bem e me informar sobre a cor do produto! Isso é um grande diferencial no mercado hj em dia! Estão de parabéns!,1.0,1,positivo
21081,o produto superou minha expectativa....muito lindo!!,1.0,1,positivo
61210,GOSTEI DA TROCA DE PRODUTO,1.0,1,positivo
79430,"A entrega foi super rápida. Fiz o pedido no dia 27 a noite, recebi o produto no dia 29 na hora do almoço. Ótimo produto segura bem até as facas maiores, veio muito bem embalado. Loja está de parabén",1.0,1,positivo
60425,gostei muito recomendo...,1.0,1,positivo
59614,"comprei um jogo de toalha e um jogo de cama ; só veio o jogo de cama, sendo que os dois segundo o e-mail que me mandaram, foram enviados juntos, com o mesmo código de rastreamento;",0.0,0,negativo
70940,São lindos,1.0,1,positivo
65947,Foi ótimo,1.0,1,positivo
74650,Ótimo!!,1.0,1,positivo
95306,Muito bom. Amei!!!,1.0,1,positivo
80309,Ainda nao deu tempo de avaliar o cha em si mas com relacao a compra e a entrega tudo tranquilo.,1.0,1,positivo
40239,chegou direitinho.,1.0,1,positivo
66904,essa e a segunda fez que fiz compra e sempre fui bem atendido fico muito grato pelo atendimento abrigado.,1.0,1,positivo
60844,.,1.0,0,negativo
35419,happy,1.0,1,positivo
23793,Tudo ótimo.,1.0,1,positivo
97391,Prazo cumprido.Mercadoria chegou bem embalada. Vou desembalar e verificar internamente.,1.0,1,positivo
11166,Melhor loja virtual,1.0,1,positivo
29598,Adorei a bolsa inclusive as vasilhas que vem dentro ate tamanho é otimo,1.0,1,positivo
82202,Houve avaria na embalagem. O produto foi para outro destino antes deste. A foto do produto não confere com o que recebi. O produto parece funcionar. Ainda não encontrei um aplicativo para testar,0.0,0,negativo
97593,FIZ COMPRA DE MALETA DE MAQUIAGEM INFANTIL NO DIA 10/02 PREVISÃO DE ENTREGA SERIA DIA 26/02 MAS ATÉ HOJE NÃO RECEBI. WI FI FENZZA,0.0,0,negativo
2154,Produto de ótima qualidade e entrega turbo!,1.0,1,positivo
70066,"Fiquei muito satisfeita, produto chegou bem antes do prazo",1.0,1,positivo
62232,"O produto chegou até antes do previsto, pena que já quebrou no mesmo dia em que comprei, Péssima qualidade!!!!!!",1.0,0,negativo
92664,"Recebi o produto antes do prazo combinado, veio incluso uma espátula e um manual de instrução, recomendo essa loja.",1.0,1,positivo
64457,Bom produto. Apresenta as características como descrito no site. Entregue antes do prazo.,1.0,1,positivo
98047,Demorou para fazer a confirmação e o pedido,0.0,0,negativo
94371,Muito satisfeita recomendo..,1.0,1,positivo
93113,Houve problema com a entrega dos correios não entregou para a pessoa na agência mesmo com o código de rastreio e documento. Informaram que o produto não estava na unidade.,1.0,0,negativo
58694,"Não foi faturada, quando comprei mostrou que tinha em estoque, fiquei sem o produto, não é um bom parceiro para as lannister",0.0,0,negativo
78652,Recomendo sim pois vem antes do prazo produto de ótima qualidade sempre pensando no cliente,1.0,1,positivo
26213,"produto entregue mto rapido,amei ,atendeu mionha expectativas!",1.0,1,positivo
52185,"FAVOR VERIFICAR QUE MINHA ENTREGA NAO VEIO CORRETA... ERA 2 PROTETOR DE COLUNA  1 MANTA.. POREM NAO RECEBEMOS A MANTA, SOMENTE OS PROTETOR DE COLUNA",1.0,0,negativo
13915,"Produto chegou antes da data marcada, mas a qualidade é ruim, impressão falhando. A impressora detetou que o cartucho já foi utilizado.",0.0,0,negativo
58400,Aguardo o produto,1.0,0,negativo
14939,Entrega rápida amei,1.0,1,positivo
64266,O prazo de entrega foi rápido. Estou satisfeito,1.0,1,positivo
82187,Foi entregue muito antes do previsto.,1.0,1,positivo
61246,Tudo dentro do combinado.,1.0,1,positivo
32063,Entrega atrasou um pouco mas pouca coisa. Produto dentro do esperado. Recomendado.,1.0,1,positivo
42241,Bom gostei dos brinquedos e encomendas pra outras pessoas,1.0,1,positivo
53162,"O produto é bom ,apenas um pouco dura na hora de abrir a tesoura.",1.0,1,positivo
95590,gostei continue assin,1.0,1,positivo
19235,"lannister + a empresa partner bateram o recorde com relaçao ao prazo de entrega. Foram extremamente eficientes e rapidos......me  surpreendeu !!!!",1.0,1,positivo
65849,"Ainda não recebi um jogo de banheiro que comprei junto com a colcha de casal, ate o momento foi entregue a colcha e jogo de banheiro nada, estou aguardando uma solução.",0.0,0,negativo
68944,"a capa era de galaxy note 8 e veiod e galaxy s8 nao serve no celular",0.0,0,negativo
91727,Estou super confuso sobre outra compra que fiz q aparece cancelada sendo que nunca cancelei. Por telefone diz que a entrega será até o dia 06/06. Super fora do prazo. Atendimento pelo telefone pessímo,1.0,0,negativo
35348,"Produto de extrema má qualidade para o preço, totalmente bambo e com peças extremamente frágeis e de má qualidade. totalmente insatisfeito com o produto, solicitei o pedido de cancelamento e devolução",0.0,0,negativo
56550,"Peço providências urgentes, pois o produto consta nos Correios como entregue, no entanto eu NUNCA efetuei a retirada do mesmo. Continuo no aguardo de v.sas. Espero não ter que procurar meus direitos.",0.0,0,negativo
69372,"Não é a primeira vez de atraso na entrega, quando consegue falar a atendente ainda pede um prazo de dois dias, fora o atraso, infelizmente as mudanças de entrega dos parceiros não está sendo pratica",0.0,0,negativo
72589,"Fiz o pedido de dois kits de progressiva e só me foi entregue um  O que eu faço agora para pegar o produto faltante ?",0.0,0,negativo
21951,"Comprei um simples pendente meia lua no site das lannister, vendido pela loja targaryen, em 09/março e até hoje, 14/abril, o produto não foi entregue. Não recomendo compra de produtos desta loja.",0.0,0,negativo
48387,Ainda estou na espera do produto,0.0,0,negativo
45662,"Entrega bem antes do prazo previsto, adorei, assim que se faz uma empresa séria.",1.0,1,positivo
76541,"Foi rápido, antes do esperado, estou muito feliz com a compra, parabéns à todos.",1.0,1,positivo
28626,bom produto,1.0,1,positivo
98950,Lindo! Macio e de ótima qualidade!,1.0,1,positivo
47092,"O serviço pela internet que vocês oferecem e muito bom. Só discordo com o valor do frete, muito alto. Eu ia comprar um tonner e umas canetas para cd, acabei desistindo. Daqui pra frente, só na loja.",1.0,0,negativo
62094,Ótimo produto/lindo!!! Recomendo.,1.0,1,positivo
68631,"Produto veio conforme anuncio, entrega dentro do prazo.",1.0,1,positivo
96120,"Não recomendo, pessoal irresponsável, eles se quer te informa o que p aconteceu, até agora n recebi meu Notbook",0.0,0,negativo
37124,"Foi objetivo, prático e eficaz.",1.0,1,positivo
9990,Produto ótimo,1.0,1,positivo
25122,Otimo,1.0,1,positivo
69751,Na imagem do produtomostra o chuveirinho mas veio sem,1.0,0,negativo
73057,Eu Estou satisfeita com o produto chegou direitinho,1.0,1,positivo
60559,era o q eu esperava,1.0,0,negativo
5933,o melhor site para comprar.,1.0,1,positivo
79746,Essa targaryen eu recomendaria!!! Agora lannister e eli magazine nao!!,0.0,1,positivo
7774,Quero meu dinheiro de volta,0.0,0,negativo
31178,otimo,1.0,1,positivo
11338,Muito bom,1.0,1,positivo
93727,"Comprometimento, dentro do prazo.",1.0,1,positivo
82380,"a melhor entrega de todos os produtos que já comprei no site, muito eficiente. Produto chegou rápido com tudo certinho.",1.0,1,positivo
51625,muito bom.,1.0,1,positivo
10475,Meu produto ainda não foi entregue estou muito insatisfeito com a loja.,0.0,0,negativo
88169,"Prezados,  Recebi o produto comprado em perfeito estado e dentro do prazo; recomendo esta empresa.  Att,   George Carvalho",1.0,1,positivo
53091,"Fiz a compra e o prazo estipulado era de 17 dias, previsto para o dia 09/04, porém chegou dia 28/03, muito rápido! O relógio veio dentro da caixinha, com certificado de garantia e manual.",1.0,1,positivo
86676,"Tudo certo, mas o produto bem que poderia vir embrulhado pra não chamar atenção.",1.0,0,negativo
67844,"Dois produtos similares, de uma mesma empresa, para o mesmo endereço, com entregas separadas. É o custo desnecessário que o cliente paga pela ineficácia do fornecedor.",1.0,0,negativo
14681,excelente,1.0,0,negativo
75078,"ENTREGUE EM PERFEITO ESTADO, DENTRO DO PRAZO.",1.0,1,positivo
46030,"Como o esperado, não deixou nada a desejar, para começar pelo acompanhamento do pedido, a cada mudança me enviava uma msg, e isso é muito importante, pois mostra a seriedade da empresa.",1.0,1,positivo
51677,Excelente produto. Obrigada!,1.0,1,positivo
12560,super recomendado para comprar ótima qualidade e chega no prazo até antes minha segunda compra super goste.,1.0,1,positivo
89843,"Comprei em um dia, recebi no outro. Incrível a agilidade da entrega e qualidade do produto, recomendo totalmente.",1.0,1,positivo
35742,produto entregue conforme anunciado,1.0,1,positivo
46262,Muito bom,1.0,1,positivo
48085,"Produto de má qualidade, de material frágil e diferente daquele ofertado. Não é sequer robusto e apresenta falhas na fabricação. Como faço para devolver?",0.0,0,negativo
81913,"Produto excelente, embalagem muito boa, prazo perfeito. Recomendo a todos.",1.0,1,positivo
92606,A capa do celular não serve para o modelo descrito. Vou devolver.,0.0,0,negativo
30094,Muito bom recomendo comprar nesse site,1.0,1,positivo
3899,excelente produto!,1.0,1,positivo
72664,Gostei muito do produtor,1.0,1,positivo
47770,"Chegou antes do esperado, produto é lindo e perfeito.",1.0,1,positivo
78428,"Não sei se é culpa da loja ou dos correios,mais comprei já tem um mês e não recebi,por isso recomendaria.",0.0,0,negativo
49397,Excelencia. Sempre compro aqui,1.0,1,positivo
19282,"Como de costume, a lannister manda muito bem no serviço e o relógio era tudo que eu esperava, estou muito satisfeito",1.0,1,positivo
80976,OS PRODUTOS DA baratheon são exelente parabens.,1.0,0,negativo
15302,eu apenas adorei o produto entregue com sucesso,1.0,1,positivo
29614,"Eu sempre recebi meus produtos dentro do prazo más dessa vez não sei o que aconteceu que ja paguei pelo produto e não recebi  Decepcionada",0.0,0,negativo
17066,"Dentro do prazo estipulado. Recomendo.",1.0,1,positivo
8027,"Perfeito entregue no prazo e bem embalado, Recomendo",1.0,1,positivo
99545,EXCELENTE,1.0,1,positivo
8849,Não chegou o produto poderiam enviar algum e-mail explicando,0.0,0,negativo
13082,Tudo certo!,1.0,1,positivo
19664,Recebi um cortador de salada ao invés das gaiolas,0.0,0,negativo
46845,Parabéns,1.0,1,positivo
56100,So uma peça que veio rachado mas tudo bem rs,1.0,0,negativo
18559,"Ótimo produto bem embalado, entrega na data prevista.Eu recomendo.",1.0,1,positivo
75813,"Sr(a) Gerente, recebi o Telefone com Fio Pleno na cor Preta Intelbrás Pedido: 02-666377620 e na compra foi indicada a cor Cinza Ártico, diferente da cor entregue. Solicito devolução do produto.",0.0,0,negativo
33859,"O produto é bom sim, muito bonito, macio e bem grande, mas achei um pouco fino.",1.0,0,negativo
35128,O produto chegou certinho e dentro do prazo. Gostei de comprar nesse site. Vou recomendar aos amigos.,1.0,1,positivo
45190,"Produto muito inferior ao que é apresentado na foto e descrição,não gostei e fiz a troca.",0.0,0,negativo
72210,"excelente ótimo produto entrega no prazo recomendo a todos ,,",1.0,1,positivo
24782,o produto é exatamente como mostrado no site. Super pratico e resistente para o que indicado. A entrega foi feita bem antes do prazo estipulado.,1.0,1,positivo
85381,Até a data de hoje 15/01/18 não recebi meus produtos. E o atendimento da lannister é horroroso pois só temos acesso a reclamações por meio do site. uma total falta de respeito para com os clientes.,0.0,0,negativo
5242,OTIMA,1.0,1,positivo
77261,"Chegou muito rápido! Tudo nos conformes! Adorei o relógio, muito lindo",1.0,1,positivo
60349,"produto lindo, qualidade excelente e de facil colocação",1.0,1,positivo
58572,Só achei que demorou pra chegar um pouquinho,1.0,0,negativo
78952,Não recebi,0.0,0,negativo
41642,"O produto chegou muito antes do esperado, maravilhoso.",1.0,1,positivo
14324,perfeito,1.0,1,positivo
86529,Do jeito que eu queria.,1.0,0,negativo
85362,Muito boa loja,1.0,1,positivo
54487,Espero ter mais oportunidades de compra,1.0,1,positivo
8060,recomendo,1.0,1,positivo
42024,"Recebi o meu produto antes do prazo de entrga, otima lija!",1.0,1,positivo
43255,"O relógio é lindo e tem várias funções. Só acho que ele tá mais pra feminino do quê masculino pois é bem pequeno; pra mim que sou mulher e tenho o pulso bem fino, ficou ótimo. Adorei!  Entrega Rápida",1.0,1,positivo
8061,Muito bom pois o produto chegou antes do prazo.,1.0,1,positivo
24390,Produto bom. Entrega rápida.,1.0,1,positivo
86129,"O produto e a ótima qualidade, porém veio na cor errada.",0.0,0,negativo
17515,Chegou tudo corretamente.,1.0,1,positivo
22300,"Recebi antes do prazo, muito rápio.",1.0,1,positivo
53312,"Sou cliente a muito tempo das lojas lannister. adoro sempre fui muito bem atendida nos prazos e produtos.",1.0,1,positivo
5115,"O produto comprado , chegou nos correios , mais os correios mandaram a cartinha de confirmaçao que o produto estava na unidade , depois do prazo . Poderia fazer o envio do produto de novo.?",1.0,0,negativo
36727,"Recebi o produto cheio de defeitos. Já solicitei devolução do dinheiro, estou aguardando retorno",0.0,0,negativo
88356,Gostei foi do jeito que estava na foto,1.0,1,positivo
51664,Ótimo produto e atendimento,1.0,1,positivo
31051,Demorou pra vim e ainda veio errado o pedido Nice,0.0,0,negativo
87575,perspectiva de nova compra,1.0,0,negativo
85245,Material recebido,1.0,1,positivo
69540,"Foi fácil e simples, como deve ser",1.0,1,positivo
2964,Atendimento perfeito. Produto chegou antes do previsto.,1.0,1,positivo
88431,"o produto chegou no dia seguinte!!! A base é excelente, recomendp!",1.0,1,positivo
78506,"Parabéns recebi antes do prazo combinado, super indico pois me manteve informado de todos os passos antes do recebimento é de pessoas responsáveis assim que precisamos... Parabéns",1.0,1,positivo
15813,"Trocaram meu produto, me enviaram o produto de outra pessoa.",0.0,0,negativo
27335,Ótimo produto para decorar a sua sala.,1.0,1,positivo
27144,Ótimo produto e veio em perfeito estado.,1.0,1,positivo
56035,até o momento não recebi nenhum produto,0.0,0,negativo
14367,euu recomendo esta loja,1.0,1,positivo
67464,Fiquei muito satisfeita! Ainda mais por ter sido entregue antes do prazo!,1.0,1,positivo
77893,Cumpre o prometido produto d qualidade,1.0,1,positivo
40922,Recebi antes do prazo e bem certinho e cuidado,1.0,1,positivo
38093,Esta nos correios desde 8/1,0.0,0,negativo
82936,"Excelente produto, vou comprar mais.",1.0,1,positivo
48288,ja é a segunda vez que peço esta carteira e não me entregam,0.0,0,negativo
45731,BOM DIA NAO RECEBI MEU PRODUTO ATE AGORA JA SE PASSAM DE 2 MESES QUERIA RECEBER MEU DINHEIRO DEVOLTA.,0.0,0,negativo
15992,"Produto foi entregue antes do prazo, parabéns super recomendo.",1.0,1,positivo
57365,Loja de conceito e respeito.,1.0,1,positivo
34533,Entrega rápida,1.0,1,positivo
52962,"Produto veio adequadamente embalado. Poderia chegar mais rápido - demora demais, mas conforme prometido.",1.0,1,positivo
76389,Ótimo produto . Recebi certinho . Recomendo,1.0,1,positivo
82769,O pedido 03-500865933 não veio o cachepot de parede. Só veio o cachepot vaso. Podem me ajudar?,1.0,0,negativo
4777,"Equipe está de parabéns,são pontuais,produto chegou com embalagem reforçada e exatamente o produto anunciado.",1.0,1,positivo
15144,"Produto pago, mas não houve entrega até agora.",0.0,0,negativo
25966,Chegou antes do prazo.,1.0,1,positivo
57890,"bom produto,estou sastifeito com o produto eu recomendo.",1.0,1,positivo
76094,"Produto maravilhoso, amei! Prazo cumprido",1.0,1,positivo
53803,Recebi o produto errado e já faz dois dias que tento falar com o fornecedor e não tenho retorno nem mesmo das Lojas lannister.,0.0,0,negativo
1264,Entrega muita rápida e produto em ótimo estado.,1.0,1,positivo
49304,"Lojas lannister está de parabéns... Produto excelente..entrega dentro do prazo.. Arrasou Super recomendo!",1.0,1,positivo
87082,Adorei minha compra A entrega foi antes do prazo.,1.0,1,positivo
99821,"Atendimento e envio super recomendado. Produto ainda não usei, não deu tempo.",1.0,1,positivo
9097,"recebi a nota fiscal de 6 produtos mas so entregaram 1 , liguei para o lojista e foi ate atencioso falou que tinha enviado os 6 pois ele falou que tinha que fazer uma encomenda(caixa) para cada vidro",0.0,1,positivo
53892,Está de parabéns chegou antes do prazo .,1.0,1,positivo
61952,Perfeito e foi entregue conforme combinado.Ótimo vendedor.,1.0,1,positivo
21271,"Ótima bolsa,reforçada,tamanho excelente.Entrega rápida.Super recomendo.",1.0,1,positivo
98076,A entrega ocorreu rapidíssima. Me surpreendeu!,1.0,1,positivo
68290,"Só recebi os dois refis... não recebi o kit com a capa e película, a qual consta entregue.... o que devo fazer???",0.0,0,negativo
41200,"Eu não recebi os dois produtos falta  Kit tapetes para cozinha 3 peças pintado à mão - Cru 1 unidade - R$ 35,00 cada",0.0,0,negativo
5204,"Produto entregue dentro do prazo, extremamente bem embalado (protegido) e funcionando corretamente.",1.0,1,positivo
2438,"Pedido entregue antes do prazo, voltarei a comprar nessa loja",1.0,1,positivo
17495,entrega super rápida,1.0,1,positivo
22127,"Não consigo abrir o rastreamento e consta como entregue, quero o produto. Quero urgente uma posição sobre isso.",0.0,0,negativo
92675,"Atendimento rápido, como também foi a entrega. Parabéns!",1.0,1,positivo
88150,"Ótimo produto. Prático, moderno e com uma carga que dura bastante.",1.0,1,positivo
29057,Amei. Bolsa lindas e ótimo material.,1.0,1,positivo
63406,Fiquei bem decepcionada com o produto recebido. Inclusive solicitei devolução do mesmo. A entrega não foi condizente com a propaganda feita....,0.0,0,negativo
73596,"ainda nao recebi o produto e nao consigo gerar vale para comprar outro. exijo atenção para meu caso.",0.0,0,negativo
174,"Entregou no prazo certo, fiquei feliz com a compra que fiz",1.0,1,positivo
21398,Ok,1.0,1,positivo
26522,A entrega foi dentro do previsto estou satisfeito.,1.0,1,positivo
8675,Ótimo,1.0,1,positivo
50777,O teclado não foi entregue ainda,0.0,0,negativo
99211,Bom preço e entrega rápida. Recomendo!,1.0,1,positivo
94801,Gostei,1.0,1,positivo
99500,ENTREGA SUPER RAPIDA OTIMO PRODUTO,1.0,1,positivo
73816,O prazo de entrega do produto era dia 08/03. Ainda não recebi o produto e ninguém entrou em contato comigo para dar alguma explicação.,0.0,0,negativo
99172,"Produto chegou no prazo esperado, de qualidade boa.",1.0,1,positivo
15667,FBFHJJKLI\ZXDAd,0.0,0,negativo
19943,SOBRE A CORTINA ÓTIMA,1.0,1,positivo
89586,Entrega super rápida,1.0,1,positivo
26924,otimo produto,1.0,1,positivo
78120,Na foto era uma colcha linda ia até o chão ....na realidade ficou na metade,0.0,0,negativo
15243,Entrega no prazo e produto de qualidade!,1.0,1,positivo
18338,Estou aguardando ainda o recebimento do produto.,0.0,0,negativo
10602,Ainda não enchemos a boia mas a princípio veio tudo certo e no prazo de entrega!!,1.0,1,positivo
33590,Não posso avaliar a loja no momento tô muito triste e chateada procurando os meus direitos pq tava agendado pro dia 15/02. Até o momento nada e nenhuma satisfação fui nos coreeios e nada.,0.0,0,negativo
8558,Fiz a compra de dois prudutos juntos e recebi somente um código. Automaticamente achei q viaria os dois mas só chegou um,0.0,0,negativo
49843,"Comprei um cartão Micro SD XC I Classe 10 e recebi um microSHC UHS-I Card, que é inferior. A imagem utilizada no anúncio ou é p/ enganar o cliente, ou o produto errado foi enviado de forma proposital",0.0,0,negativo
57110,Atendeu as minhas espectativas,1.0,1,positivo
92557,Compra tranquila e entrega sem problemas.,1.0,1,positivo
83941,otima loja,1.0,1,positivo
22732,"É lamentável o que está acontecendo,está muito difícil comprar pela internet. Sendo que a compra está paga,já debitada do meu cartão,e até agora não consigo usufruir do meu produto.Não tenho notícias!",0.0,0,negativo
88523,"Não recomendo a empresa, mais de 30 dias e não recebi o produto.",0.0,0,negativo
89383,Gostei do produto. Veio certinho e bem embalado. Até vieram alguns a mais. Recomendo!,1.0,1,positivo
92822,"Produto é melhor do que esperado, mas demorou demais, era um presente e acabei dando o mesmo atrasado. :(",1.0,0,negativo
16557,"Entregue antes do término do prazo, gostei muito!",1.0,1,positivo
41319,Muito bom,1.0,1,positivo
10856,Corretos e precisos.,1.0,1,positivo
99152,O produto foi recebido com sucesso e dentro do prazo. Cliente satisfeito.,1.0,1,positivo
21967,"Meu produto chegou incompleto,faltou um produto, o whaite. Estou muito chateada.",0.0,0,negativo
48283,"O lustre veio totalmente quebrado, o vidro chegou todo estraçalhando",0.0,0,negativo
8168,Sem comentários... excelente atendimento,1.0,1,positivo
47737,Meu produto não foi entregue ainda,0.0,0,negativo
10141,produto bom e com bom preço,1.0,1,positivo
10127,otina loja recomendo a todos estão de parabéns pela eficiência.,1.0,1,positivo
55842,Recomendo,1.0,1,positivo
94019,Recomendo.,1.0,1,positivo
53526,Cliente 100% satisfeito,1.0,1,positivo
10734,Excelente,1.0,1,positivo
61567,"O produto, é exatamente como esperava.perfeito.",1.0,1,positivo
69096,"PRODUTO ENTREGUE VAZANDO DENTRO DA CAIXA NÃO TEM UM CUIDADO SE QUER COM PRODUTO, A ENTREGA FOI ANTES DO PRAZO.",0.0,1,positivo
39906,Recomendo sempre.,1.0,1,positivo
52608,Recebi o produto.Obrigado.,1.0,1,positivo
31046,Eu recomendo muito,1.0,1,positivo
94666,"- O PRAZO MÁXIMO ERA DIA 19/03/2018 E HOJE DIA 21/03/2018 ATÉ O PRESENTE MOMENTO NÃO RECEBI A MERCADORIA. - SE ALGUÉM ME PERGUNTAR SOBRE A COMPRA EFETUADA , FALAREI QUE NÃO RECEBI!",0.0,0,negativo
89716,Muito boa e rapida entregou antes do prazo,1.0,1,positivo
44670,"O pé do personagem veio descolando. Mas pelo preço , valeu.",1.0,0,negativo
30148,"Produto muito bom, e entrega rápida!",1.0,1,positivo
25673,chegou correto e rapido,1.0,1,positivo
91182,"Td dentro do combinado!  Obrigada",1.0,1,positivo
28347,Eu amei comprei dia 1.8. chegou dia 3.8,1.0,0,negativo
55334,Preciso receber meu produto!,1.0,1,positivo
93059,Produto nao com qualidade de imagem muito boa na minha opiniao !,1.0,0,negativo
26201,"O pedido chegou antes da data prevista, satisfeitíssima",1.0,1,positivo
60906,Recomendo o produto ! Recebi dentro do prazo de entrega!,1.0,1,positivo
61057,Excelente servico. Recomendo,1.0,1,positivo
40603,Produto entregue no prazo e de acordo.,1.0,1,positivo
32174,Gosto de comprar com vocês,1.0,1,positivo
27367,Produto entregue no prazo. Recomendo,1.0,1,positivo
80227,Excelente entrega antes do prazo parAbéns.,1.0,0,negativo
52718,Entrega super rápida!,1.0,1,positivo
52685,"Meu produto foi entregue porém está faltando peças, comprei dois jogos de 30 cabides cada e só recebi 28 cabides. Por favor, providenciar entrega do restante. Aguardo providências.",0.0,0,negativo
49718,Valew nota 1000,1.0,0,negativo
34408,sem comentarios,1.0,0,negativo
65020,"Quero informar que acho uma falta de respeito com consumir final ficar aguardando algo que já foi pago e não entregue, favor resolver essa situação urgente ou estarei acionando minha ADVOGADA.",0.0,0,negativo
83500,Chegou bem antes do esperado 😍,1.0,1,positivo
84644,Deu tudo certo.,1.0,1,positivo
2631,"Comprei dois pendentes,Quando fui fazer a retirada nos Correios só tinha um. Estou aguardado uma posição da empresa.",0.0,0,negativo
31943,"Produto original e entrega super rápida. Recomendo.",1.0,1,positivo
21758,"creio que houve engano   informo que recebi mesa de piqui nique e entrei em contato com empresa sem exito mas meu pedido nao foi atendido",0.0,0,negativo
44553,"Ainda aguardando. Prometeram entregar esta semana.  Na verdade em comprei em 7 de Março e nao de abril.",0.0,0,negativo
16759,"Melhor preço,produto muito bom.",1.0,1,positivo
19293,Estou satisfeito com a compra,1.0,1,positivo
74441,Top,1.0,1,positivo
48458,"Parabéns ao stark.com, recebi o produto bem antes do prazo estipulado, recomendo.",1.0,1,positivo
87371,"A nota veio com o nome de outra empresa ?gaste pouco? a qual já havia cancelado um pedido por não terem o produto que anunciaram, a targaryen mandou outro produto sem nem consultar minha opinião",0.0,0,negativo
67617,Ainda não recebi o produto,0.0,0,negativo
90336,Produto ótimo... melhor que o esperado.,1.0,1,positivo
54642,"Roteador cumpre o que promete, realmente atravessa paredes.",1.0,0,negativo
84241,Paguei pelo produto e não recebi,0.0,0,negativo
87013,produto chegou antes da data prevista.,1.0,1,positivo
6752,recebi com tres dias foi melhor do que eu esperava.lindo relogio,1.0,1,positivo
34721,Muito bom produto,1.0,1,positivo
50294,Super recomendo,1.0,1,positivo
72637,"Bom atendimento de rastreabilidade. Prazo excelente.",1.0,1,positivo
80796,Ainda aguardando o envio do produto.,0.0,0,negativo
14120,Otimo produto,1.0,1,positivo
65756,Já passou 3 dias e o produto não foi entregue.,0.0,0,negativo
76232,Comprei um boneco Hulk pro meu filho e ele amou. Eu recomendo a loja entregou antes do prazo amei estão de parabéns....,1.0,1,positivo
11713,Tudo muito bom.,1.0,1,positivo
6000,dfgadfgertterqt,1.0,0,negativo
93622,Recomendo este produto.,1.0,1,positivo
8792,bom mas o problema foi correios,1.0,0,negativo
20116,Fiz a compra de 2 combos de frontline e veio apenas 1.,0.0,0,negativo
1221,"Comprei 2 unidades do produto, veio avariado visto que a embalagem é muito fraca, sendo que veio com dois buracos no fundo da panela, devido a pressão que dog colocado em cima dele.",0.0,0,negativo
37904,"Devolvi o cartucho, pois comprei um produto e recebi outro.  A empresa já recebeu o produto.  Peço a lannister.com informar quando será realizado o estorno no meu cartão de crédito.",0.0,0,negativo
52641,"Produto ainda nao foi entregue e consta para retirada nos correios, no Paraná. Uma vez que moro em São Paulo, capital, fico me perguntando como farei essa proeza!  Preciso duma posição urgente!",0.0,0,negativo
18798,"Veio bem embalado e ótima condições,Ainda não usei.",1.0,1,positivo
43044,Chegou bem embalado e serviu certinho no meu gol,1.0,1,positivo
7871,Tudo de bom.,1.0,1,positivo
30463,ótimo produto e qualidade.,1.0,1,positivo
43894,"A data prevista era o dia 5/1/2018. Recebi o produto no dia 11/01/2018 que veio errado. Pois comprei dois espremedores e recebi apenas, um já reclamei no mesmo dia da entrega e não obtive retorno.",0.0,0,negativo
33291,recomendo sim pois entrega sertinho produto do geito que e postado super recomendo,1.0,1,positivo
15202,Gostei muito da minha balança digital,1.0,1,positivo
33578,Recomendo!,1.0,1,positivo
25780,Não é bom.o material,0.0,0,negativo
58366,"gostei muito , a entrega foi feita antes do prazo muito bom.",1.0,1,positivo
57625,"Veio conforme o anúncio, muito bom.",1.0,1,positivo
83302,"Muito atraso na entrega, sem Feedback com cliente. Espero nunca mais precisar comprar algo nesta loja. Não recomendaria nunca está loja! Estou até com medo de não receber o produto ! Indignado!!!",0.0,0,negativo
64128,"Gostei e funciona bem! A entrega foi rápida.",1.0,1,positivo
71524,Show de bola,1.0,0,negativo
44276,"produto bom,entrega no tempo previsto, recomendo.",1.0,1,positivo
49033,tudo certo,1.0,1,positivo
80328,até hoje tudo que encomendo das lojas lannister vem muito certo...gosto de voces,1.0,1,positivo
82691,"Entrega super rápida ,produto excelente,minha filha adorou.",1.0,1,positivo
24679,"Acabei de receber o lençol, sempre recebo antes do prazo, dessa vez atrasou mais chegou, obrigada.",1.0,0,negativo
24933,"Atendimento excelente, agradeço a funcionária Maria Eduarda da Equipe targaryen, pelo esclarecimento de dúvidas.",1.0,1,positivo
26868,"Comprei 4 luminárias e até o momento, recebi 3. Já liguei para a empresa responsávelpela entrega e fui informada que devo receber logo a luminária que falta",0.0,1,positivo
68363,"A loja entrou em contato comigo quase um mês depois , me dizendo que , não tinha o produto que me foi vendido e por isso não me entregou !",0.0,0,negativo
1245,GOSTAEI DA RAPIDEZ DA ENTREGA,1.0,1,positivo
45128,TUDO CERTO ENTREGUE NO PRAZO,1.0,1,positivo
73259,Boa logística,1.0,1,positivo
49292,"Excelente produto....amei . Entregue antes da data prevista.",1.0,1,positivo
19500,Nao recebi nem o produto nem o reembolso.,0.0,0,negativo
30832,Chegou antes do prazo adorei,1.0,1,positivo
8623,ATENDIMENTO EXCELENTE,1.0,1,positivo
20356,Muito boa,1.0,1,positivo
28814,Tudo ok so falta usar,1.0,0,negativo
84807,Ainda não testei o produto,1.0,0,negativo
23060,Tudo certo e rapido. Obrigado.,1.0,1,positivo
60377,Muito rapido a entrega produto de otima qualidade,1.0,1,positivo
43764,"Recebi no dia seguinte, e o prazo era 8 dias úteis! !!! Muito bom, superou as expectativas!",1.0,1,positivo
93279,Bom dia. Comprei duas unidades do balde mop e até o momento só recebi uma.,0.0,0,negativo
23074,"Excelente loja, ocorreu tudo certo e recebi o produto até antes do prazo. 100% recomendo.",1.0,1,positivo
1832,Sempre cumpre os prazos de entregues,1.0,1,positivo
70737,Eu Pedi 05 caixas e so entregarão 04 e as caixas vieram todasdanificadas,0.0,0,negativo
53208,"Produto entregue dentro do prazo, fornecedor confiável",1.0,1,positivo
17268,O relógio é lindo gostei muito. Em relação a embalagem veio muito bem protegido.,1.0,1,positivo
7736,"Veio como combinado, gostei muito, fui testar e fiquei docinho RS. Em breve vou acostumar a fazer algodões e ficarei craque!",1.0,1,positivo
6732,Muito boa. bom,1.0,1,positivo
51384,Excelente produto,1.0,1,positivo
70509,"ótimo produto, atendeu as minhas expectativas e recomendo, produto muito bom.",1.0,1,positivo
79830,"produto bom, chego rapido",1.0,1,positivo
93936,"O atraso na entrega foi dos Correios, conforme rastreamento feito.",1.0,0,negativo
1235,Excelente serviço,1.0,1,positivo
65918,Gostei foi enviado dentro do prazo...,1.0,1,positivo
27174,Chegou certinho....,1.0,1,positivo
28384,"Amei meus pendentes😍 Entrega super rápida .",1.0,1,positivo
44543,"Estão faltando duas garrafas de vinho!!! A compra foram 6 e só veio 4. Tomem providências Atenciosamemte",0.0,0,negativo
86527,Recomendo,1.0,1,positivo
10022,Entregou antes do prazo.Produto de ótima qualidade .Super recomendo,1.0,1,positivo
72815,produto entregue conf.descrito no site.recomendo,1.0,1,positivo
44924,lannister a melhor!,1.0,1,positivo
78319,Entrega muito rápida e produto de ótima qualidade.,1.0,1,positivo
77572,"O produto é totalmente diferente do que foi anunciado  Não é preto e sim um verde escuro a parte do desenho que deveria ser branco veio uma cor nude parece que o tapete está sujo  Horrível",0.0,0,negativo
2222,Comprei um produto que está com defeito e não consigo trocar da erro no site.,0.0,0,negativo
43928,Adorei a cortina,1.0,1,positivo
20959,"Segundo a especificação o produto seria para Sony Z3 Plus E6533, porém a película q veio nem ao menos chega a cobrir toda a tela do aparelho, esse produto é um erro grosseiro, enganador.",0.0,0,negativo
63200,Parabéns ...,1.0,1,positivo
85652,Não recebi o produto,0.0,0,negativo
72431,Poderiam disponibilizar o tamanho das pulseiras para que pudéssemos fazer a escolha certa.,1.0,0,negativo
71389,Ótima loja!! Recomendo!!,1.0,1,positivo
23415,O tapete é muito lindo e de ótima qualidade,1.0,1,positivo
90900,"O produto veio com as peças trocadas e não consegui montar.  Quero providências !",0.0,0,negativo
62119,"Já comprei no stark e nunca atrasou essa é a primeira vez que tá tendo atraso , mas justificaram o porquê, mas ainda não chegou, no aguardo!!",1.0,0,negativo
19849,Linda a rede de dormir e estou satisfeita pq a entrega foi antes do prazo.,1.0,1,positivo
93321,"Sempre compro e a entrega é rápida, antes do prazo estipulado.",1.0,1,positivo
65333,ainda não testei,1.0,0,negativo
86430,Pedido 02-664287063 não foi entregue até a presente data. Quando as Lojas lannister irão efetuar a entrega?,0.0,0,negativo
53191,Sempre pontuais.,1.0,1,positivo
63966,Gostei do produto e da agilidade de entrega.,1.0,1,positivo
17692,No prazo e produto com boa qualidade,1.0,1,positivo
35577,Produto muito bom. Preço realmente bom em relação a execelente qualidade do produto.,1.0,1,positivo
19401,Não tenho nada a declarar pq cancelei a compra no dia 13/02/2018 e não recebi nenhuma entrega,0.0,1,positivo
3412,Recomendo a todos,1.0,1,positivo
17706,"Muito rápido Gostei",1.0,1,positivo
87374,Americas.com sempre empeçável,1.0,0,negativo
48247,Tudo certo e ótimo.,1.0,1,positivo
29644,chegou bem antes do prazo,1.0,1,positivo
19365,O prazo era ate dia 3/4 e ate hoje nada .nao me deram nem previsao nova de entrega .so quero que resolvam e me entregue o mais rapido possivel .porque se eu nao estivesse precisando nembteria comprado,0.0,0,negativo
92166,Recebi o produto dentro do prazo estabelecido. Loja confiável.,1.0,1,positivo
14506,Excelente trabalho,1.0,1,positivo
78174,"Material perfeito, melhor do que eu esperava",1.0,1,positivo
43267,"A entrega é rápida, agora o produto que eu comprei e uma porcaria e cara e quando vcs estão oferecendo o cartão de crédito Visa era sem anuidade.",0.0,0,negativo
33988,Ótimo produto,1.0,1,positivo
41817,"Saca rolhas de plástico, EXTREMAMENTE FRACO, que não seria capaz de abrir nem uma mamadeira, quanto mais uma garrafa de vinho. Quebrou no 1° uso! DINHEIRO TOTALMENTE JOGADO FORA! PÉSSIMO! Loja targaryen.",0.0,0,negativo
99153,O produto chegou com a voltagem errada e quebrado. Aguardo a troca da mercadoria.,0.0,0,negativo
33431,Bom,1.0,1,positivo
50096,Veio Rápido e atendeu minha necessidade,1.0,1,positivo
4304,"Estou tentando o reembolso da compra, uma vez que tentei realizar o cancelamento da compra e o site não permitiu. Já devolvi o produto conforme orientação e não recebi nenhum retorno.",0.0,0,negativo
45707,"recebi o produto , chegou td certo e antes do prazo , em breve faremos negocio ,,,,,,",1.0,1,positivo
27412,"Era de 12 dias e recebi quase um mês, não culpo a loja em si. Agora as lannister tem que ir em cima dos correios pois a capa chegou 1° que o celular. Obrigado a targaryen foi bom.",1.0,0,negativo
85606,"A bolsa que o site descreve não bate com a que recebi. A qualidade do produto é péssima! É uma bolsa maternidade bem frágil. Chegou antes do prazo, porém não recomendo comprar.",0.0,0,negativo
72846,Poderia ter recebido o produto na loja a 50 metros de minha residência.,1.0,0,negativo
67328,Gostei. Bom material. Bom preço.,1.0,1,positivo
98329,As peças da maçaneta do carro não encaixou direito,1.0,0,negativo
28918,nao recebimento,0.0,0,negativo
81351,chegou antes do prazo determinado pela loja.,1.0,1,positivo
70383,Muito boa,1.0,1,positivo
82109,Perfeito entrega tudo beleza,1.0,1,positivo
71593,"Gostei muito, entrega antes do prazo estipulado. Produto correto, sem avarias. Recomendarei com certeza.",1.0,1,positivo
11625,O produto é maravilhoso mas pela quantidade não vale a pena,0.0,0,negativo
1149,Super recomendo.entrega e produtos ok.,1.0,1,positivo
87215,satisfação pela compra e entrega,1.0,1,positivo
47690,"Meu filho amou a mochila, a lannister como sempre entrega antes do prazo, super rápido. Super recomendada.",1.0,1,positivo
97052,"Eu sempre compro no baratheon e sempre me entregam bem rápido,só acho que teria que tomar mas cuidado com as transportadoras porquê comprei um produto e veio todo manchado,mas vieram fazer a troca fica",1.0,0,negativo
62608,"Entrega rápida e segura, loja muito boa.",1.0,1,positivo
21976,Comprei dois pentes de memória e me enviaram apenas um. Estou aguardando o prazo de resposta sobre esse problema. Foi uma palhaçada. Não recomendo a loja. Qualidade e responsabilidade é tudo!,0.0,0,negativo
46199,"Muito bom, loja entregou certinho",1.0,1,positivo
75330,"Super leve, porem nas fotos aparenta ser um pouco maior. Pequeno e lindo!",1.0,1,positivo
64834,.,1.0,0,negativo
22251,"o cartao do memoria nao funciona corretamente, perdi os arquivos que coloquei no mesmo... preciso fazer a devolucao",0.0,0,negativo
62478,"Excelente, do pedido até a entrega. Parabéns.",1.0,1,positivo
24239,"Chegou em uma semana,o prazo era de um mês ou mais,pq em dia de jogo da copa não seria contado como dias uteis, fiquei muito satisfeita com a rapidez.muito bom .",1.0,1,positivo
25328,Chegou antes do prazo e é muito lindo,1.0,1,positivo
53308,rápido e eficaz,1.0,1,positivo
35361,"a falta de respeito e considderação para com os clientes, essa perceira da das lannister, sempre comprei com as lannister, mais ultimentente não recomendo.",0.0,0,negativo
18616,"Eu solicitei o cancelamento da compra e não obtive retorno , o produto chegou não e o q eu gostaria , foi uma compra frustrada para mim",0.0,0,negativo
9532,"Comprei cartucho para impressora PG40 Canon mandaram cartucho compatível, no anuncio tem até a embalagem da Canon e posso estar enganada (mas acho que não estou) o cartucho é recarregado!?????!?!?!?!",0.0,0,negativo
49609,"Na foto parecia cinza, porém eu queria preta mas comprei mesmo assim por que o valor estava ótimo. Chegou preta como eu gostaria. Amei!!!",1.0,1,positivo
32217,otimo recebi no prazo e veio exatamenti o que comprei,1.0,1,positivo
59104,"Fiz uma excelente compra, o produto chegou antes do esperado e estava em perfeito estado. Obgda.",1.0,1,positivo
72874,Gostei muito do produto.Atendeu minhas expectativas.Recomendo.,1.0,1,positivo
96255,Tudo maravilhoso recomendo!,1.0,1,positivo
16614,Tudo ok. A entrega ocorreu em menos de 48 horas após a compra. Obrigada.,1.0,1,positivo
66507,"bons produtos  sao pequenos mas bons",1.0,1,positivo
34751,"Comprei e chegou antes do prazo, tudo perfeito.",1.0,1,positivo
12201,"Péssima experiência, nunca mais comprarei por esse site.",0.0,0,negativo
65309,Suporte é bem prático e resistente.,1.0,1,positivo
65072,"As compras que fiz no mesmo carrinho foram processaras de forma separada onerando o frete, uma das compras demorou demais para ser enviada e ainda não recebi o produto.",0.0,0,negativo
18981,Muito satisfeita.,1.0,1,positivo
14448,Muito bom em todos os aspectos.,1.0,1,positivo
57186,"Comprei 02 unidades desta luminária e foi entregue somente 01 até o momento, mais o statos da entrega fala que ja foi entregue, está e minha primeira postagem. informando o fato. Decepção total.",0.0,0,negativo
66195,Ótimo,1.0,1,positivo
8157,Recebi o produto com extrema rapidez. A caneca é muito bonita e atendeu às minhas expectativas.,1.0,1,positivo
49228,Muito bom. Adorei.,1.0,1,positivo
46045,Ótima,1.0,1,positivo
33580,Detestei a loja só me entregara m um cartucho liguei pra reclamar ai falaram q mandaram o outro separado e não me mandaram o cód de rastreio só fiquei sabendo pq liguei pra reclamar.,0.0,0,negativo
31888,NOTA 10,1.0,1,positivo
27125,não recebi o produto completo,0.0,0,negativo
91611,mt bom o produto,1.0,1,positivo
72899,"Está mercadoria foi pedida duas vezes por engano. Pedi o cancelamento de um deles, porém não foi efetivado e não me deram resposta. Resultado estou com 6 peças idênticas do produto. Fiquei indignada.",0.0,0,negativo
90230,Gostei.,1.0,1,positivo
26267,"RECEBI APENAS A METADE DOS PRODUTOS, ESTOUNO AGUARDO DO RETORNO ATÉ AGORA! JÁ TENTEI CONTATO ATÉ O MOMENTO SEM SUCESSO, NINGUÉM ATENDE NOS TELEFONES REFERIDOS!! FALTA DE RESPEITO!! ABUSO",0.0,0,negativo
39928,"valor acessível e produto muito bom, dentre as demais qualidades de entrega rápida e correta.",1.0,1,positivo
94947,"o produto não faz o que propõe infelizmente é fraco e a durabilidade na pele é bem pequena e, ainda possui brilho, com isto mostra as linhas de expressão. O vendedor é excelente, o produto é que não.",1.0,0,negativo
80891,Produto exatamente como anunciado,1.0,1,positivo
92047,"A loja postou bem rápido, embalagem simples, mas a encomenda estava bem protegido dentro da caixa. O correio atrasou a entrega.",1.0,0,negativo
15917,Tudo entregue antes do prazo e em perfeitas condições!!!,1.0,1,positivo
5331,"Excelente produto, entregue no prazo. Recomendo.",1.0,1,positivo
5784,PRODUTO DE BOA QUALIDADE E BONITO,1.0,0,negativo
91607,satisfeita com a compra realizada.,1.0,1,positivo
40558,Entrega super rapida... E o produto muito bom.de excelente qualidade... Super aprovado,1.0,1,positivo
98059,"Recebi como contratado, e ainda antes.",1.0,1,positivo
92420,Preciso do óleo para fortalecer meu sistema imunológico,1.0,0,negativo
41014,"Recebi tudo perfeitamente, 20 dias antes do prazo determinado. Só não posso avaliar o produto ainda, pois ainda estou utilizando o último toner que eu tinha.",1.0,1,positivo
92406,"paguei por um MOP giratório cod 7824 e entregaram mop cod 8210, de qualidade muito inferior .  Quero cancelar compra.",0.0,0,negativo
39631,Não recebi o produto nem satisfação da empresa quanto ao ocorrido.,0.0,0,negativo
90135,comprometimento com o cliente,1.0,1,positivo
46070,BOM,1.0,1,positivo
39827,"O produto molfix é ótimo. Que comprei mais direto com a loja. A loja americana é excelente.",1.0,1,positivo
81551,Maravilhoso!!!!,1.0,1,positivo
66138,produto bom pelo preço.,1.0,1,positivo
68823,"comprei um botox plastica dos fios e me entregaram uma progressiva da zap, muito insatisfeita ...primeira vez q isso acontace",0.0,0,negativo
26376,a encomenda era para o Natal e não chegou a tempo.Espero que chegue para o ano Novo.Sempre comprei e nunca ocorreu de não receber.Aguardando resposta urgente.,0.0,0,negativo
46674,Primeira vez que não recebo o produto.,0.0,0,negativo
44353,Comprei um produto e foi entregue outro de valor correspondente a aproximadamente metade do valor do produto que eu havia comprado.,0.0,0,negativo
86055,Muito bom o produto. Chegou antes do prazo!! Super recomendo,1.0,1,positivo
85114,Comprei dois telescópios e só foi entregue 1.,0.0,0,negativo
46715,A mercadoria ainda não chegou.,0.0,0,negativo
43825,Cadeirinha veio errada e ate agora não entraram em contato comigo me dando a solução do meu problema. o produto é para presente ate sábado dia 25/11 e ninguém me da uma solução!,0.0,0,negativo
21569,Entrega mto rápida parabéns,1.0,1,positivo
77921,excelente parabéns toda equipe,1.0,1,positivo
4504,O pessoal da loja entrou em contato durante todo o período da compra!! Atenciosos e eficientes como nunca vi antes!! Parabéns pelo excelente parceiro!!,1.0,1,positivo
27545,Apesar da demora na entrega chegou dentro do prazo e está tudo correto.,1.0,1,positivo
27680,"Achei o produto excelente, porem nas fotos do site não informa que é produto Chinês, que aparentemente parece ser bom.",1.0,0,negativo
90041,Não recebi o produto ainda!!!,0.0,0,negativo
53116,"Excelente vendedor, produto novo na embalagem e entrega dentro do prazo estipulado",1.0,1,positivo
48257,Entrega rápida e o produto dentro do esperado. Recomendo.,1.0,1,positivo
42310,Achei a qualidade do produto muito inferior ao que detalhava nas informações. A qualidade do tecido não me agradou.,0.0,0,negativo
76134,Ñ compriu seu prazo de entrega,0.0,0,negativo
14051,Tudo ótimo. Entregaram antes do prazo!!!,1.0,1,positivo
39370,"GOSTEI, É DE QUALIDADE.",1.0,1,positivo
23557,Chegou bem antes do previsto,1.0,1,positivo
57343,"produto muito bom,chegou antes do prazo e de ótima qualidade!",1.0,1,positivo
57769,"O app das lojas lannister não informou corretamente o status do produto, ficou o tempo todo como NF emitida e não informou que já havia saído para transporte",1.0,0,negativo
78121,Produto não foi entregue,0.0,0,negativo
11495,Vieram somente 2 dos 3 itens que pedi,0.0,0,negativo
70529,"comprei 5 cadeiras e ate o presente só recebi 4, ainda aguardando a 5 cadeira",0.0,0,negativo
42304,Estou Feliz e recomendo o site.,1.0,1,positivo
78631,blza bomm,1.0,0,negativo
42950,recomendo quem estiver a procura.,1.0,1,positivo
59328,"Recebí o produto antes mesmo do prazo. Obrigada super satisfeita. Parabéns! Por isso que indico a todas as pessoas amigas.Um abraço",1.0,1,positivo
88884,Recomendo,1.0,1,positivo
42084,Muito bom,1.0,1,positivo
9046,Chegou no prazo e o produto de boa qualidade!,1.0,1,positivo
22863,Tudo ok,1.0,1,positivo
68993,Muito bom continuem assim!,1.0,1,positivo
49618,"Sou cliente satisfeito, nunca tive problemas com essa loja; lannister parabéns a toda a equipe...",1.0,1,positivo
5788,Muito bom,1.0,1,positivo
45349,"Comprei Cinta Térmica Ajustável Modeladora Abdominal Shape Now HB,porém chegou Cinta Modeladora Abdominal Emagrecedora.",0.0,0,negativo
5275,"comecei usar o produto ontem, nao tenho como avaliar a eficacia. entrega rapida e bem embalado.",1.0,1,positivo
26599,Entrega muito rápida.,1.0,1,positivo
16793,Gostei muito,1.0,1,positivo
80496,"Super recomendo o produto chegou bem antes do prazo, sem nenhuma avaria.",1.0,1,positivo
68651,eu gosto de comprar os produtos de vcs.,1.0,1,positivo
76944,O produto é muito bom.,1.0,1,positivo
95048,Produto conforme anunciado.,1.0,1,positivo
32709,Muito bom,1.0,1,positivo
87537,Obrigada por serem tão eficientes!,1.0,1,positivo
11745,RECOMENDO,1.0,1,positivo
47555,"Recebi os itens hoje em uma caixa toda rasgada a carretilha toda riscada e a vara não é a que eu comprei, paguei por uma vara Ottoni Júlia de 2,10 e veio uma vara maruri pintado menor.",0.0,0,negativo
43159,Previsão de entrega para 3/4 e entregaram dia 20/3. Excelente !,1.0,1,positivo
71467,"Chegou antes do prazo...  Produto muito bom.",1.0,1,positivo
2346,"Somente um adentro o terminal do carregador não é compatível com as tomadas de uso atualmente, sendo necessário um adaptador. Solicito que encaminhe um conector compatível.  Abraços",1.0,0,negativo
2963,"A entrega foi no prazo,O relógio é muito bonito só pensei que ele seria maior, mais fora isso não tenho o que reclamar",1.0,1,positivo
5358,ótimo produto.,1.0,1,positivo
85768,Entrega boa,1.0,1,positivo
57215,Como sempre às Lojas lannister é sempre pontual Muito obrigado,1.0,1,positivo
55974,Paguei o frete e não recebi o produto em casa tive que retirar no correio e ainda pagar para ser transportado até a minha casa. Ainda mandaram o produto para uma agência do correio em área de risco.,0.0,0,negativo
43742,Ja paguei a 1° parcela e ainda não chegou,0.0,0,negativo
73934,Transação rapida e segura.,1.0,1,positivo
81508,Nunca mais compro no lannister,0.0,1,positivo
63822,"Comprei um shampoo revlon de 1L e chegou um shampoo revlon de 300ml, sendo que eu comprei e paguei o de 1 L",0.0,0,negativo
16624,"Gostaria de saber como vai ficar minha situação, pois o produto não foi entague",0.0,0,negativo
6425,otimo,1.0,1,positivo
59044,Chegou no prazo e do jeito q eu queria,1.0,1,positivo
82178,"PRODUTO DENTRO DO ESPERADO, DE FÁCIL MONTAGEM, RECOMENDO.",1.0,1,positivo
51993,"Produto diferente do anunciado. Muita dificuldade para devolver, o site nao entra em contato e nem responde minhas reclamações. Não recomendo!!!",0.0,0,negativo
50792,Recomendo,1.0,1,positivo
85647,Foi tudo correto.,1.0,1,positivo
48413,Tudo ok,1.0,1,positivo
15309,"Super Recomento, meu produto chegou no dia seguinte da comprar super bem embalado. Parabéns!!",1.0,1,positivo
64417,"Ate hoje o pedido não chegou entramos em contato com vocês e não tem nenhuma posição, para passar.",0.0,0,negativo
90188,Não tenho o que reclamar tudo perfeito,1.0,0,negativo
72902,Gostei da loja.entregaram muito antes do prazo. Vou comprar mais. Aprovado,1.0,1,positivo
56257,"O Produto veio correto, porém com defeito. As lentes menores estão trincadas.",0.0,0,negativo
69496,Gostei muito é bem mais forte do que esperava! Enche super rápido!,1.0,1,positivo
93249,"Tentei fazer o cancelamento do produto e até o momento a solicitação está em andamento e o produto ja foi entregue, agora preciso troca-lo e o serviço não está habilitado. Péssimo atendimento.",0.0,0,negativo
99899,Vendedor compromisso do vou o cliente,1.0,0,negativo
87818,O produto recebido é diferente do especificado no site.,0.0,0,negativo
66281,gostei do serviço,1.0,1,positivo
78382,Entrega dentro do prazo.,1.0,1,positivo
99760,"Faz um mês que comprei o livro, já paguei e até agora não vi o produto. Assim não da, lannister!",0.0,0,negativo
95426,Entregue pelos Correios antes do prazo! Tenho mais um produto a receber pela transportadora dentro do prazo mais demorado não chegou ainda!,1.0,0,negativo
79291,Só achei que deveria ter mais opções de amarrações no manual.,1.0,0,negativo
91699,Não recebi meu produto preciso urgentemente de uma posição,0.0,0,negativo
46641,"prazo de entrega ultrapassou o previsto, vi pelo status q ocorreu algo durante o transporte da mercadoria e esperava um contato para justificar o acontecido e q por isso a entrega atrasaria mas ñ tive",0.0,0,negativo
20830,"Os espelhos vieram todos ARRANHADOS. Um horror. Material de péssima qualidade, não recomendo a ninguém",0.0,0,negativo
61019,faltando peça!,0.0,0,negativo
66109,"Produto veio sem cabo USB e fonte,a caixa de dentro veio danificada e principalmente parece não ser original. Aguardando por uma solução.",0.0,0,negativo
4989,Gosto muito de comprar no site lannister.,1.0,1,positivo
57023,Entrega rápida !,1.0,1,positivo
71125,"O problema da entrega foi comunicado via site da lannister...depois tudo certo, produto entregue perfeito.",1.0,1,positivo
27248,"O produto é de boa qualidade, atendeu a nossa expectativa e veio em tempo record, fato que aprovo.",1.0,1,positivo
66310,"Não recebi o produto que pedi, comprei 2 luminárias e recebi APENAS 1 ESTOU SUPER INSATISFEITA",0.0,0,negativo
35971,Recomendo,1.0,1,positivo
28501,"Chegou antes do prazo muito bom, adorei",1.0,1,positivo
34551,MUITO BOA..,1.0,1,positivo
40660,Muito bom em breve comprarei mais,1.0,1,positivo
65789,"Pelo preço, valeu muito a pena são lindas e bem eespaçosas.",1.0,1,positivo
58633,Sempre no prazo,1.0,1,positivo
53222,"no pedido 01-69244741, consta na nota fiscal que comprei 02 caixas das lentes de contato, e recebi apenas 01 caixa.. poderia enviar a outra unidade pf. Senão vou ao procom denunciar a venda mal feita",0.0,0,negativo
401,"Chegou antes do prazo! Produto excelente!",1.0,1,positivo
5433,Péssimo não me deram nenhuma informação nem código e pior não me entregaram,0.0,0,negativo
38827,produto chego antes do prazo de entrega! estou muito satisfeito com o atendimento da lannister.com.,1.0,1,positivo
43182,Meus produtos estavam previstos para 8 de novembro e até agora NADA,0.0,0,negativo
83946,FIZ UMA COMPRA NA MESMA DE 2 CORTINAS RECEBI UMA . NÃO CONSIGO ENTRAR EM CONTATO PRA RESOLVER O PROBLEMA . MAS AINDA AGUARDO UM RETORNO PRA SOLUCIONAR MEU PROBLEMA . QUEM SABE NÉ,0.0,0,negativo
20203,Ainda não recebemos o produto,0.0,0,negativo
52528,"Ainda estou avaliando a qualidade do produto  pois nao conhecia o mesmo.",1.0,0,negativo
85825,Meu endereço estava errado e até agora a loja nao deu uma posição o produto já chegou na loja porém não sei se vão me reenviar ou devolver o dinheiro. Se vcs puderem me ajudar eu agradeço,1.0,0,negativo
65165,"OTIMO, CHEGOU ANTES DO PRAZO",1.0,1,positivo
69703,"produto entregue bem antes do combinado, é lindo!",1.0,1,positivo
42516,"Muito bom comprar mas lannister, entrega antes do prazo e produto em perfeitas condições, além do ótimo preço! Estou muito satisfeito, ótimo negócio, muito obrigado!",1.0,1,positivo
30156,Parabéns não foi no endereço que mandei tive que buscar o produto nós correios mas acredito que não foi culpa de vocês é sim dos correios,1.0,0,negativo
41137,MUito bom produto. Recomendo.,1.0,1,positivo
43639,Atende minha necessidade,1.0,1,positivo
69559,"Entregue antes do prazo, amei o produto!",1.0,1,positivo
36149,Tudo transcorreu sem maiores problemas,1.0,1,positivo
48992,Produto muito bom,1.0,1,positivo
25140,O produto chegou em perfeito estado e antes do prazo. Não tive nenhuma dor de cabeça!,1.0,1,positivo
65470,"Não foi entregue o produto que comprei, enviaram outro produto e solicitei a troca, enviaram um voucher que não foi aceito pelo correios, tive que ligar novamente e reclamar, voltar no correios ....",0.0,0,negativo
23565,"compra efetuada com sucesso.  tudo perfeito. cliente super satisfeito",1.0,1,positivo
40871,Eu aprovo..,1.0,1,positivo
54873,"o vendedor anuncia que o toner é compatível com minha impressora, porém não é, ao colocar o toner na impressora não se consegue fechar a tampa. o que impossibilita o uso dela.",0.0,0,negativo
4207,Recomendo a todos,1.0,1,positivo
22460,"Loja aprovada, recomendaria pra outras pessoas...irei comprar novos produtos.",1.0,1,positivo
68413,"Só acho que poderia ser um pouquinho mais barato. no mais foi ótimo a relação.",1.0,1,positivo
87778,"O prazo era de 17 dias e chegou em uma semana, produto exatamente como dá foto!Um charme no banheiro 😘",1.0,1,positivo
74148,O produto chegou até antes do prazo estipulado.,1.0,1,positivo
66814,Obrigada por entregar no prazo combinado,1.0,1,positivo
15809,"O PRODUTO NÃO CHEGOU, NO STATUS DE VCS ESTÁ COMO ENTREGUE E NÃO CONSIGO CONTATO POIS O TELEFONE 40034848 VCS NÃO ATENDEM (21)974836375",0.0,0,negativo
28927,Muito bom,1.0,1,positivo
5074,Gostei e recomendo !!!,1.0,1,positivo
53769,Nota 10,1.0,1,positivo
26556,"Para quem não é extremamente exigente, recomendo. O produto veio com pequenos arranhões mas nenhuma avaria. Tudo ok.",1.0,1,positivo
16446,"Fiz a compra de 2 pendentes e recebi somente um fui retirar no correio da minha cidade e lá fui informada que havia somente uma ordem no pedido para ser retirado,estou tentando ligaar e não consigo.",0.0,0,negativo
40841,"O produto chegou em perfeito estado. Bem embalado, antes da data de chegada. Pense numa satisfação número 1000.",1.0,1,positivo
11644,"Eu estou muito feliz com, os produtos da loja americana, pois tudo que eu comprei chegaram no prazo. Estou muito agradecida. Obrigado loja americana",1.0,1,positivo
60959,Produto entregue bem rápido.,1.0,1,positivo
97176,"O produto veio bem rápido e em ótimas condições. Compararia novamente e recomendo. Abs.,",1.0,1,positivo
92168,Recebi o meu produto bem antes do prazo estipulado. O relógio é lindo e me pareceu um produto de boa qualidade... Amei!,1.0,1,positivo
27098,Tudo correto,1.0,1,positivo
8878,Suporta até 90 k,1.0,1,positivo
91225,Produto bom e de qualidade,1.0,1,positivo
19494,Ainda vou testar o produto.,1.0,1,positivo
55495,Produto de qualidade. Compra satisfatória. Recomendo.,1.0,1,positivo
22951,Péssima entrega,0.0,0,negativo
17173,Ótimo produto entrega antes do prazo previsto .,1.0,1,positivo
78190,Pode ser mais rápido a entrega.,1.0,0,negativo
7340,"O produto chegou bem antes do prazo,três dias após a confirmação do pagamento,veio bem embalado,bem protegido,o pote com as capsulas veio lacrado e também é bem seguro e firme,parabéns as lannister.",1.0,1,positivo
64427,ótimo entrega rápida e eficiente gostei muito,1.0,1,positivo
19180,"Venderam uma geladeira que ainda estão esperando fabricar, recebi mensagem que não vão entregar a mesma como posso confiar na loja desta forma.",0.0,0,negativo
98248,"A compre foi feita no dia 27/11/17 e até o dia 31/12/17 não recebi, estou dependendo produto para finalizar a obra do banheiro. Total falta de respeito com consumidor nunca mais compro nessa loja.",0.0,0,negativo
44852,Compensa e muito a comprar. Pode comprar sem medo de se arrepender.,1.0,1,positivo
70775,"Muito insatisfeita com minhas ultimas compras no site das lannister.com Há mts anos sou cliente e recomendava esse site. Hj nao mais. Mt demora para entrega das mercadorias o q geta mt insatisfação.",0.0,0,negativo
44245,Recebi uma mensagem da lannister para que eu fosse retirar meu pedido no Correio. Fui e deu tudo OK. Inclusive já tenho um outro pedido com o mesmo produto.,1.0,1,positivo
82318,Produto muito bonito e a entrega foi super rápida.,1.0,1,positivo
92875,"Parabéns ,ótimos profissionais ,o produto chegou até antes do prazo",1.0,1,positivo
21343,Não recebi o produto e estou sem informações.,0.0,0,negativo
96805,Produto devidamente recebido. Dentro das expectativas. Produto de ótima qualidade. Recomendo para todos.,1.0,1,positivo
27683,Produto muito bom mais o prazo nao.foi cumprido,1.0,0,negativo
34605,Produto bem embalado e de ótima qualidade.,1.0,1,positivo
4299,"Boa tarde, só foi entregue 1 produto, falto a Kit Colcha Patchwork Bouti Inter Home Solteiro Rozac. Espero entregue, pois já foi pago.",1.0,0,negativo
75232,o produto não foi entregue por indisponibilidade.,0.0,0,negativo
89642,Recebi somente um guarda-chuva sendo que comprei e paguei por 2. Aguardo receber a outra parte do meu pedido.,0.0,0,negativo
12851,Tudo conforme solicitado. Entregue antecipado,1.0,1,positivo
54906,GOSTEI DO PRODUTO E ENTREGARAM ANTES DO PRAZO,1.0,1,positivo
75050,"Pois bem, como acima citado o produto foi entregue errado, incorreto, veio um relógio feminino ao invés do masculino: Relógio Masculino Casio Digital Vintage DB-360-1ADF.",1.0,0,negativo
49581,ENTREGOU BEM ANTES DO PRAZO,1.0,1,positivo
29648,"Entrega rápida, material de ótimo acabamento.",1.0,1,positivo
21748,"O PRODUTO NÃO FOI ENTREGUE, GOSTARIA DE SABER COMO VAI FICAR AGORA?",0.0,0,negativo
75240,facil de comprar sem burocracias muito bom,1.0,1,positivo
97571,Chegou super rápido e ainda ganhei brindes!,1.0,1,positivo
63984,ENTREGA RAPIDA,1.0,1,positivo
80621,"Esperava ser melhor,um material que rasga com facilidade!",0.0,0,negativo
28483,embalagem muito ruim não consigo ler nada muito pequena as instruçoesnão compraria de novo,0.0,0,negativo
41973,Eu quero meu dinheiro de volta,0.0,0,negativo
18387,Paguei o frete e o meu protudo não foi entregueb,0.0,0,negativo
14732,Nao recebi o produto,0.0,0,negativo
20210,"recomendo, entrega no prazo,tudo ok",1.0,1,positivo
939,Comprei 2 produtos so mandaram 1 e n mim deram nenhuma justificativa !,0.0,0,negativo
98952,Produto ainda não instalado!,1.0,0,negativo
90421,"Exatamente como na foto, produto chegou super rápido.",1.0,1,positivo
82749,A entrega chegou no prazo.,1.0,1,positivo
10863,"Comprei 3 luminárias, só recebi 2. Já abrir chamado e não tive resposta.",0.0,0,negativo
46847,atende o solicitado.,1.0,1,positivo
35228,Produto bom e entregue dentro do prazo!,1.0,1,positivo
95581,"Comprei uma carteira,e não recebi não mandaram o número do pedido, e nem o código de rastreio.",0.0,0,negativo
17965,"Comprei um bebedouro dia 08/04 e me deram um prazo de até o dia 30/04 para me entregar, hj já são 02/05 e não me entregaram não comprem nada vendido e entregue pela targaryen mando emails e não respondem",0.0,0,negativo
34795,otima,1.0,1,positivo
60589,"produto bom ,entrega no prazo combinado",1.0,1,positivo
15838,Ótimo,1.0,1,positivo
22538,"Aprovei o pedido, super lindo o trabalho, chegada antes do prazo.ótima qualidade. Ameiii",1.0,1,positivo
78480,Não recebi o produto portanto nao posso avaliar ainda,0.0,0,negativo
9049,"Chegou antes do prazo previsto, bem embalado, bem lacrado.. tudo correto.. recomendo",1.0,1,positivo
93465,Manta Boa chegou dentro do prazo,1.0,1,positivo
69968,"Minha opinião, até o momento, é a pior possível. Recebi somente o bebe conforto do que seria um kit, tentei contato e pra minha surpresa só tem contato virtual, tentei ligar e ninguém para atender.!!",0.0,0,negativo
17331,Estudo foi ótimo não tenho reclamações perfeito obrigada,1.0,1,positivo
20648,"Recebi o produto no prazo,gostei muito.",1.0,1,positivo
66162,"A forma de pagamento super fácil, e o produto chegou bem antes da data prevista. Fiquei muito satisfeita com o serviço prestado.",1.0,1,positivo
47809,"Esperava um relógio maior, mas tudo bem.",1.0,0,negativo
96543,"Amei o produto, chegou 2 dias antes do prazo, parabéns lannister por essa parceria com essa transportadora tão boa, continuarei comprando sempre, obrigada a todos.",1.0,1,positivo
56840,"Adorei o produto pena que chegou um pouco atrasada , mas recomendo a loja",1.0,1,positivo
29833,"o produto atrasou demais na entrega e além disso a entrega não foi completa, pois faltou um cartucho de tinta colorido....INSATISFAÇÃO é o que define de forma educada minha avaliação.",0.0,0,negativo
60246,"Não posso avaliar porque NÃO RECEBI O PRODUTO. GOSTARIA DE SABER PRA QUEM FOI ENTREGUE SE EU MORO SOZINHA? Aguardo solução para o problema.",0.0,0,negativo
18075,Comprometimento com a data de entrega.,1.0,1,positivo
80670,Recebi o produto dentro do prazo em perfeitas condições!,1.0,1,positivo
88436,Chegou antes do prazo.,1.0,1,positivo
32592,"Produto de acordo com o anúncio, recomendo.",1.0,1,positivo
65488,Não recebi,0.0,0,negativo
37120,Muito bom kit suplemento,1.0,1,positivo
71902,"Apesar do frete caríssimo, foi tudo bem!",1.0,1,positivo
83788,"Chegou antes do prazo estipulado tudo correto loja  Confiável",1.0,1,positivo
50774,Otimo produto entregue ANTES do prazo estipulado... RECOMENDO...,1.0,1,positivo
23176,"Faltou 2 produtos na entrega, tive de ligar na loja para reclamar.",0.0,0,negativo
97001,"Chegou antes do prazo, é como anunciado, ótimo produto.",1.0,1,positivo
15169,Incomodou um pouco por conta do atraso. Aproximados 20 dias. Mas valeu.,1.0,0,negativo
19511,Adorei esse produto.,1.0,1,positivo
80970,"O produto ainda não foi entregue, pois os correios da cidade e nada é a mesma coisa, não entregam nada para ninguém correto, informam que o endereço está incorreto, não tinha ninguém na residência, pr",1.0,0,negativo
5255,"Um ótimo serviço, o produto chegou bem antes da data prevista. E o produto em ótimas condições bem embalado e obrigado pelo brinde.",1.0,1,positivo
70463,ok,1.0,1,positivo
2381,Muito boa reforçada! Como de costume chegou bem antes do previsto!Muito satisfeita!,1.0,0,negativo
98109,"a entrega foi muito rápida, está de parabens.",1.0,1,positivo
89669,"O produto chegou dentro do prazo, o preço estava ótimo em comparação com outras lojas.",1.0,1,positivo
30640,"Muito bom o produto, gostei muito",1.0,1,positivo
51700,Solicito o cancelamento.,0.0,0,negativo
83920,Ainda nao recebi minha compra,0.0,0,negativo
19951,Não recebi o produto,0.0,0,negativo
43501,O produto chegou rápido e correto.,1.0,1,positivo
82640,Bom,1.0,1,positivo
35363,"Comprei para o meu pai, para mim é muito cheguei pois é muito grande, mas é de coisas assim que ele gosta, ele amou! 😊",1.0,1,positivo
90886,"Você compra, paga e recebe dentro do prazo. Recomendo.",1.0,1,positivo
74388,"Ótimo serviço, entrega antes do prazo. Parabéns!!",1.0,1,positivo
60108,.,1.0,0,negativo
76870,Recomendo a todos preços e prazo de entrega a melhor,1.0,1,positivo
96897,muito satisfeito otima qualidade,1.0,1,positivo
50201,tudo ok,1.0,1,positivo
77430,Tudo perfeitamente executado. Apenas acho o valor do frete elevado,1.0,0,negativo
70733,"Entregue dentro da data determindada. Nada a reclamar. E-mail respondido conforme o prazo. Em fim, entregarei meu presente completamente satisfeito.",1.0,1,positivo
35983,Tudo perfeito,1.0,1,positivo
17882,Ótimo produto pode compra que é seguro,1.0,1,positivo
27400,"Recebi o produto, porém, veio com defeito. Não funciona, nem se quer liga. Já comprei vários produtos pela Internet, inclusive das Lojas lannister. Estou insatisfeito com este q comprei.",0.0,0,negativo
81999,Chegou antes do esperado,1.0,1,positivo
78654,"Gostaria de saber através da lannister.com,como vai ficar a minha situação,já que a targaryeni esta vinculada a americana.com. Realizei a compra virtual através de uma vendedora das Lojas lannister S/A.",0.0,0,negativo
8035,Produto de primeira qualidade. Conforme anúncio. Chegou muito rápido. Recomendo 100%,1.0,1,positivo
1545,Melhor site de compras pela internet!,1.0,1,positivo
24732,"Produto não entregue no prazo, ainda aguardando sem conseguir rastrear localização exata do produto, muito ruim o retorno ao cliente",0.0,0,negativo
4975,"Adorei este produto veio certinho e muito fácil de montar... Obrigada.....",1.0,1,positivo
47185,Produto bonito com bom acabamento.,1.0,1,positivo
99191,Fiquei impressionada chegou muito rápido!,1.0,1,positivo
95673,"O produto tem boa qualidade e tem tamanho suficiente para um celular 6. Recomendo.",1.0,1,positivo
33168,Ótima,1.0,1,positivo
563,veio conforme o pedido mais o pós venda não respondeu nenhuma das minhas perguntas,0.0,0,negativo
30528,Estou a espera do produto à dias .. E ainda não foi entregue.,0.0,0,negativo
35631,"Adorei o produto, é exatamente o que eu queria, ficou muito bom na minha área de serviço.",0.0,1,positivo
58820,"OLA! BOM DIA . O PRODUTO FOI COBRADO UM ALTO FRETE E NÃO FOI ENTREGUE NO MEU ENDEREÇO,TIVE QUE RETIRAR NA AGÊNCIA DO CORREIOS ,POIS VCS DEVERIA DEVOLVER O VALOR DO FRETE ,AGUARDO O RETORNO , ATT.",1.0,0,negativo
28924,Produto muito bom e ao acabar comprarei novamente pelo site,1.0,1,positivo
5875,"Recebi tintas que não eram originais, imediatamente entrei em contato com a loja e recebi o valor de volta.",1.0,1,positivo
40349,"Entrega rápida, aconteceu em menos de 7 dias! Produto de ótima qualidade e preço impressionantes!! Comprei uma cadeira de escritório super confortável!",1.0,1,positivo
23923,"Maravilhosa, a cadeira veio praticamente montada, muito boa!",1.0,1,positivo
87973,Luminária linda e de boa qualidade. Chegou muito antes do prazo e bem embalada.,1.0,1,positivo
22663,Bom,1.0,1,positivo
1000,"produto conforme anunciado, e veio antes do prazo...perfeito",1.0,1,positivo
42225,Melhor loja de compra pela Internet,1.0,1,positivo
55062,"muito bom obrigado pelo atendimento, eu recomendo",1.0,1,positivo
27730,bem rapido,1.0,1,positivo
35542,Das 3 unidades compradas apenas duas foram entreguers,0.0,0,negativo
59305,"Entrega foi super rápida, recomendo!",1.0,1,positivo
59030,"Adoreiii o produto, ÓTIMA qualidade e entregou, muitooo antes do prazo . Esta de PARABÉNS !!!",1.0,1,positivo
55342,"otimo produto. atendeu minhas expectativas. entrega no prazo. super recomendo.",1.0,1,positivo
93555,Produto de ótima qualidade,1.0,1,positivo
8599,Produto de qualidade e chegou muito rápido! Recomendo!,1.0,1,positivo
26873,Otimo produto entrega dentro do prazo super recomendo,1.0,1,positivo
20952,"Confesso q fiquei com medo de comprar por conta do comentário anterior como gosto nao se discute. Comprei a toalha chegou é muito linda, é grande, so nao é de marca, é um pouco inferior. Vale o preço",1.0,0,negativo
1430,atendeu as expectivas,1.0,1,positivo
85334,Comprei um jogo de mantimentos no.prazo.perfeito mas as vasilhas estão todas manchadas por dentro e não tem como.fica e lavando.pois o desenho de fora e adesivo de papel que não é descrito na pagina,0.0,0,negativo
41992,"Excelente loja, chegou em incríveis 3 dias após a efetuação da compra. Loja Recomendada a todos !!",1.0,1,positivo
68985,Caixa de pesca já chegou mas falta capa do Xbox e canivete,1.0,0,negativo
10357,"Muito satisfeita produto entregue antes do prazo, obrigada",1.0,1,positivo
6392,"Comprei o relógio casio rose Gold e o que chegou é completamente diferente da imagem, após fazer umas pesquisas na internet descobri que se trata de uma replica. Fiquei bastante chateada com a compra.",0.0,0,negativo
62597,"Foi a minha primeira compra na loja e estou super satisfeita, recebi o produto bem antes do prazo. Recomendo a todos. Obrigada",1.0,1,positivo
42080,Muito boa,1.0,1,positivo
88465,"Produto lindo...pequeno, serve uma pessoa mas é um charme, para agradar o namorado(a) e levar um café na cama cheio de estilo!!! Ameiiiii",1.0,1,positivo
9135,Recomendo!,1.0,1,positivo
35374,Não tenho certeza se esse produto é original,0.0,0,negativo
37643,"Comprei 2 colcha chenille jolitex casal uma azul de 89,90 a outra marrom de 74,90 retirei o pacote no correio e quando abrir em casa só veio 1 a marrom e foi finalizado 2 o valor de 187,67 com frete",0.0,0,negativo
43179,"Não recebi, passou do prazo, tentei localizar e disse que:o produto tinha saído dos correios de SP,encaminhado a outra agência,e,na outra agência,fui informando que o produto não tinha chagado lá.",0.0,0,negativo
2450,Ok,1.0,1,positivo
84340,ND,1.0,0,negativo
13029,Eu comprei um relógio e me mandaram outro,0.0,1,positivo
88240,Veio antes do prazo e superou as expectativas. Muito bom.,1.0,1,positivo
50521,Muito satisfeito,1.0,1,positivo
32602,Parabéns,1.0,1,positivo
70067,"Comprei 2 produtos , chegou 1 somente, estou aguardando os pendentes, obrigado",1.0,0,negativo
4009,Parabéns ! Excelente produto.,1.0,1,positivo
2236,rapido e pratico da compra,1.0,1,positivo
25677,boa,1.0,1,positivo
41546,Boa,1.0,1,positivo
47759,"Bom preço, e boa qualidade. Testado pelo Inmetro.",1.0,1,positivo
46466,Se todas as lojas fossem rápidas assim tava bom,1.0,0,negativo
18975,"Ótima Loja, entrega no prazo!",1.0,1,positivo
68762,Ótima,1.0,1,positivo
88388,Gostei do produto e do pronto atendimento. Tudo ok.,1.0,1,positivo
85509,"ENTREGARAM O PRODUTO ERRADO (DIFERENTE DO ANUNCIADO) E COM DEFEITO!!!  NÃO CONSIGO CONTATO COM A lannister POIS A VENDA FOI FEITA POR UM PARCEIRO...  JÁ ENVIEI MENSAGENS E NADA!!!!  E AGORA??",0.0,0,negativo
90156,A entrega era para até dia 26/03. Até hoje ainda está no preparo para entrega.,0.0,0,negativo
25709,"Entrega antes do prazo, mas a empresa precisa melhor na atualização de status de envio do produto.  Produto avaliado de forma positiva!",1.0,1,positivo
93355,Muito bom,1.0,1,positivo
40294,O produto chegou antes do prazo.,1.0,1,positivo
78383,eu recomendo entrega chegou antes do prazo muito bom gostei.,1.0,1,positivo
43324,Me surpreendeu! Bom e de boa qualidade.,1.0,1,positivo
56218,"Ainda não fiz uso do produto. Mas recebi dentro do prazo.",1.0,1,positivo
70693,Adorei as minhas toalhas e chegaram antes da data prevista.,1.0,1,positivo
97992,Super rápido a entrega e em ótima consevação,1.0,1,positivo
96121,Satisfeito com tudo.,1.0,1,positivo
33709,"Recomendo a compra, também fiquei satisfeita com os produtos e entrega.",1.0,1,positivo
98092,"Adorei minha compra, veio tudo como imaginei, perfeito, com certeza recomendo.",1.0,1,positivo
3561,Ótima,1.0,1,positivo
24817,demorou um pouco mais que os outros produtos comprado mesmo dia,1.0,0,negativo
13722,"Produto de qualidade, bem embalado, e alem de lindo.. Amei.. Entrega super rápida...",1.0,1,positivo
48693,Enrrega no prazo determinado,1.0,1,positivo
40335,produto entregue antes do prazo,1.0,1,positivo
31357,"O produto é bom, mas a lannister deve estar fazendo uma promoção às avessas, pois paguei 2 mas recebi só 1, já fiz a reclamação no site mas até agora nada!",0.0,0,negativo
27020,Muito enrolados o produto que comprei no direto stark e bem maior e chegou com tres dias ja essa targaryen faz parcerias horriveis,0.0,0,negativo
64064,"Meu produto nao chegou e eu precisava dele, vou processar!",0.0,0,negativo
23424,"Entregue bem antes do prazo, gosto de comprar neste site pela rapidez e segurança",1.0,1,positivo
19900,ÓTIMO,1.0,1,positivo
21151,lannister é 10,1.0,0,negativo
93734,bom produto,1.0,1,positivo
16018,Produto chegou antes do prazo e estava de acordo com a sua descrição.,1.0,1,positivo
40356,"chegou em 6 dias depois da compra, produto vem bem embalado.",1.0,1,positivo
79533,"Chegou antes do previsto...Fiquei muito satisfeita, produto muito bem embalado, tudo certo.",1.0,1,positivo
44387,otimo,1.0,1,positivo
56358,Foi para o correio,0.0,0,negativo
8511,Sem comentários,1.0,0,negativo
94422,"OTIMO PRODUDO RECEBI NO PRAZO BEM ANTES DO PRAZO QUE ME INFORMARAM, NOTA 10.",1.0,1,positivo
75164,"Produto chegou dentro do prazo, bem embalado. Veio todos intens corretos, gostei muito.",1.0,1,positivo
39661,Aguardando.,1.0,0,negativo
3012,"Parabéns  Produto é entrega Nota 10",1.0,1,positivo
797,Sempre compro e sempre recebo o produto certo no prazo ou antes do prazo,1.0,1,positivo
43029,"Muito confiável, chegou tudo certo!",1.0,1,positivo
99796,"Quando recebi o email para ir buscar o produto na agencia do correio, ele ja tinha retornado ao remetente, ou seja tem um problema de comunicação ai.",0.0,0,negativo
30829,Sempre compro nas lojas lannister... foi a primeira vez que não recebi o produto q comprei. Inclusive já faz quase dois meses q comprei. Sempre entregam antes do prazo. Já venceu o prazo da entrega,0.0,0,negativo
93614,"Recebi o produto dentro do prazo, bem embalado e de ótima qualidade.",1.0,1,positivo
93301,"Excelente produto, rápida entrega. Obrigada",1.0,1,positivo
54900,"Produto de qualidade, entrega foi realizada antes do prazo e muito bem embalado...",1.0,1,positivo
54458,"O produto foi enregue dentro do prazo, e de acordo ao que comprei.Super recomendo esta loja.",1.0,1,positivo
7266,recomendo,1.0,1,positivo
94606,"Achei ótimo, era para demorar até 20 dias, chegou 4 dias depois que meu pedido foi aprovado.  Ainda não testei, mas pelo que dizem ele é maravilhoso!",1.0,1,positivo
12787,Foi o que esperava,1.0,1,positivo
43832,recomendo,1.0,1,positivo
87121,Adorei o produto.,1.0,1,positivo
64239,Satisfeito com a compra e entregue antes do prazo!,1.0,1,positivo
76856,"vei tudo certinho, recomendo!",1.0,1,positivo
33435,Paguei dois produtos com 60 e só veio um na nota fiscal consta duas unidades porém quando eu abri a caixa só tinha uma unidade desde já peço vênia,0.0,0,negativo
82872,"Nas duas últimas compras fiquei satisfeito. Eu havia ficado anos sem comprar nas lannister porque havia sido atendido muito mal um uma compra de livro. Agora sei que posso voltar a confiar.",1.0,1,positivo
55137,"Entrega antes do prazo, produto muito bom, além de bonito, meu filho está amando!",1.0,1,positivo
18962,Foi comprado para meu cunhado utiliza-lo no dia-a-dia. Conheço a marca ALCATEL e acho que este aparelho será o ideal.,1.0,1,positivo
11000,O produto é realmente de boa qualidade e confere com o desenho publicado.,1.0,1,positivo
49685,CONTINUO AGUARDANDO A ENTREGA DO PRODUTO,0.0,1,positivo
59017,"Excelente custo-beneficio. Comprei sem provar o tamanho... somente a numeração que levei em conta e ficou igual a uma luva, perfeito e bonito.",1.0,1,positivo
43893,Excelente alívio imediato para minha coluna após dois dias de uso,1.0,1,positivo
41411,"Entra super rapida, deu menos de uma semana.",1.0,1,positivo
908,"Tudo correu como combinado, nada a reclamar.",1.0,1,positivo
23305,Produto bom entrega rápida,1.0,1,positivo
65846,"Produto bom, qualidade, recomendo",1.0,1,positivo
7231,A colcha é linda! Amei,1.0,1,positivo
13124,Estou no aguardo do meu produto!!,0.0,1,positivo
93899,nunca tive problema,1.0,1,positivo
29600,Agradeço por entregarem antes do prazo...,1.0,1,positivo
81352,Não me decepciona desde a primeira compra continuem assim prestativos obrigada.,1.0,1,positivo
79059,TESTAR O PRODUTO,1.0,1,positivo
12017,"Produto chegou antes do prazo, muito bonita. Atende minhas necessidades.",1.0,1,positivo
89095,Tudo ok,1.0,1,positivo
27873,Xxx,1.0,0,negativo
84428,O produto demorou um pouco para chegar. Não sei direito como funciona a logística da entrega. Mas agora está tudo bem.,1.0,1,positivo
15511,Vendedor atencioso e produtos OK,1.0,1,positivo
73896,MUITO BOM. TUDO CERTO.,1.0,1,positivo
2637,"O produto é bom, de memory foam, coube o meu Macbook air de 13,3 com um pouquinho de folga. O bolso externo é bem espaçoso e cabe com tranquilidade o cabo de alimentação do notebook. É à prova dágua.",1.0,1,positivo
24408,"Recomendo a compra nas lannister, pois tem rapidez e confiança",1.0,0,negativo
43265,otimo,1.0,1,positivo
7484,Adorei chegou antes do prazo a rede é grande cabe duas pessoas nela adorei a mercadoria,1.0,1,positivo
90432,"As peças são boas, a entrega é rápida e eu adorei a qualidade",1.0,1,positivo
12466,Adoro a lannister!,1.0,1,positivo
71182,"Produto é muito bem acabado e ficou melhor do que eu esperava. Recomendo",1.0,1,positivo
73813,"o produto é horrível, vou usar como-pano de chão . Porque o que mandaram não dá pra dizer que é toalha de banho.",1.0,0,negativo
5199,"Pedido chegou antes do prazo previsto, mercadoria de qualidade!  Recomendo",1.0,1,positivo
88827,"Entrega rápida, produto conforme especificado no site, correspondeu minhas expectativas.",1.0,1,positivo
94222,produto sem embalagem,1.0,0,negativo
29839,"Não recebi o produto que eu escolhi no site, mas achei digno a empresa mandar uma carta explicando o motivo. Por isso não irei trocar. Super recomendo.",1.0,1,positivo
55366,"Super recomendo, vocês estão de parabéns, ótimo trabalho! Obrigada....",1.0,1,positivo
878,Entrega rapida e correta,1.0,1,positivo
85046,sempre compro e recomendo ótima .,1.0,1,positivo
97162,Até o momento o produto não foi entregue,0.0,0,negativo
866,PRODUTO JA CHEGOU COM DEFEITO NÃO FUCIONOU CONFORME MINHA NECESSIDADE DE USO. INFELIZMENTE ULTIMA COMPRA MINHA TOTALMENTE INSATISFEITO.,0.0,0,negativo
4558,"Chegou somente uma peça e a nota fiscal consta duas e valor de duas peças.  Aguardo solução do problema",0.0,0,negativo
92582,"Produto perfeito, entrege dentro do prazo.",1.0,1,positivo
33072,Estou muito decepcionada pois pedi um patins tamanho 34 e recebi tamanho 31/32. Oque devo fazer ???,0.0,0,negativo
43374,O produto veio.completamente diferente do anunciado e ainda veio com defeito quero a troca e quero o produto igual ao que eu pedi igual a que esta no anúncio.,0.0,0,negativo
5977,"O mini scanner não esta funcionando, preciso fazer a troca do produto",0.0,0,negativo
83464,Produto ótimo,1.0,1,positivo
18873,"Comprei 04 unidades, e foram entregues apenas 02 pacotes com 01 unidade cada. Ainda não sei se serão entregues as outras 02 unidades faltantes. De qualquer forma, a entrega deve ser de uma única vez.",0.0,0,negativo
44690,"Adorei a Luminária, o produto chegou em perfeito estado, já está instalada... e pelo que eu pesquisei em outras lojas, o valor está excelente !!! produto de alta qualidade !!",1.0,1,positivo
65738,Recomendo,1.0,1,positivo
99109,Tô muito chateada por conta da demora .,0.0,0,negativo
67973,"Entrega no prazo, produto batia com a descrição. Adorei",1.0,1,positivo
72999,Ótimo. Produto chegou Tudo certo Estão de Parabéns pelo atendimento e Rapidez .,1.0,1,positivo
15065,"Tudo certinho, chegou no prazo",1.0,1,positivo
60172,Ótimo atendimento!,1.0,1,positivo
31836,"Ficou faltando um kit do produto, os pendente menores vieram certo os maiores ficaram faltando.",0.0,0,negativo
53981,Produto com uma qualidade boa em relação ao preço!,1.0,1,positivo
64226,Tudo perfeito.,1.0,1,positivo
66723,"Realmente são lindos ainda não coloquei,mas tenho certeza que vou gostar",1.0,1,positivo
62792,Produto entregue antes do prazo!!!,1.0,1,positivo
42155,Produto entregue dentro do prazo combinado. Não houve nenhum problema.,1.0,1,positivo
44042,Otimo muito bom,1.0,1,positivo
52724,"Como sempre, tudo conforme o prometido.",1.0,1,positivo
14380,produto bom,1.0,1,positivo
27249,Produto chegou bem antes do prazo recomendo essa loja,1.0,1,positivo
55432,"Muito bom, fiquei com medo quando observei que seria entregue via correio já que o mesmo sempre deixa de entregar qualquer encomenda, mas me surpreendeu no dia seguinte foi entregue.",1.0,0,negativo
55372,"Fui atendido dentro de minhas expectativas, prazo, valor e produto. Além de poder voltar a comprar, recomento também...",1.0,1,positivo
70741,"DEMORARAM MIL ANOS PRA MANDAR, QUANDO MANDARAM O FORNECEDOR NAO ENVIOU O CELULAR. DEPOIS ME ENVIOU A PROPOSTA DE OUTRO CELULAR EU ACEITEI, MAS NO FINAL NAO MANDOU NADA DE NADA",0.0,0,negativo
90817,O frete muito caro,1.0,0,negativo
8136,"OLA MUITO BOM,PRODUTO ENTREGUE CONFORME O RECOMENDADO E EXECELENCIA NO ATENDIMENTO NO PRAZO E PRODUTO CONSERVADO RECOMENDO LOJAS AMERCICANAS ATE",1.0,1,positivo
52395,Produto conforme anunciado. Recomendo.,1.0,1,positivo
98735,Bom.,1.0,1,positivo
90827,Entregue antes do prazo,1.0,1,positivo
54207,"A luz da lanterna é forte, ideal para quem pedala a noite. Possui 3 variações de iluminação. A buzina é tem o som ideal para alertar os carros ou outros ciclistas e possui 5 variações de sons.",1.0,1,positivo
21374,"Estou muito decepcionado,pois até agora não recebi o meu produto é é já ficando preocupada.",0.0,0,negativo
91075,"Comprei estojo de pinceis de maquiagem, a loja me entregou tesouras de cortar cabelo. Péssimo",0.0,0,negativo
10364,"Sem comentários, prazo, qualidade, eficiência e etc...... Muito obrigado a essa equipe, pelo respeito ao consumidor.",1.0,1,positivo
75905,Comprei o produto no dia 6/8 e no dia 17/8 ainda não tinha sido entregue.,0.0,0,negativo
96291,Recebi corretamente o produto no prazo estipulado.,1.0,1,positivo
57654,Não interessa se opera Market Place. A compra foi feita no site da lannister e pago para lannister. Se tiver que ajuizar vai ser contra lannister e lá faça o regresso contra o fornecedor.,0.0,0,negativo
95325,Adoro comprar nessa loja e são muito rápido,1.0,1,positivo
76714,Nas fotos do produto não tinha mostrando a parte de trás do tapete.. Eu comprei pensando que era o tapete com as costas tradicional...,0.0,0,negativo
44445,"estou desapontado, já paguei ao stark 2 parcelas e não recebi o produto .",0.0,0,negativo
92812,"Demora em tirar nota fiscal, sem retorno da situação da compra!",0.0,0,negativo
69399,"O produto que eu comprei veio errado, comprei duas placas de lavadora diferentes, veio duas iguais veio duas bwg/C10A, e necessito da outra placa Bwl09 urgente",0.0,0,negativo
76960,Foi entregue antes do prazo perfeito exatamente como no anuncio fiquei muito satisfeita obrigada,1.0,1,positivo
64442,"Adorei a mesinha, de acordo com a descrição. Fácil de montar e super bonita.",1.0,1,positivo
16798,meus caros ainda estou esperando a entrega do meu pedido e ainda não recebi e isso faz 40 dias,0.0,0,negativo
31036,Produto bom entrega rápida,1.0,1,positivo
8700,Adorei,1.0,1,positivo
69994,Cumpriu com o prazo,1.0,1,positivo
16293,obrigado,1.0,1,positivo
25599,Coloquei o endereço que sempre compro e o correio disse que não encontrou. Simplesmente devolveu o produto e sequer deixou a disposição pra ir retirar no correio.,0.0,0,negativo
1356,produto chegou antes do prazo estabelecido.,1.0,1,positivo
18894,"Não vieram 4 parafusos dos braços da cadeira. Gostaria de saber como podemos fazer. Grato. Reginaldo (11) 9.9911-5025",1.0,0,negativo
13742,"Fiz uma compra que constavam dois relógios . Só recebi um relógio muito fraco , nível de camelô, nem em caixa veio , dentro de um saco de tecido.",0.0,0,negativo
64228,Tudo ok,1.0,1,positivo
53045,"Sempre recomendo as Lojas lannister , Pontualidade e respeito com os clientes.",1.0,1,positivo
74779,é muito fino,0.0,1,positivo
66763,linda. quentinha,1.0,1,positivo
9525,"dentro do prazo,bem embalado, valeu a pena comprar.",1.0,1,positivo
73058,Prazo de entrega excelente e produto cuidadosamente embalado! Recomendo!,1.0,1,positivo
38075,Produto exatamente com imaginei. Lindo.,1.0,1,positivo
88384,Era para receber o produto até 19/3 e age hoje (23/3) não recebi e não sei o motivo,0.0,0,negativo
18724,O pedido esta como se fosse entregue mais nao recebi nada,0.0,0,negativo
13140,Colocaram o perfume a venda e depois de aprovado falam que não tem estoque,0.0,0,negativo
78095,"Produto original de ótima qualidade. Pequeno, super delicado.",1.0,1,positivo
9590,Satisfação,1.0,1,positivo
90450,Produto bonito e de excelente qualidade,1.0,1,positivo
7788,Produto entregue antes da data prevista satisfazendo assim p cliente,1.0,1,positivo
36045,"produto de qualidade, entrega rápida.",1.0,1,positivo
61324,"INFELIZMENTE PELA 1 VEZ RECEBI UM PRODUTO AVARIADO PELA lannister.COM. E INFELIZMENTE NÃO CONSEGUIR TROCAR PELA DEMORA DO SITE ...NÃO RECOMENDO",0.0,0,negativo
8858,"o investimento não e caro pelo beneficio,",1.0,1,positivo
31783,linda carteira do jeito que queria,1.0,0,negativo
33451,Muito bom,1.0,1,positivo
68032,Boa compra,1.0,1,positivo
61063,Bom,1.0,1,positivo
57624,Chegou antes do prazo estipulado.,1.0,1,positivo
40792,Agradeço pela pontualidade.,1.0,1,positivo
20532,"Tapete bem bonito, com acabamento bem feito. Não é exatamente um capacho, mas vale a compra!",1.0,1,positivo
98597,"Gostei desse modelo. Tem a vantagem de usar pilhas ao invés de bateria interna, o que facilita a troca quando necessário. As baterias internas custam 1/3 do valor do aparelho.",1.0,1,positivo
24529,Bom,1.0,1,positivo
42884,"Infelizmente não estou satisfeita com esta compra, pois recebi o produto errado, comprei Unaro Pecan e recebi Canela de Velho, não estou conseguindo trocar. Será que alguem pode me ajudar ou deverei i",0.0,0,negativo
34564,"Compra recebida, nota 10 para as lannister",1.0,1,positivo
7431,Produto entregue no prazo mesmo com a crise na semana passada da greve dos caminhoneiros,1.0,1,positivo
54127,"Produto foi entrege antes do prazo, tudo em ótimo estado. Fui bem atendido quando precisei tirar dúvidas.",1.0,1,positivo
85013,Foi tudo perfeito.,1.0,1,positivo
57462,"Chegou bem antes do prazo, ótimo vendedor.",1.0,1,positivo
34674,Parabéns pelo atendimento e entrega do produto pois tudo com uma qualidade ecepsional.,1.0,1,positivo
56314,SÓ A NOTA FISCAL DO APARELHO CELULAR QUE NAO VEIO,1.0,0,negativo
99405,Loja responsável,1.0,1,positivo
22156,Chegou muito antes da data prevista 😍 Parabéns!!!!,1.0,1,positivo
16482,Ainda não recebi o produto!!!,0.0,0,negativo
8572,Rapido,1.0,1,positivo
51435,TUDO OK,1.0,1,positivo
96847,"Produto de excelente qualidade, perfeito.",1.0,1,positivo
61187,cumpre o prazo e o produto chegou corretamente.,1.0,1,positivo
73539,Meu cachorro se adaptou fácil ao tapete.,1.0,1,positivo
1956,O produto chegou no prazo e em perfeitas condições!,1.0,1,positivo
54464,"Todo o processo foi de primeira, parabéns.",1.0,1,positivo
17730,Faz o que oferece por um preço acessível,1.0,1,positivo
39868,LOJA DE EXCELENTE REPUTAÇÃO! O PRODUTO CHEGOU NO PRAZO E EM PERFEITO ESTADO. RECOMENDO À TODOS!,1.0,1,positivo
53299,satisfeito,1.0,0,negativo
92535,"Entrega muito rápida, funcionou perfeitamente, chave idêntica a original. Ótima qualidade.",1.0,1,positivo
1525,ótima,1.0,1,positivo
3212,"realmente me surpreendi com a rapidez da entrega para o endereço indicado, e super recomendo a loja.",1.0,1,positivo
33386,"Muito demorado para enviar o produto, e que até agora não chegou.",0.0,0,negativo
3931,demoru um pouco mas chegou!,1.0,1,positivo
19630,Oi,1.0,1,positivo
2071,"Ao comprar 11 lixeiras, tive que pagar o frete individualmente, como se tivesse comprado apenas 1 lixeira. O stark poderia ter montado 1 caixa maior com as 11 lixeiras dentro que seria mais barato",1.0,0,negativo
69204,"Produto chegou em péssimo estado, sujo, lascado, rasgado e não consigo nem ligar nem enviar email para fazer minha reclamação e pedir meu dinheiro de volta.",0.0,0,negativo
43485,Eu quero saber onde está meu produto que Ainda não recebi !!!! Esta demorando horrores !!,0.0,0,negativo
40071,Foi entregue apenas a toalha de mesa até o momento. Faltam os panos de prato e capacho.,0.0,0,negativo
1059,"otimo atendimento, tudo certo, entregue dentro do prazo.",1.0,1,positivo
34253,"Produto de boa qualidade,",1.0,1,positivo
67137,..,1.0,0,negativo
12845,Recomendo preço ótimo chegou muito rápido o tempo todo nos deixa informação sobre o pedido por e mail. Enfim muito bom,1.0,1,positivo
50559,"Comprei o produto em Março, praticamento quase em Junho ainda não chegou.",0.0,0,negativo
21785,pena que o prazo foi longo,1.0,0,negativo
53512,Já comprei várias vezes e recomendo. É confiável,1.0,1,positivo
9121,Recomendo o produto muito bom. Pensei q seria mais grande mais goste igual.,1.0,1,positivo
41832,"Produto muito bom, eu recomendo!",1.0,1,positivo
81575,"Boa tarde ! Comprei tres produtos so chegou dois, por isso nao tem como eu responder que meu produto chegou. Por favor resolvam isso.",0.0,0,negativo
79126,A entrega foi super rápida e o produto de ótima qualidade.,1.0,1,positivo
30334,Amei super recomendo.,1.0,1,positivo
68420,Mostra a foto com uma medida e entrega diferente do pedido.,0.0,0,negativo
21282,"Demorou bastante, mas chegou direitinho, pelo menos aparentemente. Não veio com falhas, nem com nada faltando e aparenta ser de boa qualidade. Tive problemas com a entrega e fui muito bem atendida.",1.0,1,positivo
93048,Bom,1.0,1,positivo
55164,Tô usando a pouco tempo mas por enquanto atendeu minhas expectativas.,1.0,1,positivo
3082,Excelente!,1.0,1,positivo
76823,muito bom,1.0,1,positivo
89980,"Como sempre as lojas lannister surpreende tanto no atendimento quanto no prazo de entrega, entregou meu produto antes da data prevista. Super recomendo!",1.0,1,positivo
86427,Uma boa luva pra amenizar os dias de frio...,1.0,1,positivo
48841,CHEGOU NO PRAZO E O MATERIAL DO PRODUTO É DE ÓTIMA QUALIDADE.,1.0,1,positivo
24746,No prazo,1.0,0,negativo
49192,"O produto que comprei veio em desacordo . Estou no aguardo do produto que comprei. Fico chateado com isso, pois mandaram um produto Ching ling no lugar e oque me chama a atenção é uma empresa errar.",0.0,0,negativo
35608,Muito Satisfeita com a compra e com o produto,1.0,1,positivo
74760,Excelente negócio. recebi o produto exato que pedi e bem antes do prazo estimado. Certamente voltarei a negociar com este fornecedor.,1.0,1,positivo
63355,"O produto foi entregue no prazo, ainda não utilizei-o, então não sei se é bom mesmo.",1.0,0,negativo
33346,Satisfeita,1.0,0,negativo
27867,Comprei 3 unidades do produto vieram 2 unidades que não corresponde com o que comprei. Devido a minha opinião é negativa com relação a esse vendedor pois não não cumpriu com o prometido na venda.,0.0,0,negativo
13217,Produtos baratos e chegam bem antes do prazo.,1.0,1,positivo
29999,Comprei o livro em questão e recebi outro no lugar... decepcionada!,0.0,0,negativo
60969,"Recebi bem antes do prazo...produto em perfeito estado,cumpriu com o prometido!",1.0,1,positivo
25726,Indico,1.0,0,negativo
51302,gostei muito tenho uma retficação meu nome correto é Maria Faraildes Santos,1.0,0,negativo
40309,grata por tudo,1.0,1,positivo
19083,Eu recomendo essa loja recebi meu produto antes do tempo e veio direitinho.. estão de parabéns,1.0,1,positivo
77787,"Boa tarde o produto veio correto, porem a entrega é pessima precisei buscar em outra cidade. Acho absurdo se comprei pele internet e paguei o frete nao entendi porque nao entregar em minha residencia",0.0,0,negativo
41054,Comprei a cozinha da turma da Mônica e foi entregue o mercadinho.,0.0,0,negativo
32538,Chegou antes do prazo muito bom..,1.0,1,positivo
55889,ótimo! Lindo papel!,1.0,1,positivo
97541,Bom,1.0,1,positivo
86389,Produto entregue antes do prazo parabéns,1.0,1,positivo
50730,Tudo certo e dentro do prazo.,1.0,1,positivo
9147,Serviço muito bom assim como o produto,1.0,1,positivo
5445,"Muito bom, comprei no site e chegou tudo certinho, obrigada.",1.0,1,positivo
8941,"o melhor banho que tomei foi com esta ducha, excelente",1.0,1,positivo
98194,Comprei repetidores de sinal pelo stark.com e recebi apenas um. Somaram o valor dos três e atribuíram a somente ele na nota fiscal. Exijo os outros dois ou meu dinheiro de volta.,0.0,0,negativo
94774,"Não gostei da qualidade de entrega, pois não foi entregue no meu endereço, mandaram para um correio super longe da minha casa. Se pagamos o frete deveria ser entregue diretamente no nosso endereço.",0.0,0,negativo
95693,O produto estava previsto para ser entregue até dia 27/03 e até hoje dia 03/04 não recebi.,0.0,0,negativo
68425,Comprei o rímel tango de embalagem vermelha e recebi outro produto. Entrei em contato com a lannister solicitando informações para a troca e até agora ninguém respondeu.,0.0,0,negativo
34922,"O produto chegou antes do prazo,estão de parabéns ,mas referente ao produto ainda é cedo pra falar se é eficaz,mas espero que sim.",1.0,1,positivo
55472,Todas as minhas expectativas foram atendidas,1.0,1,positivo
55423,Muito bom em atendimento e envio de mercadoria no prazo correto,1.0,1,positivo
97349,ótimo produto,1.0,1,positivo
89169,"Recomendo compras, não tive nenhum problema com os produtos.",1.0,1,positivo
29541,"Produto muito bom. não solta fios, cheiroso, bem acabado. boa costura. recomendo muito. excelente presente.",1.0,1,positivo
68025,"Pontualidade chegou antes do prazo.  Confiabilidade site seguro.  Na escala de 01 a 05 nota máxima (***** 05).",1.0,1,positivo
97460,"Estou decepcionada, comprei para minha mae de presente esse tablet e veio com a caixa totalmente violada, suja como se fosse um produto velho e usado. O tablet,tem sinais de uso! Devolverei",0.0,0,negativo
82075,Gostei muito da compra super rápido entrega antes do q eu imaginava parabéns pessoal do baratheon,1.0,1,positivo
57738,"As botinhas que foram entregues não é da marca Guai Guai, conforme foto constante no site das lannister, porém de outra marca.",1.0,0,negativo
3258,Tudo ok porém ainda não testei o cartucho de tintas.,1.0,0,negativo
48209,Simplesmente ameiiiii... produto de ótima qualidade,1.0,1,positivo
81600,Chegou no prazo e em ótimas condições. Parabéns.,1.0,1,positivo
53433,"Produto muito diferente da imagem apresentada no site da lannister, o diâmetro não chega nem próximo do apresentado no site, não serve na cama Queen Size, péssimo acabamento não tem nada de Elegance",0.0,0,negativo
99175,"Chegou antes do prazo combinado Produto de boa qualidade. Do jeito que queria",1.0,0,negativo
63105,"Ameeeeeei o produto que inclusive chegou antes do prazo, mas confesso que tomei um susto quando vi o tamanho pois no site aparenta ser um pouco maior. De qualquer forma, ele é ótimo e estou amando!",1.0,1,positivo
92637,Compro na Americana.om pela confiabilidade da entrega do produto correto e no prazo,1.0,1,positivo
1513,Não recebi o produto não recebi uma justificativa do vendedor. entrei em contato mas até agora não obtive uma resposta.,0.0,0,negativo
49383,Estou aguardando o produto!,0.0,1,positivo
21564,Fiz um pedido de dois itens nessa loja e so me entragaram um até o momento. Algo que não faz sentido pois são itens complementares e que segundo o site foram expedidos juntos.,0.0,0,negativo
16638,"Estou aguardando (2) duas garrafas ainda que não chegaram, mas tem até o dia 20/02 para chegar segundo administrador",1.0,0,negativo
8017,Entrega super rápida. Produto é bom.,1.0,1,positivo
32675,Recebi no prazo,1.0,1,positivo
28526,"Muito bom, Tenho pena que vocês não enviam para o Norte do Brasil.",1.0,0,negativo
27153,Chego muito antes do dia previsto. E é maior do que eu esperava meu filho amou,1.0,1,positivo
49691,Rápido no envio,1.0,1,positivo
67634,Ok,1.0,1,positivo
12228,não recebi o produto. estou pagando por algo que não recebi. Absurdo. desrespeito com o consumidor.,0.0,0,negativo
11737,porque recebi o e mail dizendo que nao iria receber o produto mas no dia sequinte ele apareceu,0.0,0,negativo
39143,"produto bonito, muito bom.",1.0,1,positivo
95197,Produto excelente entrega super rapida com certeza indicaria á loja para outras pessoas,1.0,1,positivo
81795,"não receci todas as peças compradas, somente metade das peças compradas",0.0,0,negativo
63753,Feliz natal a todos,1.0,1,positivo
4253,Satisfeito,1.0,1,positivo
10323,Amei o produto..recomendo,1.0,1,positivo
63249,vlw,1.0,0,negativo
47242,"A nf chegou informando dos dois jogos, porém chegou apenas um jogo! Faltou o jogo branco! Como proceder?",1.0,0,negativo
8799,Até esta data não recebi um posicionamento sobre a entrega do produto comprado. Apenas enviaram um email dizendo que houve problema na entrega e até agora nada,0.0,0,negativo
40894,Tudo correu bem com o pedido!,1.0,1,positivo
78254,"Produto foi entregue bem antes do prazo. Chegou bem condicionado, excelente qualidade de atendimento.",1.0,1,positivo
41128,"Entrega rápida, produto corresponde conforme a foto.",1.0,1,positivo
54202,Fiquei contente com a agilidade de vocês e a preocupação que vocês tem com os clientes. Parabéns.,1.0,1,positivo
81294,"muito boa, adorei o produto",1.0,1,positivo
6333,Tudo bom,1.0,1,positivo
39787,Essa máscara é excelente e deixa o cabelo muito macio.,1.0,1,positivo
11107,Muito satisfeito.,1.0,1,positivo
73421,"Chegou antes do praso previsto, recomendo. Chegou tudo como o esperado!!!",1.0,1,positivo
27009,Otimo.,1.0,1,positivo
36650,produto veio certinho.,1.0,1,positivo
16374,O produto não foi entregue,0.0,0,negativo
36961,me surpreendeu a entrega muito rapida esta de parabéns.,1.0,1,positivo
28888,PRODUTO NÃO CHEGOU,0.0,0,negativo
91430,"No acompanhamento de pedidos o status está como entregue, contudo o produto nunca chegou na minha casa.",0.0,0,negativo
45284,MUITO BOM,1.0,1,positivo
31338,A Entrega foi feita antes do prazo e recebi o produto todo ok. A cor não é muito bonita pessoalmente foi só o que eu não gostei no produto. Mas o material é bom e veio na medida correta.,1.0,1,positivo
55371,"Não recebi o produto correto. Era um switc hdmi o correto. Mas não chegou.  Me enviaram um swith hub USB.",0.0,0,negativo
88736,O pedido foi cancelado???,0.0,0,negativo
3612,"O produto superou minhas expectativas. Parabéns pela qualidade do produto.",1.0,1,positivo
18896,"Produto bom e de muita qualidade , chegou até antes do prazo !",1.0,1,positivo
3510,Produto não atendeu as expectativas,0.0,0,negativo
7763,Estou muito satisfeita com a compra.Produto entregue antes do prazo.,1.0,1,positivo
49168,"Recebi somente dois dos três produtos, e veio primeiro um produto que nem tinha o código de rastreamento, como tinha o outro código de rastreamento fiquei tranquilo achando que chegaria o restante no",0.0,0,negativo
56812,Produto entregue dentro do prazo e em perfeitas condições.,1.0,1,positivo
42318,Muito bonita. Estilo redondo muito decorativo.,1.0,1,positivo
18501,Super recomendo,1.0,1,positivo
81878,Chegou ates do previsto e o Produto e de boa qualidade EU amei minha netinha vai adorar,1.0,1,positivo
7883,"O produto foi entregue dentro do prazo, e de acordo com a descrição do site.",1.0,1,positivo
43752,Encomendamos um caminhão vermelho e veio um amarelo.,0.0,0,negativo
2415,"Cartucho HP 60 colorido não funciona, impressora não reconhece como HP. Solicito instruções para devolução do produto e do dinheiro já pago..No Reclame Aqui tem varias queixas de produtos da targaryen .",0.0,0,negativo
85670,Excelente produto.,1.0,1,positivo
70879,Ótimo ocorreu tudo certo. Vale a pena !,1.0,1,positivo
9004,"Quanto a loja, perfeito. Entregue no prazo e tudo OK com o produto. Com relação ao produto, não testei ainda, mas parece de boa qualidade.",1.0,1,positivo
47201,"Foi entregue muito bem embalado, o produto é bom. Já está instalado..",1.0,1,positivo
20523,Ótimo prazo de entrega.,1.0,1,positivo
63578,"Amei a mesa de canto, maravilhosa!!!!!",1.0,1,positivo
90660,produto é diferente do mostrado na foto deve ser qualidade inferior e não serve pra nada não removeu nenhum cravo,0.0,0,negativo
98756,"Produto chegou no prazo, bem embalado e em perfeito estado. Excelente.",1.0,1,positivo
6668,"Recebi pulseira árvore dá vida vendida por Coçar Brasil com total defeito, sem galhos ,com furos , círculo amassado  Já reclamei muito e não há qualquer resposta Peço a troca pelo que foi divulgad",0.0,0,negativo
80005,"E a segunda mochila que eu compro, somente de cor diferente, é linda e moderna.",1.0,1,positivo
74548,podia ter vindo os dois junto,1.0,0,negativo
34700,"Pedi e paguei DUAS UNIDADES, mas APENAS RECEBI UMA, mas a NOTA FISCAL INDICA DUAS. Ainda aguardo pela entrega?",0.0,0,negativo
75379,"Bom dia, não recebi o produto tive que ir nos correios buscar, fiquei chateada porque paguei o frete é isso sempre está acontecendo , nao só com sua loja como com outras frustrada por ser enganada.",0.0,0,negativo
81512,Muito bom,1.0,1,positivo
69891,Recomendo.,1.0,1,positivo
57802,gostei muito do produto e recomendo para quem quer um relógio digital completo.,1.0,1,positivo
17801,.,1.0,0,negativo
74248,confirmei a compra logo em seguida tentei cancelar que era a voltagem errada mas não consegui nunca mais vou comprar de vocês,0.0,0,negativo
37962,Boa,1.0,1,positivo
83684,Quero meu produto ou meu dinheiro de volta,0.0,0,negativo
85409,Amei meu peoduto e comprarei muito mas com voces,1.0,0,negativo
47717,Nao gostei pois demorou muito pra aprovar,0.0,0,negativo
84068,"recomendo a todos, muito bom !",1.0,1,positivo
2538,"Quando fui comprar o produto, dizia que havia em estoque. Quando comprei, o produto ficou pendente pq não havia mais no estoque. Porém foi descontado do meu cartão.",0.0,0,negativo
19234,Entrega super rápida! Não experimentei o produto ainda.,1.0,1,positivo
62397,.,1.0,0,negativo
90391,"fiz um pedido único e só recebi metade, o q vou fazer com uma capa e uma película sem o celular escolhido......quero devolver",0.0,0,negativo
27074,Gostei de comprar mais uma vez na Americana!,1.0,1,positivo
14142,"o produto foi entregue no prazo e veio certinho, funcionando melhor do que eu esperava. Recomendo!",1.0,1,positivo
78441,Adorei a qualidade e o acabamento.,1.0,1,positivo
27887,Muito bom produto,1.0,1,positivo
51926,Comprei para o meu sublinho e ele aprovou diz que tá tudo correto.,1.0,1,positivo
9504,"Nota 10 pela entrega. O produto não tem a cor exatamente preta, está mais para chumbo cobreado...",1.0,0,negativo
8314,Produto entregue. 1 dos produtos só funciona no 220w. O outro esta ok.,1.0,0,negativo
25439,Faltou o produto coberdron de solteiro.,0.0,0,negativo
33586,"Não recebi toda a mercadoria, comprei dois cartuchos de tinta hp e só recebi um. Ninguém não dá nem um sinal para resolver o problema. Estou vendo que vou ter que entrar na justiça e processar a loja.",0.0,0,negativo
52286,"Prático e fácil de usar, além de fácil de lavar. Recomendo.",1.0,1,positivo
15215,"Excelente custo beneficio, muito bonitinho",1.0,1,positivo
79860,Sempre compro nas lannister,1.0,0,negativo
41781,"produto de excelente qualidade, chegou super rapido.",1.0,1,positivo
24348,"Entrega rápida, produto razoável recomendo!!!",1.0,1,positivo
96631,"Apesar de apresentar a descrição correta o produto não funciona, tempo e dinheiro perdido",0.0,0,negativo
70368,Sempre confiei nas redes lannister 👍🏻,1.0,1,positivo
81417,Tudo ótimo,1.0,1,positivo
51047,entrega rápida,1.0,1,positivo
3243,"O produto cumpre o que promete, mas achei a qualidade inferior a outra capa que comprei em outra loja. As alças para prender no encosto do banco poderiam ser mais resistentes.",1.0,0,negativo
72757,"A mochila é linda e de material de ótima qualidade, meu filho amou",1.0,1,positivo
36129,O que eu tenho de dizer ...vcs estão de Parabéns!! Muito Obrigado !!!,1.0,1,positivo
74935,fui cobrado por um produto que nem entregue foi,0.0,0,negativo
32727,"Recebi o produto errado, fiz o estorno e depois de um mês ainda não recei meu dinheiro de volta.",0.0,0,negativo
18661,O termômetro veio com a pilha vazando e não ligou.,0.0,0,negativo
51682,Tem quase 1 mês,0.0,0,negativo
76432,Deixa o cabelo brilhoso. O creme de pentear e uma maravilha,1.0,1,positivo
16772,"Estou satisfeita com o vendedor,O produto foi entregue bem antes do prazo prazo previsto. Recomendo",1.0,1,positivo
27255,Produto de boa qualidade. Boa opção de níveis de altura.,1.0,1,positivo
83133,Bom dia só um problema recebi o produto aberto só não sei si veio faltando alguma coisa acho que faltou alguns anzol etc,1.0,0,negativo
50284,Chegou dentro do prazo de entrega e eu adorei o produto.,1.0,1,positivo
59223,Chegou antes do prazo! Excelente!,1.0,1,positivo
98356,"Ótima loja, a entrega é rápida recomendo",1.0,1,positivo
5317,Tudo ocorrido conforme esperado. Produto entregue e bem antes do prazo!,1.0,1,positivo
54651,Recebi somente o cartucho hp 93 colorido. Mas comprei junto com o cartucho hp 92. Veio incompleto! Como faço?,0.0,0,negativo
49845,Recomendo,1.0,1,positivo
88582,Como eu estava precisando das tintas fiz o pedido só achei o prazo da entrega um pouco longo tirando isso esta tudo ok muito bom,1.0,1,positivo
86158,"Na descrição do produto diz 100% algodao e me enviaram 80%algodao e 20%poliester, depois que fechei o pedido eles alteraram a data de entrega. Depois que reclamei, recebi o produto.",0.0,0,negativo
26508,Até Hoje não encontrei um site tão responsável que cumpre as normas antes mesmo do esperado .,1.0,0,negativo
8104,"ainda estou no aguardo da compra - vou verificar hoje , na portaria - por vezes esquecem de avisar portanto não posso criticar nada.",1.0,0,negativo
73849,"Cumpre oq promete com eficiência, com preço baixo e eficiência.",1.0,1,positivo
88484,O produto foi entregue no prazo e tem boa qualidade.,1.0,1,positivo
76900,"Comprei,paguei,esperei um pouco mas...recebi e gostei !!!! Diferente da minha experiência anterior, com outro parceiro do baratheon que, depois de muuuiiita espera, não entregou o produto. Parabéns!",1.0,1,positivo
94209,"Produto chegou antes, inclusive, do prazo estipulado. Funciona perfeitamente bem. Recomendo!",1.0,1,positivo
56458,Horrível,0.0,0,negativo
63192,Quero devolver pois recebi algo que não pedi,0.0,0,negativo
15485,Gostei muito. Muito útil e veio tudo certinho. Recomendo.,1.0,1,positivo
26792,Amei minha cadeira!,1.0,1,positivo
69059,E bom custo/benefício !,1.0,1,positivo
65482,tudo certinho,1.0,1,positivo
7898,"Entregaram antes do prazo  Recomendo !!!",1.0,1,positivo
56865,Bom produto.,1.0,1,positivo
2368,Gostei muito do produto.,1.0,1,positivo
92246,Ainda não recebi o produto,0.0,0,negativo
22729,"Excelente vendedor, rápido no envio do produto, com certeza farei mais compras neste vendedor.",1.0,1,positivo
50009,"Não recebi o produto que comprei, fiquei decepcionada e meu neto também. Não consegui nem rastrear. Uma pena!",0.0,0,negativo
16035,comprei 5 so recebi 3 e empresa nao mi da respostas,0.0,0,negativo
34268,Bom produto entrega rapida,1.0,1,positivo
58805,"FOI APRESENTADO UM PRODUTO NO ATO DA COMPRA E FOI ENTREGUE OUTRO, UM TOTAL DESCASO TANTO DA PARTE DO FORNECEDOR QUANDO DA lannister QUANDO TENTEI FAZER A DEVOLUÇÃO DO PRODUTO",0.0,0,negativo
7131,"Comprei 2 e recebi apenas 1.  Na nota fiscal consta 2 peças e quantidade de VOLUME 1, sendo que dentro do volume só tem um cobertor, que por sinal de qualidade PÉSSIMA.",0.0,0,negativo
48607,Ainda no aguardo da entrega do produto,0.0,0,negativo
67432,Ok,1.0,1,positivo
8154,"Muito bom Muito resistente Muito bem acabado",1.0,1,positivo
24085,Ainda nao rrecebi,0.0,0,negativo
1134,Produto entregue no prazo nota 10,1.0,1,positivo
72455,Muito Boa.,1.0,1,positivo
5381,"Faz dois dias que o prazo da entrega venceu e o produto ainda não chegou, inclusive já foi pago parcela no cartão de crédito.",0.0,0,negativo
1205,Esperava maior um pouco,1.0,0,negativo
52925,"Gostei muito,e chegou rápido",1.0,1,positivo
5239,"Estou decepcionado coma demora na entrega. e a falta de satisfação, ou explicação da loja",0.0,0,negativo
32915,Entrega rápida,1.0,1,positivo
24799,Foi entregue o produto correto,1.0,1,positivo
54370,Tudo ok,1.0,1,positivo
12414,"Muito boa essa loja, entregue o produto no prazo, 100% confiável.",1.0,1,positivo
12112,"entrega rapida, produto bom",1.0,1,positivo
58812,"Chegou antes do prazo, Sao liindos , e o material é de primeira!!  Recomendo",1.0,1,positivo
6290,"Produto entregue, testado e aprovado!",1.0,1,positivo
5532,Não recebi meu produto!,0.0,0,negativo
62038,Entrega rápida,1.0,1,positivo
41794,"Fiz a compra, o cadastro, recebi notificação de que o pedido foi entregue em uma unidade do correio, fui na u nidade e nao estava la. Aguardo retorno imediato, todos os itens estao acontecendo o mesmo",0.0,0,negativo
34570,O produto é anunciado na foto com 4 pesos para calibração mas eles não vieram juntos.,0.0,0,negativo
7355,"Ainda não usei, más parece muito bom, depois do uso, dou outra opinião!",1.0,0,negativo
35550,O produto a inda não chegou e não dá satisfação nenhuma,0.0,0,negativo
52254,produto entre ates do prazo,1.0,1,positivo
8140,Compramos tres unidades e foram entregues apenas duas unidades. Aguardo solução do problema!,0.0,0,negativo
29346,Relógio muinto bonito bom custo benefício recomendo,1.0,1,positivo
93359,Produto entregue perfeitamente e dentro do prazo acordado. Estou totalmente contente e satisfeito.,1.0,1,positivo
51880,Deu tudo certo.,1.0,1,positivo
764,A cortina não é o modelo que pedi. |,0.0,0,negativo
57105,Ótimo,1.0,1,positivo
63541,Não recebi a mercadoria em meu endereço. E não tenho condições de ir até a agência do correio. Fiz cancelamento do pedido. Qero reembolso.,0.0,0,negativo
71474,"Efetuei a compra de 04 unidades conforme nota fiscal, porém recebi somente 01 unidade. Ou seja, estão faltando 03 unidades. Fico no aguardo de um retorno urgente pois estou precisando da mercadoria...",0.0,0,negativo
65969,"comprei 5 kg de bicarbonato, mas foram entregues somente 3 pacotes de 1kg.",0.0,0,negativo
93352,Faz quase 1 mês que comprei o kit provençal e até hoje não recebi.,0.0,0,negativo
4659,Perfeito como sempre!!!,1.0,1,positivo
47995,"Preciso fazer a troca e não tem ninguém que me dê o suporte para me auxiliar. No site não estou conseguindo.",0.0,0,negativo
80500,"O stark precisa ver melhor a loja que indica porque recebi o produto (um termostato) em dia, no entanto, sem funcionar. Foi frustrante!!! Espero que o stark faça a reposição do objeto que comp",0.0,0,negativo
83268,Escada recebida e tudo certo.,1.0,1,positivo
78340,ENTREGA REALIZADA ANTES DO PRAZO,1.0,1,positivo
9564,"Bom dia. Gostei de ter comprado nesta loja, recebi o produto no prazo e lacrado.",1.0,1,positivo
96119,Muito bonito! Superou a expectativa. Agradeço.,1.0,1,positivo
80758,Bom produto e lannister como sempre entregando antes do prazo... Recomendo!,1.0,1,positivo
15039,O produto é excelente e chegou bem antes do prazo. Amei comprar nessa loja,1.0,1,positivo
9894,Ótimo produto,1.0,1,positivo
59900,Gostei dos produtos,1.0,1,positivo
16298,quero mais atenção para com os clientes. quero fala com alguém e não com uma máquina,0.0,0,negativo
25754,positia,1.0,0,negativo
42652,"Comprei o produto pelo que vi nas imagens. Quando recebi e o vi ao vivo, foi uma grande decepção. É feia e aparenta plástico de cortina de box ou para forrar mesa. Estou devolvendo.",0.0,0,negativo
28715,Produto correto e entrega entregue em tempo ótimo,1.0,1,positivo
6558,Produto muito bonito,1.0,1,positivo
72008,Fiz o pedido e após vários dias já próximo a data de entrega informaram que o produto não estava disponível.,0.0,0,negativo
99202,Muito bom...chegou antes do previsto!,1.0,1,positivo
59185,"O produto é ótimo, muito satisfeito.",1.0,1,positivo
31111,"Gostei muito da mercadoria  Parabéns",1.0,1,positivo
30475,Muito bom,1.0,1,positivo
41647,Produto excelente!!! Eu recomendo.,1.0,1,positivo
42127,ótimo,1.0,1,positivo
67687,"Apesar do produto ser de loja parceira a entrega foi rápida. E a boneca é linda: macia, gostosinha, muito legal!",1.0,1,positivo
51083,Recomendo. Td OK.,1.0,1,positivo
31961,ÓTIMO,1.0,1,positivo
66808,"Chegou antes do prazo dado, as prateleiras são lindas e bem acabadas. Recomendo!",1.0,1,positivo
67697,"Comprei duas vezes porta cds, de vocês na lannister nesse mês, e não recebi nenhum porta cds. Peço que corrijam esse erro gravissímo, pois gostaria de continuar sendo cliente lannister.",0.0,0,negativo
24471,"Produto péssimo,uma das tesouras veio com empenas ,não vou enviar de volta pois sei que é um processo demorado,mas estou com o produto insatisfeito.",0.0,0,negativo
29622,"Entrega super rapida e conforme combinado,",1.0,1,positivo
87073,No 110v e meio fraca mais no 220v como manda a voltagem responde bem 😎,1.0,1,positivo
51197,Otima compra,1.0,1,positivo
13191,Muito bom gostei de compra,1.0,1,positivo
32140,"O celular Nokia (que deveria ser novo) chegou sem lacre e sem a película de proteção na tela, o que indica já ter sido usado. Além disso, o produto não funciona, pois não reconhece nenhum chip.",0.0,0,negativo
74617,Recomendo ótimo atendimento prazo curto de entrega.,1.0,1,positivo
82727,"Gostei do produto,super recomendo . Entrega no prazo certo,como sempre.",1.0,1,positivo
88625,Ótimo produto chegou muito antes do tempo!!!,1.0,1,positivo
8745,Tudo ok conforme combinado,1.0,1,positivo
49279,"Eu amei o produto e comprometimento com a data da entrega,chegou bem antes. Parabéns",1.0,1,positivo
94833,Pinhão não serve na fazer 2008,1.0,0,negativo
30988,a entrega foi efetuada dentro do prazo previsto fiquei satisfeita.,1.0,1,positivo
24736,"Fiz um pedido de um produto que estava num preço otimo, e cancelaram depois que eu paguei...",1.0,0,negativo
71653,Funcionou perfeitamente.,1.0,1,positivo
74391,"O produto chegou muito rápido, em ótimo estado, só achei pouca a proteção dentro da caixa, mas ficou tudo ok. Lojista altamente recomendável.",1.0,1,positivo
63476,Perfeita a bolsa e foi entregue no prazo,1.0,1,positivo
31039,"Comprei 2 lixeiras e recebi apenas 1 item...  Estou aguardando o envio da segunda lixeira!!  Obrigada",0.0,1,positivo
37140,Pedi 2 vidros de 1000 l de forth cobre e 1 de forth enxofre . Só chegou até agora 1 vidro de forth cobre,0.0,0,negativo
35920,Perfeito e entregue bem antes do prazo!! Super recomendo,1.0,1,positivo
33548,Tudo de bom.,1.0,1,positivo
48508,Preciso que envie meu produto até dia 24 sem falta,0.0,0,negativo
66993,excelente.,1.0,1,positivo
69074,comprei duas cadeiras porem foi entregue apenas uma,0.0,0,negativo
23771,Produto chegou certinho e rapido.,1.0,1,positivo
42647,Ainda não recebi o produto,0.0,0,negativo
23622,O pedido foi entregue muito antes do prazo estabelecido. Super recomendo,1.0,1,positivo
98742,produto bom,1.0,1,positivo
10070,"Entrega no prazo combinado , chegou certinho recomendo esse loja",1.0,1,positivo
40827,Ainda não recebi o produto,0.0,0,negativo
80370,Produto ainda não foi entregue !!!,0.0,0,negativo
40011,"aparelho util, bom, pratico, poderia ser mais robusto e mais silencioso, na faixa de preço sem concorencia",1.0,1,positivo
24436,Beleza e praticidade... a entrega foi dentro do prazo. Muito bom.,1.0,1,positivo
88448,Gostaria de receber meu produto,0.0,1,positivo
77206,Estou muito satisfeito! Recomendo a todos!!!,1.0,1,positivo
2142,A única coisa q eu acho q as entregas poderiam ser mais rápidas n a cada 10 ou 15 dias e muito demorado,1.0,0,negativo
23705,"Entrega antes da data prevista, adorei o produto.",1.0,1,positivo
52590,Passou do prazo dado e ainda estou aguardando pela minha mercadoria ...,0.0,0,negativo
49545,O produto é o esperado e o fornecedor cumpriu o combinado.,1.0,1,positivo
34541,"eu recebi produto, mais a cor veio errada, eu pedi preto preto, e veio vermelho, estou aguardando esta empresa fazer a trocado produto, pois estou sem puder usar",1.0,0,negativo
72818,"Algo aconteceu errado, pois não recebi estes itens. Contudo, já recebi outros itens que comprei na mesma ocasião. Aguardo um retorno.",0.0,0,negativo
78504,"Ótimo produto entrega muito rápida,recomendo",1.0,1,positivo
83653,Só ficou a deseja pelo fato de pagar pelo frete é ter que ir pega nos Correios.,0.0,0,negativo
80444,muitos desencontros nas entregas de produtos,0.0,0,negativo
48545,"Produto entregue dentro do prazo e com as especificações da compra corretas, porém me decepcionei qdo vi o tamanho dos adesivos, sendo pra queimar gordura da barriga e mede apenas 7,5x5cm é minusculo",1.0,0,negativo
12341,Entrega bem rápida. Produto conforme a descrição.,1.0,1,positivo
60273,ainda não usei mais tenho certeza que é boa obrigada,1.0,0,negativo
50457,"Envio e entrega rápida do produto, recomendo.",1.0,1,positivo
19516,BOM,1.0,1,positivo
74552,Excelente! Entregue antes do prazo.,1.0,1,positivo
41418,Nossa muito bom super recomendo esta loja muito obrigada.,1.0,1,positivo
72825,A bolsa de cozimento rápido não foi entregue e no site consta q foi enviado os dois produtos!,0.0,0,negativo
8499,"NÃO ERA EXATAMENTE O QUE EU QUERIA, MAS SERVIU",1.0,0,negativo
17045,a qualidade é baixa,0.0,0,negativo
72906,"O produto chegou mal embalado, caixa rasgada e molhada, possui defeitos na costura e tem um péssimo ajuste no banco do veículo (Voyage G6). Não recomendo!!",0.0,0,negativo
27256,Estou satisfeita e peço desculpa pelo transtorno pois o pedido foi entregue em dias diferente,1.0,1,positivo
2118,"Gostei muito do meu produto só acho que os panos poderiam ser maiores, mais está Tudo certo....super recomendo este sitie, entrega muito antes do prazo...com certeza irei comprar outras vezes.",1.0,1,positivo
94474,"Valeu a pena comprar chegou o que foi comprado e antes da data prevista  Recomendo a que mais precisar",1.0,1,positivo
72518,O meu pedido ainda não chegou,0.0,0,negativo
39897,Bom,1.0,1,positivo
69985,"Comprei 4 produtos, mas recebi apenas um. Prejuízo total! Não recomendo.",0.0,0,negativo
32698,"Recebi muito bem embalado, o produto é mais bonito do que parecia na foto e o prazo foi 30 dias menor do que o estimado no ato da compra! ADOREI!",1.0,1,positivo
8888,COMPREI UMA MOCHILA DA MOANA E RECEBI DA MARSHA. QUE TRANSTORNO...,0.0,0,negativo
96384,Não comprem nesse site eles não entregam.,0.0,0,negativo
77526,PRODUTO MUITO BOM,1.0,1,positivo
61133,"Os prazos foram respeitados, o que vem de encontro ao lema das Lojas lannister.",1.0,1,positivo
82271,Excelente vendedor,1.0,1,positivo
64935,"Tudo certo!!! Loja sempre prestativa.",1.0,1,positivo
62431,Recebi o produto em perfeitas condições e dentro do prazo.,1.0,1,positivo
50342,Entrega é produto certo.ok,1.0,1,positivo
36518,Produto bom. Chegou no prazo!,1.0,1,positivo
36324,Elogiável,1.0,1,positivo
72931,Foi uma ótima compra! Chegou antes mesmo do prazo e o produto é igual o que estava no anúncio. Correspondeu as expectativas!,1.0,1,positivo
85585,"Super recomendo, pessoal responsavel e bem atencioso. Gostei do que coprei!!",1.0,1,positivo
72573,Ainda não recebi a mercadoria! mas como preciso do produto estou esperando que o problema se resolva.,0.0,1,positivo
87060,"o produto chegou bem antes do prazo final. Quase não compro porque ia demorar demais. Seria interessante ajustar esse pra de entrega. Sei que é uma segurança, mas tá muito exagerado.",1.0,0,negativo
66868,Produto muito bom...chegou certinho,1.0,1,positivo
85273,"Muito rápido, entregou antes do prazo e tudo certo.",1.0,1,positivo
24056,Produto excelente. Entregs rápida,1.0,1,positivo
83345,Produto de péssima qualidade não cumpre o descrito,0.0,0,negativo
55581,Otimo,1.0,1,positivo
70369,Vou entrar em contato com a loja .Acho que a maquina veio com defeito.Pois ela não tem pressão alguma pode ate mesmo jogar água na pele que não faz diferença.,0.0,0,negativo
13886,"gostaria de ter ficado sabendo oq aconteceu com o pedido...fiz o pag, me enviaram o prazo e a encomenda não foi concluída mesmo com o prazo de entrega, e tbm não me deram retorno",0.0,0,negativo
84283,"Meu pedido chegou direitinho e no tempo certo, gostei do atendimento.",1.0,1,positivo
85579,o produto chegou no prazo em perfeito estado,1.0,1,positivo
99497,O prazo estava para o dia 10.11.2017 e até o momento eu não tive nenhum retorno da loja para dizer qual foi o problema com a entrega. Ainda aguardo o produto que eu paguei.,0.0,0,negativo
40098,"Produto chegou antes do previsto, e atendeu todas expectativas.",1.0,1,positivo
74454,Chegou muito antes do prazo previsto,1.0,1,positivo
27457,Bom,1.0,1,positivo
27299,Leve parece plástico mais pelo preço compensa,1.0,1,positivo
38381,RUIM,0.0,0,negativo
67313,Bom,1.0,1,positivo
69816,"A entrega de produtos de parceiros deveria ser baratheon . Correios é complicado, detona um nome bem construído.",0.0,0,negativo
7333,"Enviaram o produto errado pra mim! Na loja virtual estava mostrando o produto original, eu comprei, e chegou um produto totalmente diferente! Quero outro, ou meu dinheiro de volta!!!",1.0,0,negativo
57460,Produto entregue antes do prazo combinado. Muito bom!,1.0,1,positivo
53602,ÓTIMO,1.0,1,positivo
12301,Recebi antes do prazo! ameeei *__*,1.0,1,positivo
82758,"O produto foi entregue antes do prazo estipulado, veio corretamente.",1.0,1,positivo
63656,Parabéns a loja online. Comprei o que estava procurando. Recebi o produto antes da data. Com produto de qualidade. Recomendo.,1.0,1,positivo
4804,"excelente produto recomendo",1.0,1,positivo
30063,"fidjvjvjfvvvopgifqwv,cvjkdjvvnlxnsfkerwgxodfewfjcjkvkvkdvbjfgopvmgovpog4329f0foji34-4fjvvdhfrhgccdvigrervirigvrghthvgf34gg3 v3t43 djg v frgkf34kefkvifh c krgi4yrvke fbrek0ughrg",1.0,0,negativo
14243,"descaso total da loja nao recebe o produto e nao entraram em contato comigo bem tempo depois mandaram email pra minha irma e nem deixaram telefone para mim entrar em contato com loja.  não recomendo.",0.0,0,negativo
22959,Linda cortina!,1.0,1,positivo
8234,Eu recomendo sim são muito boa vcs estão de parabéns,1.0,1,positivo
3545,Gostei da capa. Veio a estampa certa! Tempo certo! A capinha é grossa. Muito bom!,1.0,1,positivo
59749,Ok,1.0,1,positivo
21995,O prato é de boa qualidade mas é bem pequeno. Recomendo apenas para bebês.,1.0,0,negativo
41231,Produto recebido dentro prazo estipulado.,1.0,1,positivo
57999,demora na entrega.,1.0,0,negativo
9480,"produto chego rápido, recomendo a todos,",1.0,1,positivo
29882,Bom produto!,1.0,1,positivo
98521,"Comprei na stark achando que seria entregue via transportadora, é me enviaram por correio, e não tem correio onde moro tive que atravessar a cidade pra buscar no correio e voltar de ônibus",0.0,0,negativo
32272,"Muito satisfeita, obrigado",1.0,1,positivo
14093,Produto Boa qualidade atendeu minha expectativa . Chegou antes do praso combinado . Eu recomendo,1.0,1,positivo
22509,"RECEBI O PRODUTO NO PRAZO,COM QUALIDADE E BOM PREÇO.",1.0,1,positivo
65016,"Ótimo produto, adorei!",1.0,1,positivo
90869,Bom,1.0,1,positivo
26272,Boa,1.0,1,positivo
90581,"faltou compromisso , faltou responsabilidade , não pude usar a mercadoria conforme previsto , nem mesmo uma ligação para esclarecer o motivo do atraso, estou esperando até agora.",0.0,0,negativo
64584,Comprei na quinta e chegou na segunda,1.0,0,negativo
22873,"Capa para note acolchoada, muito bonita e básica, vale o preço!",1.0,1,positivo
32601,Produto de boa qualidade e a loja entrega até antes do prazo.,1.0,1,positivo
77054,Me ajuda bastante!,1.0,1,positivo
19259,parabéns .,1.0,1,positivo
77449,"Já paguei hj a primeira parcela e não recibe o produto, já cancelei a compra.",0.0,0,negativo
50269,"Produto muito bom, dentro do prometido!",1.0,1,positivo
19333,Tudo dentro dos conformes. O produto chegou bem embalado e antes do prazo.,1.0,1,positivo
49770,"nas fotos a bateria parece bem maior, mas quando recebi me decepcionei com o tamanho",1.0,0,negativo
7163,Recomendo a todos podem compra sem medo garantido por mim,1.0,1,positivo
87362,"fiz o pedido de um kit de utensílios de cozinha com 6 pecas,e recebi um prato prato para bebê de silicone.quero o meu produto que foi pedido,quero saber como podemos fazer essa troca.",0.0,0,negativo
6228,Obrigado...,1.0,1,positivo
78629,"Produto de ótima qualidade, perfeito. Vendedor responsável,recebi o produto bem antes do prazo. Recomendo com certeza Vou comprar outro pra minha esposa. Daria 10 estrelas se podesse",1.0,1,positivo
55590,"Chegou 1 dia antes, véi em perfeito estado e era melhor do que eu esperava. Recomendo o produto e a loja.",1.0,1,positivo
60515,"Recebi o produto e ainda um brinde maravilhoso! Isso é surpreender ao cliente.",1.0,1,positivo
5563,"pela segunda vez aconteceu problema em compra via internet. Primeiro foi com um climatizador que me mendaram com voltagem divergente. Agora com pedido feito na segunda semana de março e aainda nao en",0.0,0,negativo
1604,"Produto bonito, parece de boa qualidade, entretanto, nas imagens do site, o produto parecia mais robusto, elegante e com cor uniforme. O tom varia...",1.0,0,negativo
84372,Acho que o kit deveria vir com um estojo para colocar os canudos e a escova,1.0,1,positivo
8219,Minha esposa gostou fica muito legal obrigado.,1.0,0,negativo
63390,Péssimo atendimento. Nao me deram nem explicações para este 1 MÊS de atraso. Nunca mais faço compras pela lannister.,0.0,0,negativo
96420,muito bom,1.0,1,positivo
46841,bom,1.0,1,positivo
1736,"Falta de respeito com consumidor; produto mal embalado, vidros sem lacre vazando; náo recebi autorização de devolução, mesmo tendo reclamado no dia da entrega; o pior, terei que levar ao correio",0.0,0,negativo
49635,Muito bom,1.0,1,positivo
12231,Estou satisfeita,1.0,1,positivo
55822,"Bom produto, entrega no prazo estipulado.",1.0,1,positivo
7689,serviço excelente. Entrega antes do prazo.,1.0,1,positivo
42851,Tudo certo.,1.0,1,positivo
70686,Satisfeita com a compra e com a empresa que foi rápida e eficiente como das outras vezes!,1.0,1,positivo
21350,"RECEBI O PRODUTO DE BOA QUALIDADE , MAS COMPREI NO TAMANHO ERRADO, VOU DEVOLVER O PRODUTO POIS NÃO CANE NO MEU CELULAR",1.0,0,negativo
99137,muito bom,1.0,1,positivo
55718,Pedi 4 unidades do produto e recebi só 3 até o momento é o aplicativo acusa que eu já recebi o produto. Lamentável é absurdo. Onde reclamo?,0.0,0,negativo
43220,Muito bom!,1.0,1,positivo
68371,O produto chegou conforme o descrito.,1.0,1,positivo
49437,Um produto de boa qualidade e entraga no prazo,1.0,1,positivo
4709,Bom,1.0,1,positivo
30633,"Gostei muito de comprar com esse vendedor , pois nos fornece todas as informações necessárias .",1.0,1,positivo
98754,Recebi antes do prazo de entrega,1.0,1,positivo
4740,recomendo,1.0,1,positivo
28100,Recomendo,1.0,1,positivo
75116,BOM ATENDIMENTO,1.0,1,positivo
87505,"Realizei a compra de três cabos e recebi somente um. Porém, paguei o preço dos três. Quero devolver o produto e receber meu dinheiro de volta.",0.0,0,negativo
16413,"Veio corretamente e em perfeito estado o perfume.., mas hajaaaa paciência! Rsrs  Veio no prazo estabelecido. Porém, comprem sem preça de receber!",1.0,0,negativo
49743,Muito bom !,1.0,1,positivo
92729,"Com relação à compra e entrega, só tenho a elogiar. Muito obrigada!",1.0,1,positivo
52518,"Fácil, rápido e eficiente! Foi entregue bem antes do previsto.",1.0,1,positivo
11186,Muito bom tecido macio grande como queria.,1.0,1,positivo
15517,"ÓTIMO ATENDIMENTO,TUDO 100%",1.0,1,positivo
53400,Produto muito Bom!!,1.0,1,positivo
32000,Otimo,1.0,1,positivo
37549,"Não recebi meu produtô, a data de entrega era de 09/11/17. Gostaria de saber o que aconteceu com meu produto.",0.0,0,negativo
87059,"Só acho que o frete poderia ser menir ou até gratis , como aparece quando se esta comprando , mas quando vai finalizar a compra entra a facada do frete.",1.0,0,negativo
1945,"Entregaram os produtos, mas, Não cumpriram o prazo de entrega passou do prazo.",0.0,0,negativo
95743,Muito satisfeito o produto chegou 15 antes do previsto. Recomendo a todos.,1.0,1,positivo
42989,MUITO BOM,1.0,1,positivo
26275,"Por favor, mudem as especificações do produto. No anuncio existe um comentário de que a mochila aberta fica com 64cm. Não fica! Isso é propaganda enganosa. Comprei pensando nessa medida e me dei mal.",0.0,0,negativo
30634,Produto veio oqueveubrealmente esperava,1.0,1,positivo
32917,"Recebi os produtos no prazo, mas não foram os produtos que comprei (PRODUTOS ORIGINAIS DA HP), mas o que eu recebi foram produtos falsificados. Explico: o cartucho preto parou de imprimir mesmo cheio.",0.0,0,negativo
83980,Duvida acho que havia pedido uma bolsa preta e me enviaram duas bolsinhas coloridas o pedido veio certo?,1.0,0,negativo
18453,gira facilmente!,1.0,1,positivo
69407,Produtos recebidos em 2 dias e funcionando!,1.0,1,positivo
66508,Amei,1.0,1,positivo
1911,"Produto bom, entrega rápida",1.0,1,positivo
15702,"Ele não é um mini cajon, é um shaker, ou seja, um chocalho que imita o cajon. Péssimo.",0.0,0,negativo
21943,Fiquei satisfeito,1.0,1,positivo
48448,Comprei um produto bem mais caro e recebi um outro produto de valor bem menor e totalmente diferente do que comprei,0.0,0,negativo
78974,ótima como sempre,1.0,1,positivo
44517,Até o momento não recebi o produto então não tenho nada a opinar.,0.0,0,negativo
2687,"Foi tudo muito rápido, a compra, o pagamento e a chegada. Só faltou o próximo produto. O que deixaram a desejar, foi que eu comprei pelo site, porém asessei na loja e o vendedor não me explicou.",1.0,0,negativo
98830,"Bom produto,",1.0,1,positivo
60889,De acordo com as especificações e entrega antes do prazo. parabéns Americana.,1.0,0,negativo
26757,"No site da lannister a informação do tipo de saco descartável é NANO. No site não diz o número, por isso recebi o NANO 11 que é maior que o saco do aspirador, vou ver se funciona corretamente.",1.0,0,negativo
40287,Faltou 1 unidade de luminária.,0.0,0,negativo
22202,O PRODUTO CHEGOU ANTES DO PRAZO E MUITO BEM EMBALADO...,1.0,1,positivo
32948,Otimo nao tive problemas nota 9,1.0,1,positivo
31118,"Obrigada por ter Tanto carinho e dedicação conosco",1.0,1,positivo
96155,"o produto veio na cor errada, preciso de troca conforme contato anterior, pois era um presente de aniversário para meu filho",0.0,0,negativo
64990,"correios alega o produto foi extraviado, já fui lá varias vezes, e não localizaram o produto.",1.0,0,negativo
16532,"Gostei muito,chegou direitinho , antes do prazo recomendo.",1.0,1,positivo
93775,Gostei muito do produto comprado.,1.0,1,positivo
38983,"Minha compra é linda, amei minhas canecas",1.0,1,positivo
38789,Só recebi metade do que comprei,0.0,0,negativo
95802,Gostei da compra produto de qualidade..chegou antes do ora só previsto..,1.0,1,positivo
47814,"produto, ótimo, adorei, lindo, sem contar que foi entregue no prazo corretamente.xxxxxxxxxxxxxxxxxxxxxxxxxxxxxxxxxxxxxxxxxxxxxxxxxxxxxxxxxxxxxxxxxxxxxxxxxxxxxxxxxxxxxxxxxxxxxxxxxxxxxxxxxxxxxxxxxxxxxxx",1.0,1,positivo
67387,Até o momento não recebi a mercadoria ...estou aguardando ..vou cancelar a compra,0.0,0,negativo
60391,Achei o produto mto frágil!!,1.0,0,negativo
25030,"Produto chegou em duas entregas, ambas dentro do prazo.",1.0,1,positivo
93447,O produto chegou em ótimo estado e chegou antes do prazo parabéns lojas lannister estou muito feliz com vcs,1.0,1,positivo
27189,O produto veio rasgado,0.0,0,negativo
43669,"Comprei 2 kits do polivitaminico hemovital ,onde cada kit tem 10 unidades ,pôrem só me mandaram 2 unidades ao invés das 20 unidades .estou aguardando pra ver a resposta deles ,espero q resolva isso.",0.0,0,negativo
60562,Produto bem detalhado mas com pouca qualidade.,0.0,0,negativo
3360,"O pedido, não chegou com a quantidade correta. Faltou o Suporte De Peito Cinta Peitoral Para Camera Gopro Go Pro, faltou um Adaptador Conector P2 Macho P10 Femea Estereo Microfone sendo 3.",0.0,0,negativo
71150,Faca cumpre o que promete,1.0,0,negativo
22370,"So houve problemas na entrega, mas foi por causa dos Correios. Ainda sim foi entregue no prazo",1.0,1,positivo
18716,nao compensa nao imprimi nem 30 folhas com o cartucho preto..... nao compensa,0.0,0,negativo
82220,Nao recebi,0.0,0,negativo
58926,"Recebi parcial, faltou a capinha, mas o fornecedor mandou uma carta dizendo que será enviado em breve, agora estou no aguardo. Isso não é uma reclamação, apenas um comentário que ainda nao recebi tudo",1.0,1,positivo
53554,"Produto excelente , entrega rápida Comprei mais um depois.",1.0,1,positivo
89263,Tava Faltando,1.0,0,negativo
75467,"Chegou rapidamente e bem embalado. Ainda não utilizei o produto, mas a primeira impressão foi boa.",1.0,1,positivo
71889,Comprei um chaveador RCA que veio com defeito no cabo RCA e em uma das saídas de áudio. A lannister pediu uns dias para resolver o problema mas nada feito. Retornei ao SAC e desligaram na minha cara.,0.0,0,negativo
74469,s,1.0,0,negativo
25194,"Produtos entregues em tempo hábil e conforme o anunciado. Obrigada",1.0,1,positivo
64111,"Deveriam ter a opção de retirar na loja, caso o consumidor assim desejasse, e sem custo de frete. Grato",1.0,1,positivo
59933,"Recebi o produto antes do prazo, recomendo o baratheon.",1.0,1,positivo
45173,"Faltou item descrito Me ligue 34 99978 4951",0.0,0,negativo
3522,Produto enviado é falaificado,0.0,0,negativo
63341,Ainda ñ recebi a TV e o aspirador de pó.,1.0,0,negativo
62788,O meu produto veio com uma marca diferente!! Mas vou avaliar as características pra ver se supre o outro!!,1.0,0,negativo
84696,aguardo retorno por que ainda não recebi.,0.0,0,negativo
76615,"enviaram um email falando que não tinham no estoque, eles deveriam confirmar se tinham ou não no estoque no momento da compra e não depois que efetuei o pagamento.Falta de organização no estoque",0.0,0,negativo
62263,GOSTEI OTIMO PRODUTO.,1.0,1,positivo
16644,Chegou bem mais cedo que eu imaginei Vale a pena,1.0,1,positivo
98480,Amei a compra e a entrega dentro do prazo isso é muito bom. Parabéns!!!,1.0,1,positivo
41698,Comprei uma capinha transparente e veio uma marmotenta colorida... ridículo..,0.0,0,negativo
8670,Tudo maravilhoso muito obrigada,1.0,1,positivo
16945,Gostei!!!,1.0,1,positivo
68089,Eu gostei muito rápido,1.0,1,positivo
87236,Parabens,1.0,1,positivo
88771,Tudo perfeito,1.0,1,positivo
59316,muito bom................................,1.0,1,positivo
2966,muito obrigado,0.0,1,positivo
36875,Gostei se.Ainda sendo pela a loja Amricana.muito bom.Obrigado.,1.0,1,positivo
62307,"Maior que eu imaginava, uma arte muito bem feita. Super recomendo!",1.0,1,positivo
85009,Talvez não seja uma mochila de grande durabilidade mas pelo custo benéfico é um otimo produto,1.0,1,positivo
50185,muito bom atendimento e prazo de entrega,1.0,1,positivo
77997,"Muito bom entregue antes do prazo ,muito bem embalado.. Recomendo a loja. Voltarei a comprar.",1.0,1,positivo
53850,Atendeu as minhas expectativas e chegou muito rápido! Bem antes do prazo.,1.0,1,positivo
65761,Excelente qualidade.,1.0,1,positivo
58263,Produto e loja de confiança,1.0,1,positivo
46494,"Comprei uma maleta modelo Paris e veio uma maleta de um modelo diferente, comum que posso comprar em qualquer loja. Se pudesse não daria nenhuma estrela. Desrespeito.",0.0,0,negativo
66208,ruim,0.0,0,negativo
28352,"Ótima cortina, pano muito bom superou minhas expectativas.vou comprar outras com certeza",1.0,1,positivo
93714,Comprei há quase 2 meses e até o momento não recebi o produto.,0.0,0,negativo
19743,Recomendo,1.0,1,positivo
97411,Site muito bom.,1.0,1,positivo
39215,"estou aguardando o número do código do correio para reenviar o produto para troca. este assunto já foi tratado por telefone, e segundo me informaram em 2 dias receberia este número e a 4 dias esper o",1.0,0,negativo
25224,Excelente produto e chegou bem antes do prazo,1.0,1,positivo
56777,Indico entrega rápida.,1.0,1,positivo
76734,"Mais uma compra recebida, estou muito satisfeita.",1.0,1,positivo
68498,Foi mandado conforme o combinado,1.0,1,positivo
96133,"O frete é caro e ainda se quiser tem q buscar no correio.Muito ruim.Ainda quer elogios,odiei.",0.0,0,negativo
38627,Toalhas bem bonitas e as recebi no tempo determinado.,1.0,1,positivo
45652,Produto com entrega atrasada,0.0,0,negativo
31068,Não foi entregue o produto .,0.0,0,negativo
10925,Excelente atendimento entrega antes do prazo,1.0,1,positivo
42796,Meus produtos nao vieram completos comprei 3 produtos e vieram somente um e estou aguardando uma resposta do stark sobre o ocorrido quero saber se vao devolver meu dinheiro ou mandar os produtos,0.0,0,negativo
17210,"Produto como o esperado. Apesar de chegar no prazo, achei muito longo o tempo pra entrega.",1.0,0,negativo
6022,"Prefiro , comprar como era antes , do processo de lojas parceiras é muito ruim as mercadorias não chegam em 1 só dia . Acaba nos prejudicando , tendo que",1.0,0,negativo
66818,Produto bom. entrega muito rapida.,1.0,1,positivo
93138,Entrega rápida,1.0,1,positivo
68883,Ainda estou aguardando a entrega do produto!,0.0,0,negativo
53456,"Bom dia  Ainda não recebi meu produto dentro do prazo que disseram que entregariam. Estou decepcionado. Ainda estou aguardando o produto",0.0,0,negativo
14501,"Produto veio perfeito, muito bem embalado e muito antes do prazo estipulado. Estou muito satisfeita.",1.0,1,positivo
28789,"O produto foi entregue no prazo correto, bem embalado e de acordo com o esperado. Recomendo este site de compras. Muito confiável.",1.0,1,positivo
34046,"A LOJA É ÓTIMA,POREM DESSA VEZ AINDA NAO RECEBIR MINHA MERCADORIA.",1.0,0,negativo
41078,"mudem a forma de entrega, os Correios mal servem para entregar cartas.quando sei que a entrega será via correio não compro.prefiro ir a uma loja.",1.0,0,negativo
53950,Parabéns pelas metas,1.0,1,positivo
57298,meu produto não veio com nota fiscal e a devolução está impossível. Isso é um descaso com o consumidor,0.0,0,negativo
44280,Tudo certo com a compra. O produto chegou e funcionou direitinho. Só acho que poderiam enviar por carta registrada que sai bem mais barato o frete.,1.0,1,positivo
34298,"Me agradou bastante, produto totalmente igual a imagem.",1.0,1,positivo
20109,"Produto original, entrega no prazo.",1.0,1,positivo
241,Produto muito bom,1.0,1,positivo
3519,"Produto foi entregue parcialmente não recebi o que comprei",0.0,0,negativo
16256,A primeira impressão é que valeu muito a pena comprar .Material aparentemente parece ser muito bom...porém vou avaliar mesmo com o uso diário... A entrega foi rápida antes do prazo.,1.0,1,positivo
25419,Produto bonito e o fornecedor entregou na data estabelecida.,1.0,1,positivo
66387,Produto conforme solicitado.,1.0,1,positivo
60257,Produto ecxelente,1.0,1,positivo
87589,Estou muito chateada por não ter recebido meu produto. Recebi um e mail dizendo que houve um problema na entrega mas ninguem me responde qual foi o problema e se o produto ainda vai chegar.,0.0,0,negativo
52691,"Todos os tapetes estavam com as medidas errada.Comprei passadeiras com a medida 2.00 × 0.80,mas veio 1.90 × 0.76. Todos com as medidas erradas. Que lástima.",0.0,0,negativo
41031,"Chegou em perfeitas condições, antes da data de entrega",1.0,1,positivo
20679,Site confiável. Recomendo comprar. Entrega rápida e dentro do prazo. Agradeço muito pela dedicaçao ao cliente.,1.0,1,positivo
79493,adorei meu protudo,1.0,1,positivo
4298,"Bom produto, macio e quentinho",1.0,1,positivo
10100,"Tudo conforme anunciado, produto ótimo, venda OK!",1.0,1,positivo
86573,Só não tinha o produto que eu queria mas recebi meu dinheiro de volta.,1.0,1,positivo
35295,Não recebi o pedido,0.0,0,negativo
94072,"Bom vendedor, recomendo a todos.",1.0,1,positivo
64807,"Entrega super rapida antes do prazo, produto muito bom atende as necessecidades",1.0,1,positivo
22654,Atendimento HORRIVEL,0.0,0,negativo
55973,"Uma cadeira realmente bonita, fácil de montar, achei um pouco fraca as rodinhas! Mas pro meu uso, o custo benefício foi positivo!",1.0,1,positivo
12905,Produto e atendimento perfeitos!!,1.0,1,positivo
28280,O pedido foi entregue antes do prazo pr0metido,1.0,1,positivo
25759,"SEMPRE COMPRO E RECOMENDO ESTA LOJA, POIS SEMPRE RECEBI MINHAS COMPRAS ATÉ MESMO ANTES DO PRAZO.",1.0,1,positivo
32598,produto entregue na data combinada.,1.0,1,positivo
8435,Não recomendo a compra desse produto entrega muito demorada,0.0,0,negativo
86078,"Comprei pela segunda vez e ainda não recebi, parceiro das Lojas lannister, não informa o cliente sobre emissão de NF e a entrega, tenho que ficar cobrando status do processo",0.0,0,negativo
978,"Olá único problema fui que não recebemos o produto no endereço solicitado, tivemos que ir atrás do produto na agência dos correios no centro da cidade, sendo que pagamos até a mais para receber em cas",1.0,0,negativo
24665,"Só não veio na embalagem a mg de cada capsula. se puder me informar fico grata. Elizane Azzi",1.0,1,positivo
98418,"Adorei, como eu queria e esperava. Ele é muito bonito. Obrigada.",1.0,1,positivo
57128,"Comprei este nobreak com 6 tomadas e me entregaram um de 4 tomadas que é bem inferior referente ao preço, estou tentando contato e não obtive resposta vou recorrer ao Procon.",0.0,0,negativo
86519,GOSTEI! EU RECOMENDO!!,1.0,1,positivo
40232,"Chegou aqui ao invés do reparador de pneus, um kit de para brisas, totalmente fora do contexto. Sem controle de qualidade total.",0.0,0,negativo
7750,Muito bom produto minha mae adorou estão de parabéns tudo no prazo certinho,1.0,1,positivo
74830,Não recebi nenhum,1.0,0,negativo
6078,ok,1.0,1,positivo
4666,"Produto chegou no prazo, ainda não testei.",1.0,1,positivo
30146,"Muito bom o atendimento ,e muito seguro e grande confiabilidade , fui um atendimento vip.",1.0,1,positivo
79600,"Produto de qualidade boa. Gostei.",1.0,1,positivo
37573,Recomendo!!!,1.0,1,positivo
87245,"Faltou ter os produtos q realmente queria, comprei por falta opção",1.0,0,negativo
45705,"Produto bom, conforme anunciado",1.0,1,positivo
92223,Tudo certo. Mas a qualidade do produto nao foi o que eu esperava.,1.0,0,negativo
63170,O produto chegou bem embalado e antes do prazo. Estou muito satisfeita!,1.0,1,positivo
96672,Tudo certo produto ótimo e ainda foi entregue muito antes do prazo,1.0,1,positivo
99077,Parabéns um Ótimo produto!!!,1.0,1,positivo
38849,RECOMENDO,1.0,1,positivo
51604,"A CAPA E O VIOLÃO FOI ENTREGUE, MAS MINHAS 4 BANQUETAS QUE COMPREI JUNTO AINDA NÃO. SERA QUE TEVE ALGUM PROBLEMA?",1.0,0,negativo
12095,otimo produto muito bonito,1.0,1,positivo
62294,Apesar de ter recebido o produto correto as características e foto do site nao mostram claramente o produto.,1.0,0,negativo
9452,"Produto ainda não foi entregue, difícil acesso para reclamações!! Não recomendo para ninguém  E o correio também é uma bosta...",0.0,0,negativo
39167,ainda nao recebi o produto... e agora como faço para reter meu dinheiro?,0.0,0,negativo
79732,"Veio antes do esperado, em perfeito estado",1.0,1,positivo
25526,PARCEIROS MUITOS BONS CUMPRE O QUE REALMENTE VC DESEJA SEM ENROLAÇÃO E ANTES DO PRAZO NOTA 1000,1.0,0,negativo
87837,Gostei...muito bom! E ainda chegou antes do prazo.,1.0,1,positivo
25309,obrigada,1.0,1,positivo
21487,tratamento com honestidade,1.0,1,positivo
57477,Produto superou as expectativas!,1.0,1,positivo
65376,"Tenho acompanhado a evolução da entrega e verifique que o produto se encontra no Rio de Janeiro desde o dia 31/03 e simplesmente não entregam na minha casa. O status está: Encaminhado para CEE JACARE",0.0,0,negativo
10295,Adorei o produto chegou 12 dias antes do prazo,1.0,1,positivo
63676,Recebi o produto bem antes do prazo limite de entrega. O produto atende as especificações apresentadas. Recomendo a loja e a stark,1.0,1,positivo
54118,Chegou bem antes do prazo,1.0,1,positivo
54545,"Não foi entregue a máscara reconstrutora, o selante veio mal embalado e vazou muito. O produto não tinha lacre na tampa. Não recomendo. Muito ruim.",0.0,0,negativo
21184,"Igualzinho o da foto, fica lindo, amei",1.0,1,positivo
18340,Produto entrega no prazo bem embalado ótima qualidade.,1.0,1,positivo
18860,"Comprei 03 mini transformadores, há vários dias, já passou o prazo de entrega e ainda não recebi os produtos que comprei. Absurdo! Estou precisando muito dos produtos e ainda não os recebi.",0.0,0,negativo
64095,Na foto não tem elástico na borda e veio com elástico. Ja comprei ele pelo fato de não ter elástico. Prefiro sem. E não tem nenhuma abertura lateral.,1.0,0,negativo
10350,Recomendo a todos que procuram um produto de qualidade e rapidez na entrega. É show !,1.0,1,positivo
78887,"Não recebi o produto, não tive resposta. Nem.chegou a ser gerada a nfe. Loja nem existe!",0.0,0,negativo
12027,"Tudo pago, produto e frete e não chegou nada",0.0,0,negativo
44206,Recomendo o produto e o atendimento.,1.0,1,positivo
83241,O produto chegou até antes da data prevista para a entrega.,1.0,1,positivo
96181,produto dentro das expectativas.,1.0,1,positivo
87178,"Entrega foi bem antes do Plazo,e o produto foi o e que eu pedi",1.0,1,positivo
1609,"Ótimo produto, entrega muito rápida!",1.0,1,positivo
91381,"No site o produto parecia ser grande mas quando chegou veio super pequeno ! Não terá utilidade no meu caso pois comprei para guarda coisa grande e n vai caber !! #Decepcionada",0.0,0,negativo
81942,Gostei cumpriu o que prometeu,1.0,1,positivo
63700,Bom,1.0,1,positivo
52360,"No anuncio diz que é isolado ,mas na verdade é 100% whey. Comprei enganado.!!!",0.0,0,negativo
55942,"Produto idêntico ao da foto, porém o material faz muito barulho, deve ser o fato de ser impermeável.",1.0,0,negativo
42062,Prezado Senhores ainda não recebi minha mercadoria,1.0,0,negativo
41884,Sempre confiei e dou nota 1000 ao prazo de entrega das lannister. Só não achei legal essa que veio pelos correios e demorou um pouco.,1.0,0,negativo
81854,"Perfeito, super indico",1.0,1,positivo
98511,"Ainda não usei o produto, mas em relação à entrega, chegou muito antes do esperado.",1.0,1,positivo
85765,"Ñ enviaram o priduto, nem ao menos emitiram a nota fiscal",0.0,0,negativo
97803,"O produto foi entregue antes do prazo, muito bom o produto recomendo.",1.0,1,positivo
74642,a empresa deixou disponível a venda como se tivesse em estoque depois de 25 dias me falaram que não tinha a camisa.,0.0,0,negativo
97289,"fiz uma compra de duas garrafas super caras, recebi apenas uma. e o principal o filtro de quase 600,00 reais não vieram estar no meu e-mail como entregue. so tento recebido uma garrafa. gostaria resp.",0.0,0,negativo
1677,Não posso avaliar o que não recebi,0.0,0,negativo
74239,ÓTIMO PRODUTO E DE EXCELENTE QUALIDADE. RECOMENDO.,1.0,1,positivo
40110,uma bosta,0.0,0,negativo
85992,adoro essa loja..compro direto. .obrigada!,1.0,1,positivo
7804,Gostei,1.0,1,positivo
19786,O protetor é somente um plástico. Não gostei.,0.0,0,negativo
83762,Recomendo!,1.0,1,positivo
44440,"SRS, O PRODUTO ENVIADO É FALSO, NÃO É ORIGINAL LG. TRATA-SE DE PRODUTO PIRATA / CHING LING. SOLICITO TROCA POR ORIGINAL.",0.0,0,negativo
27036,Produto chegou no prazo e ok.,1.0,1,positivo
5264,Produto chegou bem antes do previsto!!!,1.0,1,positivo
97477,Boa qualidade e entregue no tempo certo...,1.0,1,positivo
14341,Satisfeita com o produto e seqüência da transação. Recomendo a loja.,1.0,1,positivo
95307,Veio antes do prazo que era de 38 dias veio em 7 dias e eu to amando,1.0,0,negativo
33677,"Gostei do atendimento, chegou no prazo certo, recomendo!",1.0,1,positivo
70770,"Péssima entrega. Até agora não recebi meu produto. Minha esposa está tendo prejuízo financeiro por conta desse atraso, pois ela é nutricionista e está dependo disso para atender sua clientela.",0.0,0,negativo
64796,Péssimo atendimento o produto chegou mais não demorou um pouco,0.0,0,negativo
38999,"Meu pedido era de 2 cortinas, porém recebi apenas 1. Quando receberei a outra?",0.0,0,negativo
77637,"Gostei das qualidade das peças, a entrega foi dentro da data prevista.",1.0,1,positivo
56623,A entrega atrasou sem nenhum contato ou justificativa. Enviei msg e ainda não obtive resposta.,0.0,0,negativo
39674,"Satisfeita com minha compra, chegou no prazo e o pendente é lindo",1.0,1,positivo
77100,"Produto muito bom, aparentemente a bateria não é tão forte, descarregando rapidamente e comparação com outro note que tenho, fora isso mto bom, rápido e bonito.",1.0,1,positivo
73131,Negociação dentro da ornalidade.,1.0,0,negativo
17099,"Boa noite,, compro nas lojas lannister a 8 anos e recomendo, pois tudo chega dentro do prazo, e com a mesma qualidade que é apresentado no site, muito obrigado por fazer parte da minha família.",1.0,1,positivo
24207,Chegou bem rapido.gostei muito dessa capinha é bem transparente e não oculta a beleza do celular.baratheon de parabens como sempre.,1.0,1,positivo
30847,Produto excelente,1.0,1,positivo
68888,"então; adorei entrega rapida, produto ótimo do jeitinho que eu esperava, valeu mesmo, o unico probleminha, ... uma peça veio quebrada.",1.0,0,negativo
67148,Produto foi entregue dentro do prazo e foi mais rápido do que eu pensava! Amei!!,1.0,1,positivo
26090,Espero ainda receber o produto🙏🏻,0.0,1,positivo
78083,"Muito bom o prazo da entrega... Apenas o CD de instalação chegou danificado(quebrado), mais está tudo certo, pois já tinha o APP intalado.",1.0,0,negativo
69822,Adoro comprar nas lojas lannister! Vcs são excelentes... parabénsss!😘😘,1.0,1,positivo
55765,"Não recebi o produto. Ainda na espera! att,  Mário.",0.0,0,negativo
32866,Não recebi o produto.,0.0,0,negativo
92852,Amei lindo!!,1.0,1,positivo
33660,"Produto que comprei é totalmente diferente das fotos e da discrição, é apenas uma réplica fratura de má qualidade.",0.0,0,negativo
24300,Muito bom..,1.0,1,positivo
31388,Muito bom parabéns,1.0,1,positivo
73313,Tudo como o esperado. Negociação normal.,1.0,1,positivo
29610,Recomendo a todos que comprem nessa loja,1.0,1,positivo
24362,"Loja lixo, entregaram produto errado, mandei email pro stark reclamando, nem obtive resposta, bela consideraçao por um cliente de tantos anos, qro ver o valor na minha fatura, ja q sao diferentes!",0.0,0,negativo
96233,Por enquanto recebi apenas o Recibo e um bilhete dizendo que meu produto está vindo a partir de outro Centro de Distribuição. Ainda estou esperando,0.0,0,negativo
86765,tudo correto com a compra e a entrega,1.0,1,positivo
56405,Ainda n recebi o produto!,0.0,0,negativo
23428,"A organização está de parabéns, desde e escolha do produto até compra... comunicação de distribuição e logística chegando a entrega foi extremamente rápido e profissional.... show!!!",1.0,1,positivo
31859,O produto foi entregue bem antes do previsto e ainda veio com um cabo extra de brinde!,1.0,1,positivo
25654,Super adooorei o delineador ele é bem preto e eu smp usei o da Mac e serio o da belle angel me surpreendeu pq eu achei que por ser barato iria ser ruim mas NAO é ... o unico problema é q ele é pequeno,1.0,1,positivo
86293,"O produto veio bem diferente da foto no quesito cor, bem apagadinha.",1.0,0,negativo
17671,"Encomendei uma lona e recebi um ursinho e uma caneca cujo destinatário, conforme nota fiscal, seria Ana Maria Pires Queiroz. Já fiz duas notificações via site da loja e não recebi o retorno.",0.0,0,negativo
21570,"Recomendo a loja. Produto entregue antes do prazo.",1.0,1,positivo
45342,"Excelente produto, muito satisfeito com a aquisição!",1.0,1,positivo
59709,Entregou bem antes do prazo estimado e sem nenhum defeito,1.0,1,positivo
77679,Comprei duas unidades e recebi apenas uma!,0.0,0,negativo
74842,"Realmente eu queria ter um guarda-chuva invertido porque é diferente. Mas desde que ele estivesse funcionando e abrindo, e não com cabo solto",0.0,0,negativo
65487,"uma droga.... não recebi de acordo com a compra. no anuncio dizia 2 creatinas (universal) e recebi somente uma creatina e uma shakeira de de péssima qualidade. estou profundamente indignado postei um",0.0,0,negativo
15805,Um dos relogios veio aberto sem tampa e sem funcionar não recomendo a ninguem essa empresa,0.0,0,negativo
47693,Obrigada chegou corretamente.,1.0,1,positivo
60558,nada contra,1.0,1,positivo
3601,muito bom e foi entregue,1.0,1,positivo
82302,Muito bom o produto,1.0,1,positivo
48757,O vendedor não tinha o produto pedido cancelado,0.0,0,negativo
78809,"produto ótimo, entregue dentro do prazo.",1.0,1,positivo
96656,"Super recomendo! Lindas as luminárias e entrega rápida, antes do prazo.",1.0,1,positivo
67368,fora a demora na entrega ..... o produto chegou certinho.,1.0,1,positivo
73550,"Gostei, produto de boa qualidade",1.0,1,positivo
47156,"Recebi bem antes da data prevista, produto correto.. super recomendo o site!!",1.0,1,positivo
38840,"Embalagem do produto muito arranhada, parecia que tinha caido varias vezes",1.0,0,negativo
75591,"Entrega rápida, mas esperava uma qualidade melhor do tapete, pelo preço aq na cidade encontrei melhor,mas gostei do desenho.",0.0,0,negativo
72178,"O tempo de entrega chegou até antes,eu estava muito ansiosa para receber o produto.chegou na caixa tudo certo,garantia e nota fiscal.achei até que fosse réplica por ser leve,mas é original.",1.0,1,positivo
7381,Entrega mais que rápida!,1.0,1,positivo
82342,Entrega rápida,1.0,1,positivo
86634,Produto muito bom. A entrega superou as expectativas.,1.0,1,positivo
14270,Entrega antes do prazo previsto.,1.0,1,positivo
9211,"Insatisfeita c a entrega, pois paguei o frete. É tive que ir retirar na lj dos correios.",1.0,0,negativo
84261,As parceiras do stark estão dentro do padrão stark. Perfeitas.,1.0,1,positivo
3994,"Produto excelente, de custo baixo, ou seja juntou o util ao agradevel.",1.0,1,positivo
92036,Bom o serviço testado.,1.0,1,positivo
53280,Ótimo atendimento,1.0,1,positivo
67248,"O produto foi entregue antes do prazo, pelos Correios, com segurança e acesso fácil a todo o processo.",1.0,1,positivo
45726,"Amei a minha bolsa de couro, além de ser muito linda é bem leve. Com relação à entrega estão de parabéns, comprei em 19/11/17 com previsão de entrega para 07/12 e chegou dia 27/11.",1.0,1,positivo
28177,A capa veio danificada. Colada. Já abri reclamação e aguardo o reembolso do meu dinheiro.,0.0,0,negativo
10252,"Ótimo produto, recomendo Material bom acabamento perfeito.",1.0,1,positivo
32869,"Alto Falante 10 Polegadas Medio Grave - 8ohms 400w Rms - QVS - 10MGS400-8 SÓ RECEBE 2 UNIDADES FALTARAM DUAS",0.0,0,negativo
75721,Recomendo,1.0,1,positivo
422,Entrega e qualidade do produto de acordo com o esperado.,1.0,1,positivo
69884,Entrega Rápida...Produto correto.,1.0,1,positivo
40519,Recebi antes do prazo e amei o produto. .. É lindo e de ótima qualidade.,1.0,1,positivo
29404,"É muito frágil, poderia ter uma qualidade melhor , não valeu a pena pôs o valor com o Freti eu compraria coisa de melhor qualidade , pagamos o frete para não entregar em nossa casa .",1.0,0,negativo
92241,"ótimos vendedores e confiáveis. quando precisar comprar, estarei sempre buscando essa forma segura e tranquila..",1.0,1,positivo
79176,Superou minhas expectativas o produto. Boa qualidade. E entregaram antes do prazo.,1.0,1,positivo
55853,Produto de boa qualidade. Atendeu às minhas expectativas!!!,1.0,1,positivo
73077,"Das inúmeras compras que fiz, foram dentro do que esperava",1.0,1,positivo
71223,"Produto atende o proposito, boa qualidade e recebi antes do prazo acordado",1.0,1,positivo
90279,"Excelente qualidade dos adesivos, entrega super rápida!  Recomendo para quem deseja deixar o quarto dos filhotes mais divertido e colorido!",1.0,1,positivo
44170,"Excelente vendedor, produto novo na embalagem, entrega dentro do prazo estipulado",1.0,1,positivo
21789,Produto não original.,0.0,0,negativo
95309,"Satisfeita com o serviço, entregue no prazo.",1.0,1,positivo
98489,PRODUTO ENTREGUE ANTES DO PRAZO,1.0,1,positivo
8688,"O produto teve o pagamento aprovado 1 dia depois do pagamento, porem o vendedor esperou 6 dias depois para enviar faltando apenas 1 dia para vencer o prazo de entrega e o produto não chegou ainda.",0.0,0,negativo
71083,Produto cumpre o que promete e é bem confortável. Numeração normal.,1.0,1,positivo
70963,"muito rapida a entrega ,produto correto,lacrado.",1.0,0,negativo
28947,"Muito bom, e rápido a entrega",1.0,1,positivo
52164,"Estou querendo comprar mais no baratheon, fiz o cartão e está é minha primeira compra não recebi o produto, já foi debitado no meu cartão e agora vou ter que procurar o Procon. Só decepção.",0.0,0,negativo
52327,O produto atendeu as expectativas.,1.0,1,positivo
16246,"Produto está descrito preto, chegou branco.",0.0,0,negativo
92770,"Gostei bastante da agilidade, porém não recebi a nota fiscal do mesmo.  Aguardo retorno.  Obrigada!",1.0,1,positivo
74249,"Estou aguardando a lojas lannister resolver o problema, solicitei a desistência da compra pois o produto nao chegou",0.0,0,negativo
28848,"Amei produto mt bom, nao sao todos pinceis cerdas naturais mais a maioria eh. Adorei alta qualidade os pinceis to apaixonada",1.0,1,positivo
57402,"como ainda não recebi o produto que comprei , não posso recomendar esta empresa para ninguem. ESTOU CHOCADA, POIS É A PEIMEIRA VEZ QUE NÃO RECEBO UM PRODUTO QUE COMPREI NA lannister.com. ???????????",0.0,0,negativo
64974,Muito bom,1.0,1,positivo
46532,"Super recomendo, produto excelente.",1.0,1,positivo
80788,bom,1.0,1,positivo
97662,Recebi antes do prazo...,1.0,1,positivo
92788,Satisfeito com a compra realizada na lannister.com,1.0,1,positivo
1294,"Boa tarde!  Tive problemas com meu pedido sim!  Veio o mosqueteiro errado.  Pedi um de tamanho Queen, que arrastasse até o chão e com o círculo em cima bem grande. Veio pequeno de cama de casal nor",0.0,0,negativo
17156,"Recomento, entregaram antes do prazo!!",1.0,1,positivo
62622,produto entregue dentro do prazo correto,1.0,1,positivo
20038,comprei dois produto só chegou um,0.0,0,negativo
21870,Produto de ótima qualidade,1.0,1,positivo
36057,"Estante chegou muito bem embalada e no prazo. Mercadoria conforme anuncio.  Gostei",1.0,1,positivo
74426,Recebi apenas 3 fitas de 10 compradas na encomenda. Por isso ainda não vou avaliar como satisfatória a entrega. Faltam materiais conprados. O prazo ainda está dentro do previsto,0.0,0,negativo
17703,"O PRODUTO AINDA NÃO FOI ENTREGUE, CONFORME PRAZO INFORMADO PELA EMPRESA E ATÉ O PRESENTE MOMENTO NÃO RECEBI NENHUMA EXPLICAÇÃO. É A PRIMEIRA VEZ QUE ACONTECE. ESTOU NO AGUARDO DO RETORNO LOJ AMERICANA",0.0,0,negativo
55383,"Excelente produto, recomendo.",1.0,1,positivo
5979,"Amo comprar nas lannister, entrega muito rápida e super recomendo o site!!",1.0,1,positivo
55161,Ótimos produtos. Chegaram bem antes do previsto.,1.0,1,positivo
13449,entrega demorou precisei reclamar mas chegou tudo bem são parceiros e não entrega pela americana que é rapida,1.0,1,positivo
95833,"Muito bom, recomendo",1.0,1,positivo
91487,Otimo serviço.,1.0,1,positivo
75328,O produto chegou bem antes da data prevista.,1.0,1,positivo
21036,"Produto muito bom, entregue antes do prazo.",1.0,1,positivo
50650,Sempre super pontuais com a entrega parabéns,1.0,1,positivo
30165,Estou aguardando o correios e nada do produto queria dar para minha sobrinha no natal pois foi o que ela pediu de presente para o papai noel.,0.0,0,negativo
1050,"Muito ruim, não veio um produto e o outro veio errado..",0.0,0,negativo
60416,"Não recebo as mercadorias, não recebo informação sobre o rastreamento do produto e não é a primeira vez que tem atraso.",0.0,0,negativo
30316,Ótimo produto e chegou rápido,1.0,1,positivo
94689,Muito bom...entrega muito rápida e ante do prazo..parabens,1.0,1,positivo
35626,"Entrega antes do prazo previsto, produto simples, mas dentro das especificações e com preço justo.",1.0,1,positivo
18274,muito grande nao dar pra coçar em ambientes pequeno.,0.0,0,negativo
15726,No tempo certo!,1.0,1,positivo
21639,muito bom,1.0,1,positivo
2686,"Minha encomenda chegou antes do prazo estipulado ,porém o produto veio em desacordo com o pedido ,ao invés de vir um cartucho pg 145 preto e um cartuchu pg 146 color ,vieram os doi pg 145 preto . E ag",0.0,0,negativo
81306,Produto conforme anunciado. Entrega super rápida!,1.0,1,positivo
5383,"Vei junto com o controle 4 pilhas AA, mas o controle usa duas pilhas maiores.",1.0,0,negativo
4532,"eu daria nota 10 , chegou antes do tempo",1.0,1,positivo
46310,o produto chegou antes do prazo e certinho. Parabens!,1.0,1,positivo
74473,Acredito que esteja atrasado em decorrência das greves.,1.0,0,negativo
79197,tudo certo,1.0,1,positivo
4969,dsdfr3fEF,1.0,0,negativo
34718,Produto otimo. Chegou antes do prazo.,1.0,1,positivo
45260,"Tudo rápido, me senti tranquila em poder acompanhar cada etapa da entrega,que foi bem antes do prevista.Continuarei comprando e recomendando.",1.0,1,positivo
78239,beleza pura,1.0,1,positivo
3046,"Meu produto não chegou até hoje, e preciso dele para sábado, sem falta. Ou seja, a entrega precisa ser feita até sexta feira, dia 27/10/2017.",0.0,0,negativo
77103,"Produto bom, bonito e barato.",1.0,1,positivo
89202,Gostei da compra....e o produto veio perfeitamente....,1.0,1,positivo
44051,recomendo.... demorou um pouco mais ta bom. entregaram direitinho.,1.0,1,positivo
56481,"Olá, o Único detalhe é q uma trava veio solta, mas n como n vai interferir em nada n vou devolver! Achei o carrinho bem grande, espaço e parece bem firme!",1.0,1,positivo
31829,"Gostei de todo atendimento, só não gostei de ter que retirar no correio longe da minha casa, poderia ter entregado no correio mais próximo de casa.",1.0,1,positivo
75314,"Foi muito rápido a entrega do produto, chegou antes do prometido.",1.0,1,positivo
13731,Cumpriu com o prometido,1.0,1,positivo
99822,muito bom,1.0,1,positivo
53597,"Achei que por comprar em loja parceira dentro do site da lannister, o procedimento seria mais correto.  Parece uma daquelas compras frustrantes no MercadoLivre",0.0,0,negativo
28058,Gostei e recomendo ....loja 100% confiavel,1.0,1,positivo
81017,Ótimo,1.0,1,positivo
2006,Loja confiável,1.0,1,positivo
53066,PREÇO EXORBITANTE. Me arrependi amargamente.,0.0,0,negativo
30994,"Chegou antes do prazo,unico ponto negativo é que a imagem da foto é dourada e veio em inox !fora isso recomendo.",1.0,1,positivo
31658,O produto veio TOTALMENTE errado. Ainda não tive retorno da minha mensagem sobre a devolução do meu dinheiro.,0.0,0,negativo
58711,Por enquanto td certo. Ainda não testei o produto mas já recebi.,1.0,0,negativo
7844,Entrega muito rápida antes do prazo,1.0,1,positivo
96986,Ótimo produto.,1.0,1,positivo
66715,To esperando a mochila que era para ter sido entregue dia 1 do 8 e ate agora nada e não tive uma resposta,0.0,0,negativo
88081,excelente produto. Minhas filhas amaram. Produto chegou antes do prazo.,1.0,1,positivo
68957,"Por ora, ñ recomendo a empresa targaryen pois ñ foi entregue a mercadoria!!!!Prazo dia 02/06/17 sempre teve alguém em casa esperando pela entrega.",0.0,0,negativo
63316,"nada tenho a declara, um abraço",1.0,1,positivo
82074,"produto excelente, perfeito estado, chegou muito antes da previsão, adorei, DICA: atentar porque o ilhós (onde passa o varão) é mais estreito que o normal), ficando pesada para varão fino...",1.0,1,positivo
76678,Os remédios são bons e os potes chegaram bem embalados. Recomendo.,1.0,1,positivo
67298,Meu produto não foi entregue até hoje e não tenho nehuma resposta! Vou ter que acionar na justiça.,0.0,0,negativo
17997,"Novo, lacrado, otimo atendimento, recomendo",1.0,1,positivo
89055,Recomendo esta loja a todos que queiram fazer uma compra segura e garantida.,1.0,1,positivo
34397,Ilumina bastante e a buzina é bem alta. Gostei,1.0,1,positivo
66899,Veio com o microfone totalmente quebrado!!! entrei em contato com a loja de oeigem e disseram que para efetuar a troca precisam da autorização de vcs!!!,0.0,0,negativo
41680,"veio antes do prazo, esta tudo ok",1.0,1,positivo
74346,"Recomendo muito adorei , pois chegou até adiantado.",1.0,1,positivo
85023,Fiz uma boa compra. Entregue antes do prazo.,1.0,1,positivo
44398,Comprei 2 pendentes e só me entregaram 1,0.0,0,negativo
79720,"Amei o produto meu jogo de cama de cetim vermelha deixou meu quarto muito lindo um luxo,estou encantada.",1.0,1,positivo
65686,Ótimo produto recomendo,1.0,1,positivo
79416,O produto me foi entregue muuuito antes do prazo!!! Simplesmente amei! Recomendo com certeza!,1.0,1,positivo
78675,"Ótimo produto, entrega rápida e muito bem embalado... Vendedor confiável ... recomendado.",1.0,1,positivo
27968,O parceiro lannister (targaryen) cancelou a compra e até a presente data a lannister não me informou como devo proceder para a restituição do valor pago.,0.0,0,negativo
2030,Produto de qualidade. Entrega rápida. Recomendo,1.0,1,positivo
87678,Recomendo sim chegou no prazo e o produto é de ótima qualidade.,1.0,1,positivo
23266,Nao recebi o produto e o lojista nao se preocupa em dar a minima satisfaçao ao cliente.,0.0,0,negativo
6336,Como combinado,1.0,1,positivo
68012,Paguei frete para que o produto fosse entregue e tive que retirar na agência do Correio!,0.0,0,negativo
25104,Recebi antes do prazo .Muito Bom!!,1.0,1,positivo
62669,Gostei dos relógios mas a minha decepção foi na entrega faltou o relógio de pingente folha.,0.0,0,negativo
97693,"Ocorreu atraso devido a greve dos correios, mas o produto chegou super rápido á minha cidade. Não tenho como testar o produto, mas parece muito bom.",1.0,1,positivo
85039,Perfeito cores vivas eu simplismente ameei,1.0,0,negativo
85991,Recebi o produto de acordo com o prazo e a data previsto,1.0,1,positivo
42682,"Embora vocês poste no dia seguinte da compra e chegue no prazo os correios sempre deixando a desejar,desanima até comprar",1.0,0,negativo
74365,"Ótimo atendimento, entrega antes do prazo, produtos maravilhosos!!!",1.0,1,positivo
40223,gostei!!,1.0,1,positivo
64787,Ótimo produto,1.0,1,positivo
64647,"Origem do produto china, qualidade ruim, na hora da compra não ficou claro que se tratava de um produto de origem (pirata) cuja a qualidade é ruim.",0.0,0,negativo
46761,"Estão de parabéns, entrega antes do prazo e um ótimo Relógio",1.0,1,positivo
69706,Muito bom,1.0,1,positivo
76902,Comprem nas lannister entrega certaaaa,1.0,0,negativo
58682,"A vendedora foi super atenciosa, ligou para confirmar as medidas e enviou um email falando sobre o atraso na entrega pelos correios. Capa e galochas ótimas. Recomendo.",1.0,1,positivo
8417,"Muito lindo, igualzinho?a foto, recomendo",1.0,1,positivo
23219,AGUARDO UM RETORNO PARA RESOLVERMOS O ASSUNTO E MINIMIZAR O TRANSTORNO,0.0,1,positivo
4725,Recomendo recebi tudo certinho no antes do prazo.,1.0,1,positivo
88422,Excelente compra,1.0,1,positivo
61922,Eu recomendo..,1.0,1,positivo
8421,"Efetue a compra de um produto e acabei recebendo outro, totalmente diferente.",1.0,0,negativo
7757,Recomendo,1.0,1,positivo
39591,"Deveria ser entregue todos os produtos de uma só vez, afinal já foi cobrado dois frete, que acho errado isso ,mas minha opinião prá ficar melhor e essa.",1.0,0,negativo
36919,Parabéns pra vc por cumprir tudo no praso certo,1.0,0,negativo
62569,Recebi outro perfume e não o emcomendado,0.0,0,negativo
25456,Estão de parabéns,1.0,1,positivo
77793,"As compras que fiz no mesmo carrinho foram processaras de forma separada onerando o frete, uma das compras demorou demais para ser enviada e ainda não recebi o produto.",0.0,0,negativo
94122,"Atendeu nossas expectativas, porém o frete não veio discriminado na Nota Fiscal, preciso do comprovante de envio do mesmo.",1.0,0,negativo
99207,Super recomendo,1.0,1,positivo
38251,CONSUMIDOR SATISFEITO !!,1.0,1,positivo
11089,os pés poderiam ser melhor acabados,1.0,0,negativo
69067,"Comprei 2 transformadores iguais, porém na entrega veio apenas um. Como proceder agora?",0.0,0,negativo
21286,Indico pra todos.,1.0,0,negativo
78658,"Muito rápido,produto no prazo estipulado,ótima qualidade do produto.",1.0,1,positivo
350,Recomendo.,1.0,1,positivo
84768,"Produto de ótima qualidade, entrega realizada no prazo, recomendo!!!",1.0,1,positivo
77860,"muito o serviço,posso recomendar..",1.0,1,positivo
71267,"Produto ótimo, super recomendo.",1.0,1,positivo
27694,não recebi o produto,0.0,0,negativo
72908,Demora na entrega,0.0,0,negativo
43975,Ótimo,1.0,1,positivo
48855,Chegou bem rápido,1.0,1,positivo
52780,Fiz a compra e no app da loja o produto ficou de emitir a nota fiscal e o que nunca foi feito.,0.0,0,negativo
81562,"Oiiii muito bom recomendo, só tenho a agradecer, a equipe venho ate antes do prazo ... to esperando so mais um dos pedidos",1.0,1,positivo
23091,Fiquei satisfeita com o meu produto.,1.0,1,positivo
37171,Recebi bem antes do prazo,1.0,1,positivo
25363,"Pessimo atendimento  Sem justificativa e nem aviso do motivo do atraso Não compro mais Muito decepcionada",0.0,0,negativo
71077,Etenciosamente rápida e eficiente.,1.0,1,positivo
18158,"O site que mais gosto de compra. Produtos de qualidade, preço bom e as entregas sempre acorrem antes mesmo da data prevista!",1.0,1,positivo
18002,"Chegou antes do prazo e ainda não pude utilizar todos os cabos, mas já usei o da bmw e funcionou certinho",1.0,1,positivo
33797,Deu tudo certo!,1.0,1,positivo
79988,Ótimo site.,1.0,1,positivo
91842,"Tudo correu bem. Entretanto, a pessoa que fez a embalagem poderia ter não passado fita adesiva por cima da Nota Fiscal. Por causa disto, eu não tenho a NF, pois foi toda rasgada. No resto, tudo ok.",1.0,0,negativo
41510,"Produto bem embalado e em perfeitas condições, entrega rápida.",1.0,1,positivo
42641,N,1.0,0,negativo
44616,Tudo que comprei ate agora chegou dentro das expectativas. Sem Problemas,1.0,1,positivo
46616,Ótimo,1.0,1,positivo
91165,"O produto é muito bom. A entrega foi bem rápida. Apenas não gostei da forma com veio embalado, a caixa amassada, além de não ser a caixa própria do produto. Porém o produto em si está ótimo.",1.0,1,positivo
23570,Excelente!,1.0,1,positivo
99619,"Ainda não recebi o produto como vou avaliar, ainda estou aguardando a entrega do produto",0.0,0,negativo
75046,Ótimo meu produto foi entregue antes do prazo em perfeito estado e bem embalado,1.0,1,positivo
79551,Ate o momento nao chegou meu produto... informado pela lannister que estava como entregue. Aguardando uma posicao a respeito !,0.0,0,negativo
15035,Recomendo a todos. Ótimo serviço.,1.0,1,positivo
34621,ja paguei a primeira parcela e nada do meu produto,0.0,0,negativo
32213,empresa confiável e ágil,1.0,1,positivo
76019,gosteiii,1.0,1,positivo
69809,Entrega rápida e bom produto.,1.0,1,positivo
47626,Produto muito bom eu recomendo,1.0,1,positivo
85515,"Péssimo parceiro da lannister! Nem satisfação ele dá. Quero meu dinheiro de volta. Estou aguardando.",0.0,0,negativo
76494,"Comprei 2 capas de travesseiro e um de colchão, mas chegou apenas 1 capa de travesseiro",0.0,0,negativo
11699,Eu só recebi um lustre e comprei dois anota veio dois e só recebi um,0.0,0,negativo
82722,"Muito rapida a entrega ,perfeito",1.0,1,positivo
65338,"Chegou bem antes, tudo certinho.",1.0,1,positivo
59013,Preciso usar o produto por pelo menos 1 mês para avaliar melhor !,1.0,0,negativo
7304,"Recebi 2 mensagens da loja, me dizendo que o pedido havia sido cancelado, porque o fornecedor não tinha entrado em contato!  O que acontece agora, me manda uma mensagem perguntando se recebi o produ",0.0,0,negativo
42366,Parabéns pela seriedade atendimento ao cliente prazo de entrega excepcional. excelente. Eu recomendo.,1.0,1,positivo
53376,"Produto como na foto, descrito no anúncio, de boa qualidade e entrega super rápida...Recomendo.",1.0,1,positivo
17709,"Fiquei decepcionada com o que ocorreu. Comprei 2 saias para box queen e uma saia para box casal e dia 11/07, o correio entregou um pacote contendo apenas 1 saia para box casal, faltando 2 saias queen",0.0,0,negativo
7780,super recomendo,1.0,1,positivo
64368,"Apenas havia lido na descrição que o produto vinha com vidro e não veio, ma é lindo de qualquer forma.",1.0,1,positivo
51721,o produto é muito bom,1.0,1,positivo
48946,"O Produto não foi entregue disseram no rastreiamento que ele ainda não chegou na unidade de Salvador, isso foi no dia 23/03/18 e hoje 13/04/18 não tenho mais nenhuma notícia.  Espero Resposta fas",0.0,0,negativo
89854,Muito bom,1.0,1,positivo
76947,Não gostei da embalagem,0.0,0,negativo
98113,Quero uma resposta sobre minha encomenda....,0.0,0,negativo
93704,Produto excelente superou as minhas expectativas estão de parabéns....,1.0,1,positivo
2367,Parabéns a está empresa então site lannister.com.br obrigado,1.0,1,positivo
83147,Entrega chegou antes do prazo,1.0,1,positivo
21697,Produto bem bacana!!!! Acabamento perfeito!!!,1.0,1,positivo
57904,"Recebi conforme descrito na internet. Boa qualidade do material e acabamento.",1.0,1,positivo
5882,Entrega rápida e produto de qualidade!!!,1.0,1,positivo
46611,"Lojas lannister amo comprar aí, loja MT boa e confiável.",1.0,0,negativo
20853,"Produto de ótima qualidade, estou amando!",1.0,1,positivo
34411,"Gostei muito, é lindo.... a entrega foi rápida. Podem comprar porque é muito bom e bonito.",1.0,1,positivo
6214,Ótimo produto,1.0,1,positivo
89880,Ótima vendedor,1.0,1,positivo
25448,Recebi o produto na data programada. É fácil de montar e muito prático para pendurar roupas e sapatos. Só que aguenta uma quantidade pequena de roupas.,1.0,1,positivo
33250,chegou bem antes do prazo previsto,1.0,1,positivo
96632,Rápido e eficaz.,1.0,1,positivo
78839,Fiquei muito desapontado com o extravio do meu pedido.,0.0,0,negativo
77642,Bom,1.0,1,positivo
38756,muito bom,1.0,1,positivo
72051,Satisfeito com o produto...,1.0,1,positivo
82943,produto de qualidade e preço muito interessante. Recomendo,1.0,1,positivo
8926,Chegou muito antes da previsao de entrega o produto é de excelente qualidade,1.0,1,positivo
79756,Ceertinho,1.0,0,negativo
17886,comprei 2 pulseiras mas chego apenas uma esto aguardando a outro diferença grande entre as entregas pensei que seria entrega as 2 juntas.,1.0,0,negativo
21384,CHEGOU BEM ANTES DO PRAZO. BOM PRODUTO,1.0,1,positivo
5917,"Otimo site, bons preços.",1.0,1,positivo
95785,"Chegou certinho, pode confiar!",1.0,1,positivo
72963,Dez,1.0,0,negativo
59617,Entrega rápida e produto de qualidade,1.0,1,positivo
7454,Muito bom... vamos ver o finalmente deste produto.,1.0,1,positivo
58556,"Satisfeita com a agilidade ao emitir a nota fiscal, já que é a efetivação da compra. Assim como, o envio ocorreu antes do prazo estabelecido. E o produto enviado foi exatamente igual ao escolhido.",1.0,1,positivo
69069,Recebi porém o correio disse ter tentado a entrega no horário 14:30 e não ter quem recebesse. O que não ocorreu já que meu endereço consta como área de risco de assalto e no horário estava em casa.,1.0,0,negativo
7018,Encomenda errada,0.0,0,negativo
34021,chegou tudo certinho recomendo,1.0,1,positivo
32431,O PRODUTO CHEGOU ANTES DO PRAZO.,1.0,1,positivo
34560,Produto entregue perfeitamente e no prazo. Ótimo custo benefício para o Condomínio,1.0,1,positivo
35704,"Olá, meu relógio ainda não foi entregue, por isso estou aqui, com certeza ocorreu algum problema e gostaria de saber quando vou recebê-lo.",0.0,0,negativo
86915,Tudo perfeito,1.0,1,positivo
94339,Protudo ta em teste ainda,1.0,0,negativo
62700,Recebi o produto com a cor errada.,1.0,0,negativo
13146,"produto entregue no prazo e muito bem embalado como de costume sem duvida eu recomendo",1.0,1,positivo
26651,Recomendo a todos,1.0,1,positivo
88632,Estou indignada com o descaso efetuei a compra dia 01/06/2017 e ate hoje não recebe meu produto ninguém mim ligou para mim esclarecer ou me da satisfação uma vez que ja paguei a 1 parc e vou pagar 2.,0.0,0,negativo
36545,"Sempre comprei no baratheon sempre recebi o produto correto apenas desta entrega veio errado, comprei caqui e recebi vermelha.",1.0,0,negativo
60897,BOM EQUIPAMENTO.,1.0,1,positivo
97738,amo compra nas americana muito bom .targaryen ótima também,1.0,1,positivo
8508,"Produto excelente, recomendo. Minha bebê tem 2 anos e adorou.",1.0,1,positivo
87579,Eu gostei muito os pedidos são entregue sem problemas,1.0,1,positivo
33527,Recebi as mercados conforme exposto no site e chegou bem antes do prazo estipulado. Recomendo!,1.0,1,positivo
32329,Entregue em 5 dias até antes do prazo,1.0,1,positivo
28412,Adquiri dois cartuchos HP e a impressora detectou que eles são falsificados. Nada no anúncio indicava que seriam remanufaturados ou compatíveis e eu paguei o preço de originais. Me sinto enganada.,0.0,0,negativo
60878,Comprei três unidades do extensor VGA e só me foi entregue uma. Não recebo resposta dos meus questionamentos e não recebi a nota fiscal,0.0,0,negativo
59546,"tenho reclamaçoes quanto ao produto. nao atendeu minhas expectativas, acho mesmo que veio com defeito pois nao funcionou.",0.0,0,negativo
98872,"O produto foi entregue no prazo combinado. Fiquei satisfeito com a compra. Desde ja agradeço aos envolvidos no processo.",1.0,1,positivo
13751,"Entrega no prazo, produto bem embalado. Melhor do que esperava super recomendo o prestador.",1.0,1,positivo
13907,excelente!!!,1.0,1,positivo
93360,Foi tudo muito bem monitorado. Acompanhei todo o procedimento de entrega. Parabéns!!!,1.0,1,positivo
51571,Os produtos vieram certo são de boa qualidade!,1.0,1,positivo
92642,O tamanho poderia ser um pouco maior pelas referências que aparecem de tamanho.,1.0,0,negativo
56437,"Ótimo produto!! Linda cortina, delicada em perfeito estado!!",1.0,1,positivo
28276,Ótimo produto,1.0,1,positivo
76646,Produto excelente,1.0,1,positivo
52270,Gostei muito. Muito útil na cozinha!,1.0,1,positivo
69308,Recebi somente parte do pedido visto que comprei duas unidades do gaveteiro e recebi somente uma unidade.,0.0,0,negativo
46604,não tenho como ficar feliz pois passei o natal com minha sala vazia,0.0,0,negativo
41167,"Material de péssima qualidade, os iloes rasgados. Preciso de troca ou reembolso.",0.0,0,negativo
34180,"Material do produto não vale pelo valor do próprio, material muito fraco, a loja não específica o material se tela ou não.",0.0,0,negativo
43627,"COMPRO SEMPRE NAS lannister PORQUE TEM PREÇO, QUALIDADE E RAPIDEZ NA ENTREGA",1.0,1,positivo
12913,"A empresa terceira targaryen não é confiavel, eles vedem produtos que não tem, você paga, espera, não recebe e depois tem que correr atras de reembolso. Não recomendo de jeito nenhum está empresa, e a su",0.0,0,negativo
33698,Muito prático e a entrega foi dentro do prazo.,1.0,1,positivo
40299,Estou com sério problema fiz uma super compra pra vim faltando o meu produto ... e além do mais pagar um frete absurdo para ser entregue pra vim ainda com constrangimento ... quero que resolva logo,0.0,0,negativo
99217,"estou no aguardo,ainda do produto",0.0,0,negativo
86851,sim ok,1.0,1,positivo
92951,"Recebi bem antes do prazo, produto de boa qualidade.",1.0,1,positivo
24904,O produto chegou conforme o pedido e o único senão foi a demora.,1.0,1,positivo
68205,Estão perguntando o q achei do produto e da loja...o detalhe é q ainda n chegou.,0.0,0,negativo
71247,Nossa amei chegou bem antes do prazo da entrega tô muito satisfeita,1.0,1,positivo
99101,Não recebi nem o código de rastreamento do produto !,0.0,0,negativo
33770,"Vendedor amável, entrega antes do prazo.otimo muito obrigada",1.0,1,positivo
50624,AINDA NÃO INSTALEI AINDA...MAIS TIVE EXCELENTE INDICAÇÃO,1.0,1,positivo
36070,Espero solução porque não recebi os 2 lençóis de Percal200 fios,0.0,0,negativo
75766,"Foi entregue antes do prazo, site super confiável.",1.0,1,positivo
61170,"recebi o produto e recomendo a compra deste, pois fiquei satisfeito",1.0,1,positivo
34258,"nota 9,5",1.0,1,positivo
5041,"Ótimo vendedor, entrega rapida.",1.0,1,positivo
51539,Rapidez e agilidade na entrega produto de qualidade.,1.0,1,positivo
44432,"Produto chegou antes do prazo, conforme anúncio tudo ok, obrigado pela atenção !! Agora minha esposa pode organizar as roupinhas dela é do meu filho.",1.0,1,positivo
15521,"Entrega rápida, produto certo.",1.0,1,positivo
1074,Eu pedi q cancelacem antes da nf ser emitida pq eu havia ganhado de presente um igual... não cancelaram... mandaram assim msm... eu pedi quando a nf ainda não tinha sido emitida,0.0,0,negativo
22819,Os cartuchos não funcionaram na minha impressora HP3050.,0.0,0,negativo
88759,Gostei muito do meu produto e chegou antes do prazo.,1.0,1,positivo
35426,ja esta em atraso de 4 dias,0.0,0,negativo
96958,"Amei o relógio, lannister como sempre nota 10!!!!",1.0,1,positivo
93402,Chegou dentro do prazo e em bom estado,1.0,1,positivo
10828,Atrasos acontecem nenhuma empresa está livre de passar por algum problema de logística. Mas o fato de não comunicarem seu cliente final é vergonhoso. Até o Mercado Livre tem controle sobre atrasos!,0.0,0,negativo
96004,sem estress.,1.0,1,positivo
28344,"A loja está de parabéns junto ao correio, produto muito bom",1.0,1,positivo
88640,De acordo com o anunciado. Recomendo!,1.0,1,positivo
8306,"A Mercadoria chegou no prazo, conforme o Pedido e em condições perfeitas.",1.0,1,positivo
93191,Produto entregue dentro do prazo . Gostei muito.,1.0,1,positivo
17387,"Comprei duas luminárias iguais. Chegou uma caixa grande contendo somente uma luminária, a NF descrevendo 2 luminárias e o status de entrega como se tivesse entregado. Um trabalho danado resolver.",0.0,0,negativo
14381,Conforme esperado,1.0,1,positivo
82845,Amei recebi antes da data marcada linda a bolsa !!!!,1.0,0,negativo
69136,Após a compra a loja informa que por um erro de comunicação interna o produto não está em estoque mais e o pedido será cancelado e o valor estornado.,0.0,0,negativo
93011,"Entrega dentro do prazo, produto de qualidade.",1.0,1,positivo
33076,Muito bom,1.0,1,positivo
96357,"Entrega antes do prazo previsto, estamos satisfeitos.",1.0,1,positivo
22947,"Quero agradecer toda a atenção, o produto chegou uma semana antes do prazo de entrega. Recomendo .muito bom.as bbs ficaram felizes e nos tbm.",1.0,1,positivo
25233,"Gostei, muito, voltarei a comprar novamente",1.0,1,positivo
20813,Produto bom,1.0,1,positivo
3900,"Pra quem não se adapta a película de vidro a película de vidro, essa é uma boa opção.",1.0,1,positivo
83491,"Produto de acordo com anúncio, muito bom.",1.0,1,positivo
80449,Foram rápidos e entregaram o produto corretamente.,1.0,1,positivo
25805,"Sou cliente baratheon há algum tempo e sempre recebi meus produtos no prazo e perfeito, sem haver necessidade de troca.",1.0,1,positivo
53921,Eu pedir a troca e falaram que em dois dias eu iria ter resposta para mandar o produto de volta a loja e nada de me responder. Eu não quero esse produto de plástico,0.0,0,negativo
72145,O pedido não foi entregue.,0.0,0,negativo
83907,"Recebi incompleto, faltou um produto",1.0,0,negativo
93782,Produto muito bom,1.0,1,positivo
4314,Tudo ok..,1.0,1,positivo
97626,"Recomendo, veio em perfeito estado e bem em balado, chegou em 10 dias super antes do prazo.",1.0,1,positivo
70217,"Produto veio certinho, entrega até antes do prazo, ameiii",1.0,1,positivo
31075,"Entrega com boa antecedência! Muito bom! Recomendarei para todos!",1.0,1,positivo
34873,Guitarra infantil profissional!!! Muito linda!!!,1.0,1,positivo
8517,Gostaria de sabe pq não venhor o inalador certo perdi um e venhor outro estou tentando fala com o vendendo e não consigo.,0.0,0,negativo
59621,"O produto foi entregue em menos de uma semana. Estranhei o tamanho mas ficou perfeito para o local de instalação. As peças separadamente não são tão grandes, porém o conjunto é do tamanho informado.",1.0,1,positivo
80052,"Ótimo produto, amei e entrega antes do prazo, portanto tudo perfeito!",1.0,1,positivo
35804,chegada antes da data,1.0,1,positivo
46033,Meu produto não foi entregue!! Quero meu dinheiro de volta!,0.0,0,negativo
18290,estou plenamente satisfeita com o produto. Adorei,1.0,1,positivo
5304,Muito bom,1.0,1,positivo
98613,produto entregue antes da data,1.0,1,positivo
91820,"O produto veio conforme combinado, e com ótima qualidade.",1.0,1,positivo
41551,A entrega está atrasada quase uma semana. No dia 11/09 Há dois registros FALSOS de entrega no histórico do site. Nos Correios consta que a encomenda não chegou ao destino.,0.0,0,negativo
19683,"Tudo certo, produto e entrega, excelente.",1.0,1,positivo
47327,Ótimo excelente,1.0,1,positivo
2159,Material de boa qualidade e bonito..Só achei que fosse maior!!!,1.0,0,negativo
51507,Recebi conforme o pedido! Tudo perfeito!,1.0,1,positivo
76035,Estou satisfeita com os serviços de compra e entrega.,1.0,1,positivo
37299,100 %.,1.0,1,positivo
69211,"Enviaram uma mercadoria onde a data da validade foi retirada, que demonstra que houve fraude, por ser mercadoria velha e vencida. Quero meu dinheiro de volta ou a troca por uma mercadoria nova.",0.0,0,negativo
77903,"Produto de ótima qualidade, sabor ótimo. Entregue antes do prazo",1.0,1,positivo
43233,Excelente,1.0,1,positivo
6583,"Vendedor targaryen, gostei muito de transacionar com a empresa. stark também, sempre muito correto.",1.0,1,positivo
20708,gostei bastante,1.0,1,positivo
67487,Produto muito bom,1.0,1,positivo
92528,Ótimo atendimento e agilidade no serviço eu recomendo.,1.0,1,positivo
31981,"o produto é falso, ridiculo!",0.0,0,negativo
52406,Maravilhosa veio do jeito q queria!,1.0,1,positivo
62453,"ótimo produto,entrega no prazo.",1.0,1,positivo
51422,"Superou as minhas expectativas, muito bom!",1.0,1,positivo
24424,"Parabens a todos, estou satisfeito.",1.0,1,positivo
40042,"a compra foi boa só que não mostrava o tamanho necessito de trocar a bolsa para pegar uma maior fico grato com a compreensão. Thânia Almeida",1.0,1,positivo
5138,"Produto correto e bem Embalado.",1.0,1,positivo
83742,"Sou praticante de patins inline vertical. Sempre fui fã da marca. O produto é robusto com acabamento excelente e design moderno e Bonito. Ps: recebi totalmente configurado pronto para o uso.. Obriga",1.0,1,positivo
69621,Superou minhas expectativas.,1.0,1,positivo
3748,"Recebi meu produto antes da data prevista,super recomendo esta loja.",1.0,1,positivo
37045,otimo,1.0,1,positivo
58001,"Foi a primeira vez que comprei nas lannister e gostei muito... espero sempre ter resultados satisfatórias nas demais compras  Parabéns",1.0,1,positivo
96399,Gostei muito do produto!!! Excelente.,1.0,1,positivo
20769,"Entrega super rápida, produto de ótima qualidade, recomendo com certeza",1.0,1,positivo
74375,"Empresa não entrega os produtos na data e não entra em contato com o cliente.  Também não responde a os e-mails que já enviei para para o shop time.  Péssima.",0.0,0,negativo
50841,"Entrega dentro do prazo, e o produto maravilhoso!  tudo ok.",1.0,1,positivo
17456,chegou direitinho,1.0,1,positivo
6559,O produto ou meu dinheiro de volta ... lannister avalie melhor as suas lojas parceiras .,0.0,0,negativo
40787,"Não foi colocado meu nome como destinatário e sim ?casa da mãe? os correios não quiseram me entregar. Foram varias tentativas, frustradas.",0.0,0,negativo
40036,...,1.0,0,negativo
8805,Tudo certo! Tudo otimo! Obrigado!,1.0,1,positivo
74002,"Olá, recebi apenas o bebe conforto, o carrinho não chegou. Entrei em contato e estou no aguardo p saber o motivo.",0.0,0,negativo
54122,"Produto maravilhoso, chegou muito rápido ! Super recomendo .",1.0,1,positivo
31218,Eu gotei muito do vinagre muito bom pra tomar sabe gente gostei muito desse produto tou feliz sabe por ter comprado esse vinagre de maça organico tou feliz mesmo pela compra gostei muito parabéns,1.0,1,positivo
7801,Entrega na data prevista. Recomendo a loja.,1.0,1,positivo
69149,entregue antes do prazo,1.0,1,positivo
65587,Produto de muito boa qualidade e chegou antes do prazo o que é melhor ainda.,1.0,1,positivo
42645,Comprei o matizador e quando chegou era de outra marca... só acho que deveriam mandar o que realmente o cliente comprou....,0.0,0,negativo
48417,excelente,1.0,0,negativo
20161,Produto de Boa Qualidade.,1.0,1,positivo
83533,muito bom,1.0,1,positivo
88912,O produto chegou conforme o combinado.,1.0,1,positivo
7734,Otimo,1.0,1,positivo
85657,"Amei os pincéis de maquiagem. São excelentes,muito obrigada! Boa noite.",1.0,1,positivo
7970,"Funcional, mas poderia ser melhor. Veio faltando o botão de vedação do pegador, mas não comprometeu a beleza do produto.",1.0,0,negativo
93773,Acho que deveria demora mesmo tempo na entrega,1.0,0,negativo
79226,Produto lindo entrega super rápida,1.0,1,positivo
92715,"Não posso avaliar por algum que não recebi, gostaria de saber o por Que ainda não recebi minha cortina e estão dizendo que já recebi. Obs: tive que marca tudo não em cima pq a primeira resposta é não",0.0,0,negativo
79734,Faltou 1 rede chegar chegou somente 1 rede,0.0,0,negativo
20583,sempre compro nas lojas lannister e sempre muito bem atendida com os meus produtos entregue em dia,1.0,1,positivo
39686,"Parabéns,eu estava procurando um site seguro pra fazer minhas compras e achei, muito bom atendimento .",1.0,1,positivo
18851,Estou aguardando receber,0.0,0,negativo
27924,A mercadoria chegou antes da data prevista.,1.0,1,positivo
18222,Produto fiel a descrição. Bem embalado para proteção e chegou super rápido.,1.0,1,positivo
31185,Ótimo,0.0,1,positivo
81038,Ruim,0.0,0,negativo
28714,Gostei do produto e chegou antes do prazo.,1.0,1,positivo
27544,"- mp3 player ok (entregue) - blend barba de respeito (Não foi entregue)",0.0,0,negativo
20894,O site é bom mas não recebi todos produtos.,0.0,0,negativo
38048,Adorei a toalha. Muito bonita e chegou antes do prazo.. ..,1.0,1,positivo
15746,Minhas filhas esperavam ansiosas,1.0,1,positivo
28790,Ainda não testei,1.0,0,negativo
95991,"otimo atendimento, otima mercadoria",1.0,1,positivo
69466,Cumpriu com perfeição,1.0,1,positivo
74145,"produto bom  ótimo site, eu recomendo",1.0,1,positivo
80536,foi entregue o produto em bom estado e no prazo.,1.0,1,positivo
23222,Só falta ter o frete mais em conta,1.0,0,negativo
43205,O produto é muito bom de boa qualidade e muito bem feito! Gostei muito!,1.0,1,positivo
55139,"Amei o produto, é muito bonito e veio bem embalado. Adorei",1.0,1,positivo
21044,O.K!!! TUDO CERTO.,1.0,1,positivo
12990,Muito bom...,1.0,1,positivo
29202,Comprei 3 unidades. Todas entregues no prazo e dentro das especificações anunciadas.,1.0,1,positivo
30073,"Gostei do produto, pois era o que tinha visualizado e não tive problemas.. espero continuar sendo cliente e sendo bem atendida.. Gosto da praticidade e da agilidade nas entregas e da qualidade dos ´p",1.0,1,positivo
30585,O prazo era de 15 dias e chegou com 3 dias.,1.0,0,negativo
90537,entregou conforme o combinado,1.0,1,positivo
66110,otimo,1.0,1,positivo
81705,Bom,1.0,1,positivo
59483,Ótimo produto de excelente qualidade com certeza recomendo a todos.,1.0,1,positivo
96444,"Produto comprado em 08/03/2018 e promessa de entrega até 29/03/2018, entretanto,até o momento não recebi o objeto comprado e nenhuma satisfação me foi dada pelo vendedor.",0.0,0,negativo
28928,Só foi entregue uma aliança a numeração 28 não venho,1.0,0,negativo
16067,recomendo a todos,1.0,1,positivo
22609,"Comprei um produto e foi entregue outro, tento ligar no SAC ninguém me ajudou até o momento, estou muito insatisfeito. Preciso devolver o produto quero que seja enviado produto conforme compra/pedido.",0.0,0,negativo
1592,"Já solicitei devolução do produto. Veio amassado, parece que houve uma queda",0.0,0,negativo
25983,A rapidez para resolver a troca me deixou bem feliz. Sem burocracia e com bastante eficiência.,1.0,1,positivo
1802,"Excelente produto, veio embaço perfeitamente, chegou antes do previsto. Amei",1.0,1,positivo
85286,A loja tem ótimo atendimento.O produto chegou antes do prazo previsto e além do mais são atenciosos.Parabéns!!,1.0,1,positivo
85744,"Não recebi o produto até o momento... Segundo o site está entregue. Mas entregue à quem??? Eu não recebi. Pelo rastreio aparece PARADO nos correios do Rio de Janeiro. Aguardo retorno.",0.0,0,negativo
88733,"Mandei várias dúvidas por email, não recebi respostas.",0.0,0,negativo
39622,Nota 10,1.0,1,positivo
78612,PRODUTO E LOJA ESTÃO DE PARABÉNS,1.0,1,positivo
21848,Ótimo,1.0,1,positivo
9836,Entrega super rápida e produto fiel à descrição mostrado no site. Parabéns!!,1.0,1,positivo
26042,Entregue no prazo.,1.0,1,positivo
25699,Até agora não recebi o produto,0.0,0,negativo
64087,excelente,1.0,0,negativo
85358,o controle funciona bem,1.0,1,positivo
75848,"Então! Vocês não pediram avaliação do produto, eu estava pronta para avaliar, joguei dinheiro fora! O Mop não presta, propaganda enganosa, o cabo só mede 1,00 metro, tenho estatura baixa e mesmo assim",0.0,0,negativo
91066,Ok,1.0,1,positivo
11748,"recebi os 2 produtos sim recomendo a todos voces esta de parabeis nota 10 obrigado",1.0,1,positivo
83423,Extremamente satisfeita! Recebi meu pedido duas semanas antes do prazo previsto !!!,1.0,1,positivo
49917,"Imediatamente após eu efetuar o pagamento, recebi um email avisando que o produto não estava disponivel. Entrei em contato com o baratheon 02 vezes, mas não querem devolver meu dinheiro.",0.0,0,negativo
20360,É muito difícil o contato com vocês pois às vezes o problema não se enquadra nas opções disponíveis no site.,0.0,0,negativo
91680,O produto foi enviado rapidamente e chegou muito bem embalado. Agradeço e recomendo.,1.0,1,positivo
39583,excelente procuto,1.0,1,positivo
81846,"São lindas, práticas e fáceis de lavar. Adorei!",1.0,1,positivo
98780,Recebi o produto dentro do prazo e recomendo ótimo serviço,1.0,1,positivo
58301,Recebi o produto antes do prazo de entrega. Adorei pois chegou exatamente como a descrição. Podem adquirir sem nenhum medo.,1.0,1,positivo
77104,Satisfeita com o resultado.,1.0,1,positivo
93921,"Meus parabéns,continuem assim",1.0,1,positivo
58222,"Ainda nao usei, farei avaliação quando começar usar.",1.0,0,negativo
8840,"Meu produto chegou muito mais rápido do quê o esperado. Uma vez que a previsão era para o dia 08/05 e chegou dia 20/04.  Ainda não o usei, mas em questão de entrega eu super recomendo.",1.0,1,positivo
18456,"Adorei parabéns a vocês,estou muito satisfeita com produto.ok",1.0,1,positivo
45723,Linda foi o tamanho que eu desejei...,1.0,1,positivo
10633,"O produto foi entregue conforme pedido. No entanto, a película veio rachada. Como faço para proceder quanto a isso?",1.0,0,negativo
17145,Chegou antes do previsto,1.0,1,positivo
13903,"Vendedor excelente,produto chegou antes do prazo e bem embalado. Recomendo!!!",1.0,1,positivo
96842,Ótimo!!!,1.0,1,positivo
23035,nao posso avaliar pois ainda nao recebi.26/12/2017,0.0,0,negativo
18297,Boa compra e entrega antes do prazo,1.0,1,positivo
44190,QUERO DEVOLVER O PRODUTO PORQUE NÃO TEM A MESMA FÓRMULA DO OPTYMEMORI DO SITE DO ORIGINAL.,0.0,0,negativo
58485,Solicito a troca do produto pois ele veio amassado e não encaixa no relógio,0.0,0,negativo
88323,muito bom comprar em uma loja confiável,1.0,1,positivo
972,Sempre que compro com vocês meus itens chega em perfeito estado....,1.0,1,positivo
72067,"Já recebi todas as outras, menos a vermelha, aguardando resposta suas.",0.0,0,negativo
86112,Bom produto e ótimo preço!,1.0,1,positivo
30425,"Muito bom o produto, só achei um pouco caro!",1.0,1,positivo
9082,Recomendo!!,1.0,1,positivo
6574,O produto não foi entregue e não recebi nenhuma satisfação apesar de já ter pago o boleto,0.0,0,negativo
66147,"O lustre é muito bonito, bem acabado, pintura delicada. Eu recomendo!",1.0,1,positivo
24640,Produto otimo muito pratico,1.0,1,positivo
95456,Paguei o produto é não recebi.,0.0,0,negativo
55018,"Recebi um produto que não era o que estava exposto no site, pois na foto do site mostra uma pelicula transparente e na hora que eu abrir a embalagem, a pelicula era amarela.",0.0,0,negativo
41613,Ainda ñ tenhi como descrever o q achei do produto pq até agora não chegou!!,0.0,0,negativo
78096,O produto chegou muito antes do prazo.,1.0,1,positivo
55864,"otimo produto, entrega antes do previsto",1.0,1,positivo
67224,"BOM DIA, NAO RECEBI O DHEA, SOMENTE O RECYCLE, QUAL PROCEDIMENTO PRECISO FAZER? PRECISO RESOLVER ISSO OBRIGADO",0.0,0,negativo
44252,"Comprei e paguei, porém, não tive qualquer retorno do lojista. Não recomendo.",0.0,0,negativo
93298,"O produto é exatamente como na foto, tem uma ótima qualidade, adorei!",1.0,1,positivo
51565,Estou indignado esperando meus produtos veio só um até age,0.0,0,negativo
70422,"Produto muito bom! Chegou no prazo, recomendo!!",1.0,1,positivo
17857,Entrega rápida e produto perfeito,1.0,1,positivo
13631,Otimo,1.0,1,positivo
15044,"ADOREI A CARTEIRA...ESTOU ESPERANDO O OUTRO PRODUTO..( capa carteira para celular)  OBRIGADA",1.0,1,positivo
53139,Produto de boa qualidade!!,1.0,1,positivo
30440,Recebi apenas 2 unodades,0.0,0,negativo
22246,"Entrega super rapida ,amei o tapete!",1.0,1,positivo
21211,Chegou tudo certo e dentro do prazo.,1.0,1,positivo
39000,Satisfeito com o meu produto e tb entregue dentro do prazo.,1.0,1,positivo
8441,otima loja chegou antes do prazo,1.0,1,positivo
27908,Pedi o scuba veio o pro diver...mais gostei do produto.,1.0,1,positivo
61762,"fui bem atendido, é uma empresa séria e profissional",1.0,1,positivo
21062,"O produto que coloca na água veio aberto, molhou o papel das instruções e manchou a fonte.",0.0,0,negativo
19585,"Entrega bem rápida, produto em belo estado.",1.0,1,positivo
16426,Muito bm,1.0,0,negativo
16183,Atendimento excelente.,1.0,1,positivo
26075,"Boa noite realizei uma compra referente ao pedido 02-661329947, Porém até agora não recebi o produto já faz um mês. Gostaria de saber o que houve.",0.0,0,negativo
49956,Obrigada por me manter informada o tempo todo sobre a entrega.,1.0,1,positivo
54318,"Muito bom, estou muito satisfeito",1.0,1,positivo
85098,"Entrega realizada com sucesso e antes do prazo, super indico!!!",1.0,0,negativo
34415,"Não observei que as fronhas não vinham , comprei achando q era igual a foto o cobertor e as fronhas , foi falta de maldade minha , só fiquei chateada com isso.",1.0,0,negativo
71049,"Ótimo, chegou antes do que eu esperava muito rápido",1.0,1,positivo
62690,O produto foi entregue e com brinde! Obrigado!,1.0,1,positivo
27802,Agradecido!,1.0,1,positivo
45103,"Realizei dois pedidos na mesma compra. No site já consta como entregue mas ainda não foi recebi um dos produtos.",0.0,0,negativo
80286,Ok. Veio tudo em ordem!,1.0,1,positivo
5375,"O produto não é o que eu esperava, mas serve",0.0,0,negativo
55677,Pensei q fosse mais bonita .,1.0,0,negativo
32713,Muito bom produto .excelente qualidade recomendo a tpdo ??,1.0,1,positivo
67669,Chegou antes do previsto amei o produto,1.0,1,positivo
48191,"Já solicitei a troca , pois o produto vendido pela loja não é idôneo",0.0,0,negativo
41763,Só recebi um item,0.0,0,negativo
74565,O produto não foi entregue.Preciso de ajuda para resolver esse problema.,0.0,0,negativo
30549,"Adquiri 2 Suportes e apenas recebi 1 e foi faturado os dois, porem chegou apenas o Transbike para bicicletas Aro 29. O Suporte De Parede Para Sua Bicicleta Atrio não chegou.",0.0,0,negativo
92994,"Entrega rápida, veio bem embalado. Gostei muito do relógio.",1.0,1,positivo
93960,Adorei a compra,1.0,1,positivo
44041,"Veio antes do prazo, muito bem embalado e de material resistente o produto, muito bom.",1.0,1,positivo
23819,gostei de tudo e a entrega foi bem antes da data falada. otimo. e o frete nao foi tao caro.,1.0,1,positivo
30870,"Conforme já informado faltam 2 produtos que não foram entregues. Não recebi os produtos, de 3 veio somente 1.",0.0,0,negativo
40935,"Pensei q os produtos q pedi fossem com mais qualidades,mais tdo bem. Tomarei mais cuidado se resolver voltar a comprar. Obrigado.",1.0,1,positivo
86975,Muito boom...entrega bem antes da data prevista..,1.0,1,positivo
60183,Não recebi informação sobre o produto que parecia estar perdido no transporte.,0.0,0,negativo
99871,"muito bom, foi o esperado",1.0,1,positivo
36382,Otimo vendedor,1.0,1,positivo
76508,Gostei do produto e era o esperado,1.0,1,positivo
61401,empresa pontual e seria,1.0,1,positivo
8048,"Para o que preciso , este produto atende minhas necessidades, preço bom .",1.0,1,positivo
42329,"Fiquei muito satisfeito com a compra, os pneus chegaram em perfeito estado, antes do prazo previsto e já estão rodando em meu veículo! Recomendo targaryen parceiro das lannister.com. Confiável e rápido!",1.0,1,positivo
38972,Eu comprei 2 perfumes e veio apenas um! Quero o estorno do meu dinheiro!,0.0,0,negativo
37041,Sempre compro nas lannister,1.0,0,negativo
52244,Site da lannister.com é muito bom nao tenho do que reclamar pois meu filhs tem 11 anos e desde de pequeno eu compro pelo site DVD infantis Brinquedos Fraldas .,1.0,1,positivo
20456,quero meu dinheiro de volta,0.0,0,negativo
78133,"A carteira tem um bom material, mas é muito grande. Bem maior que a foto.",1.0,0,negativo
10013,Logistica perfeita.,1.0,1,positivo
96114,"Comprei um cartão micro SD que não veio igual o da descrição nem da imagem, e o pior é que mesmo assim não funcionou e veio corrompido. Estou no aguardo de uma resposta para troca.",0.0,0,negativo
84206,"Relógio top, vale a pena comprar só pelo acabamento do produto. Entrega via correios demorou devido época de fim de ano e foi via PAC, bem que as lannister deveria ter um convenio SEDEX, fica a suges",1.0,0,negativo
98729,Ótimo!,1.0,1,positivo
59613,"Mochila Linda! Minha sobrinha amou!",1.0,1,positivo
34614,"A COMPRA FOI REALIZADA EM JANEIRO DE 2017,COM PAGAMENTO POR BOLETO EM 24-01-2017, O PRODUTO DEVERIA SER ENTREGUE ATÉ 28-02-2017, E ATÉ APENAS EMITIDO A NOTA FISCAL SEM DADOS DE TRANSPORTE E ENTREGA.",0.0,0,negativo
6561,otimo produto,1.0,1,positivo
611,"Foi tudo normal , como é mesmo uma compra por internet. Obrigado.",1.0,1,positivo
85493,Produto entregue muito rápido.,1.0,1,positivo
21460,"Produto excelente. Entregue antes da data prevista.  Adorei. Obrigada.",1.0,1,positivo
60402,"o produto chegou antes do prazo, a boneca é linda minha filha amou, parceiro muito bom entregou antes do prazo. recomendo e compraria novamente.",1.0,1,positivo
75191,Chegou antes do prazo de entrega,1.0,1,positivo
72249,bom atendimento,1.0,1,positivo
21958,Ainda não recebi o produto e já venceu o prazo de entrega.,0.0,0,negativo
91972,"Acho que pelo preço cobrado no frete, deveria haver mais respeito ao cliente em relação ao prazo!!!!",0.0,0,negativo
19811,"Correu tudo perfeito, preço, produto e prazo de entrega.",1.0,1,positivo
32992,Sempre compro nas lannister e super indico.,1.0,0,negativo
64190,Simplesmente amei!!!,1.0,1,positivo
15425,Recebi antes do prazo de entrega.,1.0,1,positivo
68060,Foi ótimo o preco mas o prazo de entrega demorou quase 18 dias,1.0,0,negativo
68276,O produto não chegou danificado mas a caixa já estava prejudicada. poderia ser melhor embalado. Como sei que isso depende do cuidado dos correios dei 5 estrelas. De resto tudo certo. Produto e prazo,1.0,0,negativo
6224,"Compra segura, entrega feita corretamente",1.0,1,positivo
80642,muito om,1.0,0,negativo
11322,"Otimó, produto veio muito bem embalado, dentro de vários plasticos bolha, chegou antes do prazo!",1.0,1,positivo
95999,"Muito rápido, chegou bem antes da data prevista, só comprarei das lannister agora.",1.0,0,negativo
32448,O produto chegou dentro do prazo e bem embalado. Gostei e recomendo.,1.0,1,positivo
41350,Só chegou uma parte do pedido ate agora..,1.0,0,negativo
77657,Só as quatro compras que fiz em 2018 já pagaram a assinatura prime anual. Encomendas chegam no prazo normal.,1.0,0,negativo
43340,"o produto veio com a caixa do mp3 quebrada e sem a parte da caixa que estava quebrada , e com um grande defeito na bateria.",0.0,0,negativo
90207,RECEBI DIREITINHO E RAPIDO. COMPRAREI NOVAMENTE.,1.0,1,positivo
11939,Produto entregue antes do prazo prometido. Isto é muito bom!,1.0,1,positivo
73581,veio tudo certinho e bem antes do prazo determinado.,1.0,1,positivo
90176,comprei Ac021 Multilaser recebi super macio gota,0.0,0,negativo
33622,Boa,1.0,1,positivo
71068,"Entrega Rápida, tudo certo na compra!",1.0,1,positivo
68203,O produto nao chegou e eu ja até paguei parte do produto. A nota fiscal nem foi emitida e a previsão de chegada expirou. Quero estorno do valor pago. Um absurdo,0.0,0,negativo
13344,"Produto excelente, entregue antes do prazo",1.0,1,positivo
43906,Recebi antes do prazo estipulado. Foi muito bom...,1.0,1,positivo
75313,"Fiquei super satisfeito, o produto é ÓTIMO ao contrário das últimas HPs que comprei este realmente atende.  A entrega FOI SUPER RÁPIDA bem antes do prazo estipulado.Sou 1 consumidor muito satisfeito",1.0,1,positivo
40515,a entrega foi super rápida antes da data prevista,1.0,1,positivo
93400,"otima loja, produto entregue antes do prazo previsto, recomendo a todos.",1.0,1,positivo
34433,excelente,1.0,0,negativo
41720,"Ótima loja, fez a entrega no prazo determinado. Obrigado!",1.0,1,positivo
1746,e a melhor loja para fazer compras,1.0,0,negativo
90497,"Recebi no prazo e já apliquei. Ficou muito bom e de fácil aplicação, mesmo pra mim que não tenho muita habilidade pra isso. Agora é só esperar para ver a durabilidade.",1.0,1,positivo
1311,bom,1.0,1,positivo
29848,Ok,1.0,1,positivo
62525,Muito bom,1.0,1,positivo
57137,recomendo.,1.0,1,positivo
68769,"O produto chegou bem embalado, sem problema algum, é leve, esquenta rápido, compraria novamente. O único problema foi a entrega, demorou cerca de uns 20 dias.",1.0,1,positivo
46885,Recomendo,1.0,1,positivo
14613,"EXCELENTE PRODUTO... ENTREGUE ANTES DO PRAZO, ESTOU MUITO SATISFEITO!",1.0,1,positivo
35999,Meu produto não foi entregue.,0.0,0,negativo
62454,chegou antes do prazo,1.0,1,positivo
64809,Produto chegou corretamente antes do prazo,1.0,1,positivo
28781,"fiz uma compra, meus pedidos vieram separados até ai tudo bem, mas ficou faltando um produto e até agora não foi entregue! e isso que paguei caro pelo frete prazo era dia 06 já é 08 e nem satisfação!",0.0,0,negativo
97196,"Entrega rápida , o produto em perfeitas condições , exatamente como esperado .",1.0,1,positivo
32205,Foi feito tres pedidos dois chrgaram certo so um que não entregaram dentro do prazo e recomendo,1.0,0,negativo
8565,Muito bom,1.0,1,positivo
82263,Sem comentarios muito obg pelo produto e a entrega foi no dia mesmo.,1.0,1,positivo
57510,"Gostei do produto só mudou a cor, mas tudo bem",1.0,1,positivo
81833,Chegou antes do previsto,1.0,1,positivo
19046,.........,1.0,0,negativo
64715,"Chegou super rápido, antes até do prazo informado.",1.0,1,positivo
4140,EFICIENTE !!!,1.0,1,positivo
80461,Veio faltando uma cadeira,0.0,0,negativo
81240,"Ótimo produto, entrega rapida super satisfeito...",1.0,1,positivo
16502,"Prazo de entrega e produto perfeito, recomendo esta parceira do stark.",1.0,1,positivo
40054,O produto chegou muito rápido! Recomendo!,1.0,1,positivo
61931,Amei!!!!,1.0,1,positivo
13979,Gostei,1.0,1,positivo
86708,Muito rápido a entrega bem antes do prazo!!,1.0,1,positivo
77363,Recebi o produto dentro do prazo estipulado com ótimo custo benefício. Recomendo!,1.0,1,positivo
24071,Produto lindo.,1.0,1,positivo
91269,"Tentaram entregar com o endereço errado e voltou ao remetente, depois ficou disponivel pra retirar em outra cidade, aí retiraram e não tive mais nenhuma informação. Preferi cancelar.targaryen nunca mais!",0.0,0,negativo
32836,Boa noite. Preciso de uma posição da baratheon sobre o Meu pedido. Ou o estorno no meu cartão ja que o produto não foi entregue.,0.0,0,negativo
31319,"Produto bem embalado, chegou rapidamente. Recomendado",1.0,1,positivo
55537,"O produto foi entregue super rápido! A cortina é idêntica à foto, muito bonita e com acabamento muito bom, comprei duas! A 2ª veio com algumas linhas soltinhas mas cortei e pronto.",1.0,1,positivo
68923,"Chegou bem rápido ,achei que ia demora por conta da greve mas foi rápido",1.0,1,positivo
92481,Recebi na data certa. Tudo ok!,1.0,1,positivo
89610,"Produto como descrito, chegou antes do prazo final!",1.0,1,positivo
67865,muito bom produto,1.0,1,positivo
65304,Produtos top.,1.0,1,positivo
86263,Recebi antes do prazo.,1.0,1,positivo
65121,muito bonito!,1.0,1,positivo
2565,Amei! Lindo!,1.0,1,positivo
96232,"Produto chegou muito antes do prazo, parabéns!!",1.0,1,positivo
31433,"Adorei, levou apenas dois dias para entregar e veio tudo conforme minha escolha.",1.0,1,positivo
65702,Entrega está atrasada e descobri que o produto não serve nas minhas portas. Comprei o mesmo produto de outro vendedor e na embalagem diz que é para portas com até 1 cm de vão. Devolverei quando chegar,0.0,0,negativo
18036,"Produto entregue corretamente , até antes do prazo estipulado.",1.0,1,positivo
60850,"O produto solicitado foi entregue com algum atraso mas em perfeito estado,Muito Obrigado.",1.0,1,positivo
87783,"Adorei o produto ....chegou antes do prazo . Recomendo",1.0,1,positivo
67742,Nota zero. Pedimos 3 unidades veio apenas 1 unidade,0.0,0,negativo
72668,Não funciona. Qualidade muito ruim,0.0,0,negativo
82893,"O produto foi entregue dentro do prazo e de acordo com a compra; avaliei como bom devido o tamanho, porem considerando os preços de aparelhos semelhantes é excelente.",1.0,1,positivo
73509,"Veio uma falsificaçao do Moto G5 plus, com o lacre da caixa rompido, sem manual, sem termo de garantia da Motorola, selos da anatel falsos, IMEI clonado, design do celular todo errado. Não recomendo!",0.0,0,negativo
15593,Já mandei várias mensagens para a empresa informando que o status da entrega está errado. Chegou apenas um pacote. O das prateleiras. A cortina não chegou.O correio disse que é um rastreio por item.,0.0,0,negativo
74985,"Até o momento NÃO recebi o produto..., conforme combinado. O prazo final para a entrega seria no dia 23/03 e o prazo não foi cumprido.",0.0,0,negativo
56607,O produto que chegou é mais bonito do que eu esperava.,1.0,1,positivo
58621,Entrega dentro do Prazo!,1.0,1,positivo
50697,"NOTA MIL AMEI COMPRARA COMVOCES, VOU CONTINUAR COMPRANDO, OBRIGADA DE CORAÇÃO.",1.0,1,positivo
3661,"O pedido foi feito duas vezes e não foi entregue.A primeira vez foi por que o número da casa estava errado, a segunda nÃo recebi justificativa.",0.0,0,negativo
2012,"Primeira vez que compro pela loja virtual e não me arrependo. Chegou no prazo.",1.0,1,positivo
63852,Entrega rápida e sem problemas.,1.0,1,positivo
70727,"Recebi bem antes do prazo, adorei o produto!",1.0,1,positivo
17638,recebi o produto que é bom mas no anuncio falava que viria o controle e o mesmo não chegou.,1.0,0,negativo
68632,Tenho comprado com você e tem sido bom! Espero que novas compras possam ser feitas e os resultados sejam os mesmo..,1.0,1,positivo
90325,Um site seguro e um atendimento perfeito.,1.0,1,positivo
23487,Parabéns pela presteza e agilidade.,1.0,1,positivo
26121,"Entrega no prazo e produto muito bom. Ligaram antes pra informar que existia o produto em outra cor que poderia ser enviada antes, mas preferi esperar e ter na cor desejada. Muito pontuais.",1.0,1,positivo
76557,Ótimo adorei o produto.,1.0,1,positivo
49186,amei o produto muito boa e muito bonita chegou bem antes do prazo previsto ta de parabens,1.0,1,positivo
86168,Muito bom .,1.0,1,positivo
26590,Recebi o produto conforme o anúncio...,1.0,1,positivo
73170,Ótimo a loja em sua responsabilidade com o comprador,1.0,1,positivo
62137,entrega rapida e o produto veio em perfeito estado,1.0,1,positivo
28750,"Excelente produto, mas a entrega foi extremamente demorada.",1.0,0,negativo
19721,Acho que deveriam melhorar o rastreio.blz,1.0,0,negativo
25465,Muito bom.,1.0,1,positivo
44095,Bem bonita...so não gostei da bainha...,1.0,0,negativo
41393,rapidez,1.0,1,positivo
40830,Nota 10,1.0,1,positivo
52643,Como sempre tudo perfeito. Parabéns,1.0,1,positivo
59398,"A entrega estava prevista para o dia 25 de julho chegou bem antes acabou de chegar , no dia 6 do mesmo . muito feliz ,com a targaryen",1.0,1,positivo
15034,Otimo,1.0,1,positivo
96338,"Sempre compro na loja lannister, os produtos chegam rápido antes mesmo do previsto para entrega. Parabéns...",1.0,1,positivo
67710,Produto recebido conforme contratado.,1.0,1,positivo
62171,"Como sempre a lannister, entregou os produtos antes do prazo, com a eficiência que sempre foi sua marca registrada, Produto bonito. Recomendo!!! Luciane - Apiaí-SP.",1.0,1,positivo
50961,Atendeu no prazo,1.0,1,positivo
85424,"O produto não foi entregue. Só quero saber se vai ser cobrado no meu cartão de credito, e se for como vou receber meu dinheiro de volta ?",0.0,0,negativo
74068,Já reclamei referente o meu produto que veio errado e até agora ninguém me retornou.,0.0,0,negativo
97439,"Recebi o produto antes do prazo real da entrega. Sem defeito e bem embalado.",1.0,1,positivo
93903,otimo,1.0,1,positivo
69476,"Recebi somente um item do pedido  O kit bolsas  O kit berço não recebi",1.0,0,negativo
35291,"Embora eu ainda nao instalei, mas me parece um produto muito bom, chegou rapido, bem antes da data da entrega. Recomendo a todos.",1.0,1,positivo
82491,"Entrega de merda , até hoje não recebi",0.0,0,negativo
76894,"Produto com preço bom, todo processo de compra foi excelente.",1.0,1,positivo
25264,Comprei dois cobertores e recebi apenas um,0.0,0,negativo
46376,"O produto tem uma boa construção e aparência, apesar de ter vindo com 02 dos seus cantos descascados, além disso, um dos vidros está com uma pequena trinca, acho que deveria ser melhor embalado.",1.0,0,negativo
19655,Um produto bonito e qualidade muito boa.,1.0,1,positivo
72276,Recebi muitos dias antes da previsão. Recomendo!,1.0,1,positivo
73045,Gostei muito chegou tudo certinho e antes do prazo tudo bem embalado super recomendo produto de qualidade os sabores são ótimos tudo em perfeito estado estou usando e estou gostando muito eu aprovo e,1.0,1,positivo
66189,O relógio mau teve contato com a água e já parou,0.0,0,negativo
78434,Muito bom,1.0,1,positivo
84584,Não recebi o pedido,0.0,0,negativo
5453,"Foi entregue rápido meu pedido, já comprei outras vezes pela lannister e nunca tive problemas. Recomendo.",1.0,1,positivo
61718,Os produtos: assento para carro e as mantas chegaram em datas diferentes. Os sapatinhos ainda não chegaram.,0.0,0,negativo
89118,chegou ok,1.0,1,positivo
46960,Produto lindo....ameu5,1.0,0,negativo
66555,Fui muito brm atendida. Gostei muito.,1.0,1,positivo
58873,Já efetuei duas compras na targaryen e não tive problemas.,1.0,1,positivo
32568,"Ainda não instalei, mas eu me surpreendi com o material! É lindo demais e parece bem resistente!",1.0,1,positivo
38449,"Excelente protudo, ótima entrega",1.0,1,positivo
20164,"Ótimo produto. Entrega no prazo",1.0,1,positivo
69246,Chegou até antes do prazo e bem embalado.,1.0,1,positivo
92179,produto entregue conforme anuncio e até mesmo antes do prazo.,1.0,1,positivo
63793,A entrega foi no prazo.esta de parabéns,1.0,1,positivo
48229,"O produto chegou em perfeito estado, no momento está funcionando bem. A única observação é para a bateria que descarrega rápido. A entrega foi super rápida e me surpreendeu",1.0,1,positivo
20307,"ainda estou aguardando a entrega pois preciso do produto, comprei outras vezes no site lannister e não tive nenhunenhum problema. mas desta vez tive e meu produto até agora não chegou.",0.0,0,negativo
74373,chegou antes do prazo,1.0,1,positivo
78123,Então recebi um produto diferente da imagem que vi na internet....,1.0,0,negativo
4586,muito bom recebi na data prevista.,1.0,1,positivo
494,"já é a segunda vez que compro nesta loja,super eficiente entrega rápida e antes do prazo contratado, produto bem embalado , Nota 10 Muito Obrigado",1.0,1,positivo
37899,"As bolsas são lindas, parecem ser muito resistentes, vou amar usar elas com meu bebê. :) Recomendo a compra com certeza!",1.0,1,positivo
55460,"Comprei o modelo Casio Digital Vintage LA680WA-1BDF Prata ,porém me enviaram o modelo Casio Vintage Digital Fashion A159WA-N1DF Prata.",0.0,0,negativo
87756,"Nao recebi meu produto em casa Paguei frete, e tive que retita-lo nos correios. Dessa maneira, nao vejo vantagem de comprar pela internet.",0.0,0,negativo
23078,Muito bom,1.0,1,positivo
18565,"Tapete macio e bonito, é igual ao da foto, recomendo.",1.0,1,positivo
71264,"Umdos kits chegou certo o outro chegou foi cortina, não pedi cortina.. e não consigo falar com a loja",0.0,0,negativo
39513,"O produto chegou em perfeito estado. Porem, demorou bem mais que os outros sites concorrentes",1.0,0,negativo
40047,"Estou no aguardo do contato da empresa, pois a metragem do tapete veio incorreta.",1.0,0,negativo
47860,"Ótimo vendedor. Chegou o produto combinado, com ótima qualidade. Chegou antes da data prevista.",1.0,1,positivo
17548,Recomendaria sim,1.0,1,positivo
99455,Chegou bem antes do que imaginava..!! Parabéns!,1.0,1,positivo
22018,"Demorou um pouco, mas dentro do prazo.",1.0,1,positivo
21382,fiquei muito satisfeita com o atendimento e com o produto,1.0,1,positivo
23669,ESSE PRODUTO VEIO QUEBRADO QUERO OUTRO,0.0,0,negativo
63268,Material totalmente ruim e diferente da foto quero saber como fazer a troca,0.0,0,negativo
35013,"Produto chegou no prazo e bem embalado. A única reclamação a fazer é o preço do frete que, de tão alto, quase fez-me desistir da compra. Contudo, recomendo a loja.",1.0,1,positivo
2855,"A colcha que eu comprei vinha com 03 peças, e essa só veio 02 peças , 01 colcha ,e 01 porta travesseiro!então no caso ficou faltando o porta travesseiro!então eu aguardo uma resposta do vendedor",0.0,0,negativo
93566,Produto chegou antes do prazo previsto,1.0,1,positivo
20714,muito bom produto,1.0,1,positivo
26555,"Produto ótimo, entrega super rápida.",1.0,1,positivo
29934,O produto chegou antes do previsto veio certinho conforme o descrito no site e veio bem embalado.,1.0,1,positivo
72858,PRODUTO ENTREGUE CONFORME O COMBINADO,1.0,1,positivo
57982,"gostei do produto, de acordo com anunciado",1.0,1,positivo
27571,"Recomendo a todos. Produto de excelente qualidade, entrega rápida, preço justo.",1.0,1,positivo
62581,Recomendo o produto está correto já testei está funcionando ok,1.0,1,positivo
71345,"Tenho em prazer em comprar na lannister, nunca falharam em nada comigo!",1.0,1,positivo
96671,"Adoro vcs, produto entregue no prazo e com maior cuidado. Parabens pela responsabilidade e consideração com o consumidor Um Abraço a todos",1.0,1,positivo
618,"Produto chegou dentro do prazo. Atende pelo custo benefício, porém a bolsa não é forrada e a alça é de plástico. Estou satisfeita.",1.0,1,positivo
9897,"Chegou antes do prazo, produto exatamente como esperava.",1.0,1,positivo
23402,Produto bom,1.0,1,positivo
79327,Chegou antes do prazo indicado e o produto é de ótima qualidade,1.0,1,positivo
71168,Parabéns produto muito bom 👍,1.0,1,positivo
12704,Demorou muito para ser entregue,0.0,0,negativo
39259,esta lojas lannister e muito correta com os seus compradores,1.0,1,positivo
18094,"Produto chegou em perfeitas condições, bem antes do prazo.  Recomendo",1.0,1,positivo
3432,Recomendo,1.0,1,positivo
98301,ainda não recebi o kit veio somento um item do pedido,1.0,0,negativo
10632,Nao recebi o lustre de bola o quadro foi entregue.,0.0,0,negativo
93448,entregue no prazo,1.0,1,positivo
83635,"Não recomendo, entrega era dia 19/01 e até o momento nada ainda e nem resposta.",0.0,0,negativo
95319,"Entrega antes do prazo final, muito satisfeita.",1.0,1,positivo
10878,"O PRODUTO VEIO COM O TAMANHO ESCRITO ERRADO DO QUE FOI PEDIDO, POREM SERVIU. COMPREI PARA SAMSUMG 10,1 E VEIO SAMSUMG 7,5",1.0,0,negativo
56049,"A mateira não é de couro como estava na descrição, e veio o modelo incorreto.",0.0,0,negativo
88793,"Ótima comprá, produto bonito, resistente e muito agradável ao toque, valeu a pena.",1.0,1,positivo
65655,Produto de qualidade!,1.0,1,positivo
12809,não recebi o produto.,0.0,0,negativo
65247,Exatamente o que esperava... Prazo e qualidade. Recomendo.,1.0,1,positivo
69302,Bem.legal os canudos,1.0,0,negativo
46318,"CHEGOU BEM ANTES DO PRAZO, MUITO RECOMENDO",1.0,1,positivo
84350,8,1.0,0,negativo
86442,Perfeito,1.0,1,positivo
75446,Veio exatamente igual a descrição tamanho formato entrega super rápida eu recomendo protudo excelente nota 10,1.0,1,positivo
35657,Entrega rápida ... antes do prazo final,1.0,1,positivo
13442,"Eu havia feito um comunicado q não tinha recebido mas houve um mal entendido . Correu tudo bem Obrigada",1.0,1,positivo
17121,"Todas as etapas de entrega tiveram um problema, o objeto chegou com atraso em tudo e até agora consta que não chegou à unidade do rio de janeiro, sendo que era pra eu ter recebido o produto no dia 10",0.0,0,negativo
37252,Ok,1.0,1,positivo
37235,Nossa muito rápido e produto de qualidade,1.0,1,positivo
14745,"Produto muito bom, chegou antes do prazo em perfeito estado. Bolsa linda!",1.0,1,positivo
56713,Obrigado perfeito,1.0,1,positivo
48376,Não consegui resposta de ninguém para saber sobre o estado da minha encomenda ou informar motivo do atraso.,0.0,0,negativo
85660,A COMPRA FOI CANCELADA PELA lannister PELO FATO DO PARCEIRO NÃO TER ENTREGUE,0.0,0,negativo
60837,Pedido entregue antes do prazo. Tudo certo!,1.0,1,positivo
60657,Estão Todos de Parabéns.,1.0,1,positivo
46680,COMPREI 2 CLORETO DE MAGNÉSIO CHEGARAM APENAS 1 UNIDADE.,0.0,0,negativo
91036,Não foi entregue a quantidade que comprei,0.0,0,negativo
48828,"Um excelente canivete, com ótimas especificações. Recomendo a qualquer um que busque um ótimo canivete.",1.0,1,positivo
38426,"Comprei o produto e quando chegou veio na cor rosa, ao invez da cor vermelha como na foto... Pedi o cancelamento do produto ja tem mais de 1 mes e ate agora nada do reembolso... muito demorado",0.0,0,negativo
10155,Otimo produto chegou até antes do prazo venho perfeitamente pode confiar loja de confiança,1.0,1,positivo
53587,"recebi o produto porém não foi o que eu comprei. Comprei 400g e só recebi 200g reclamaçao protocolo 2517060176661",0.0,0,negativo
62156,Sempre satisfeita com aquisição de qq produto por este canal.,1.0,1,positivo
64381,Otimo serviço. Eu recomendo. Entrega rapida,1.0,1,positivo
66709,Vale muito a pena!,1.0,1,positivo
93944,Parabéns vcs foi entregue antis do prazo. eu recomendo obrigado luiz,1.0,1,positivo
36347,chegou antes do prazo,1.0,1,positivo
30095,Entrega rápida. Produto ótimo,1.0,1,positivo
45222,Entrega super rápida adoreiiii,1.0,1,positivo
38836,E muito bom,1.0,1,positivo
93950,Muito bom,1.0,1,positivo
98333,"Entregue apenas o bebê conforto , falta o carrinho de bebê e a base.",0.0,0,negativo
50374,Recebi no antes do prazo combinado.,1.0,1,positivo
51092,"Fiz uma compra e não foi feita a entrega no dia marcado, estou aguardando uma resposta!! Grata fabiana",0.0,0,negativo
97613,Linda bicicleta e tudo certinho e chegou antes do prazo. Super recomendo!!!,1.0,1,positivo
22877,Produto em perfeito estado,1.0,0,negativo
49045,"Entregaram bem antes do prometido, pelo valor, bem bom o produto!",1.0,1,positivo
3780,"Foi muito bom comprar nesta loja, o produto chegou com 5dias úteis.",1.0,1,positivo
15930,Tive um problema mas pelo visto foi com os correios que entregou o produto em duas etapas!,1.0,1,positivo
99850,Recebi tudo certinho.,1.0,1,positivo
53190,Super recomendo o aplicativo lannister.com,1.0,1,positivo
44181,Gostei muito,1.0,1,positivo
6797,Bom recomendo,1.0,1,positivo
54804,"Entrega rápida, muito antes do prazo. Produto bem embalado. Recomendo a loja.",1.0,1,positivo
44503,Otimo,1.0,1,positivo
23486,a descrição do produto é tal qual o site indica.,1.0,1,positivo
99828,Muito bom.Produto entregue dentro do prazo e corretamente,1.0,1,positivo
47865,Eu gostei é bom produto qualidade boa.,1.0,1,positivo
34814,"Ótima loja, entrega antes da data prevista, excelente produto",1.0,1,positivo
2073,Ok,1.0,1,positivo
26086,Recomendado,1.0,1,positivo
95918,Produto de boa qualidade. Entrega antes do prazo.,1.0,1,positivo
89022,"Já comprei muito no site da lannister.com, mas de repente o frete ficou muito mais alto dos demais concorrentes. Ex: comprei 02 fogões no Extra, por conta do frete da lannister está maior.",1.0,0,negativo
72616,É uma ótima loja para compra vocês estão de parabéns,1.0,1,positivo
87663,"estou com problemas em dois toners, nao funciona",0.0,0,negativo
77749,"Amei, realmente condiz com a propaganda... Perfeito",1.0,1,positivo
77209,Não é a primeira vez que compro sempre é entregue antes do prazo muito bom.,1.0,1,positivo
44636,Entregue antes do prazo.....Muito bem.,1.0,1,positivo
17328,obrigado vou recomendar mais pessoas material de primeiraparabens.,0.0,0,negativo
73441,Espero que seja sempre assim rápido e produto perfeito.,1.0,1,positivo
91843,"ainda não tive tempo de avaliar o produto em si, uma vez que chegou ontem. Mas a loja é sempre minha primeira opção.",1.0,1,positivo
89432,PRODUTO ENTREGUE COM 10 DIAS DE ANTECEDÊNCIA AO PROMETIDO . ESTOU MUITO SATISFEITO COM A QUALIDADE DO PRODUTO,1.0,1,positivo
7710,Recomendo a loja chegou antes do prazo,1.0,1,positivo
27741,Gostei muito da loja recomendo.,1.0,1,positivo
16530,bom,1.0,1,positivo
68545,Entrega antes do prazo previsto. Produto correto.,1.0,1,positivo
6339,As ferramentas do aplicativo não são eficases. Solicitei o concelamento de uma compra antes da nota fiscal ser emitida a solicitacao foi aceita porém não foi efetivada. O produto chegou .,0.0,0,negativo
50345,Escorredor lindo!!! A entrega foi feita antes do prazo!!!,1.0,1,positivo
52507,Produto chegou antes do prazo!,1.0,1,positivo
53305,Na nota veio 2 unidades recebi 1uma apenas,0.0,0,negativo
19236,"Complicado de dar até opinião, pra começar caixa avariada, produto totalmente diferente do que comprei, total decepção!!!!!",0.0,0,negativo
88075,.,1.0,0,negativo
39412,Comprei o relógio no dia 19/06 é o mesmo foi entregue no dia 21/06. Extremamente rapido!!,1.0,0,negativo
55114,Esperava mais do produto. Muito duro o puxador da mala e a lancheira veio vazia. Esperava ao menos um squeezi e um potinho. Não valeu a pena pelo preço. Produto deixou a desejar.,0.0,0,negativo
793,Gostei de ter comprado nesta loja. Atendimento perfeito.,1.0,1,positivo
29312,Chegou corretamente e antes do prazo!,1.0,1,positivo
48117,produto além da expectativa!!!!!!!!,1.0,1,positivo
73481,AINDA NÃO RECEBI O PRODUTO,1.0,0,negativo
31677,"Ainda não testei todas as funcionalidades do produto, mas aparentemente tudo está de acordo, vou testar e posteriormente concluo.  O relógio foi entregue em tempo recorde.",1.0,1,positivo
88847,Produto entregue na metade do prazo contratado.,1.0,0,negativo
4918,nota 10,1.0,1,positivo
95034,Produto de excelente qualidade e entrega bem antes do prazo estipulado.,1.0,1,positivo
14553,"Entrega rápida, produto com ótimo funcionamento.",1.0,1,positivo
24991,"Verifiquei informação que houve imprevisto na entrega e nos Correios consta que o endereço está incorreto, porém, o endereço está correto: R. Professor Pimenta da Veiga, 955 - ap201/CEP31.170-190",0.0,0,negativo
48970,Muito bom,1.0,1,positivo
62063,"O produto atende realmente o que mosta, bom acabamento, entregue antes do tempo.",1.0,1,positivo
39138,"Surpreendi-me com o produto. Achei que seria bem mais frágil, todavia tem desempenhado muito bem a função. Compraria outro.",1.0,1,positivo
82878,"Recebi ate agora só um item, e são dois...",0.0,0,negativo
54819,Produto entregue conforme o descrito e no prazo previsto!! Muito bom!!!,1.0,1,positivo
4338,"E a segunda vez que pago frete é mandam eu ir retirar nos correios ,eo frete serve p quê?",0.0,0,negativo
78814,"a entrega dos produtos e muito rapido ,mais dessa vez nao recebi meu produto,fico nos correios ,ai volto para a trasportadora",1.0,0,negativo
73000,"Produto entregue conforme comprado, dentro do prazo, até antes. Recomendo, com certeza",1.0,1,positivo
85584,"compra certa, recomendo a loja",1.0,1,positivo
19117,"Ficamos muito satisfeito com o profissionalismo de voces, obrigado.",1.0,1,positivo
10074,recomendo,1.0,1,positivo
1646,Bom,1.0,1,positivo
75069,Bonito ficou ótimo em minha mesa de jantar.Entrega no prazo eu recomendo.,1.0,1,positivo
90752,Meu produto não foi entregue como eu vou fazer agora,0.0,0,negativo
96570,Já fiz várias compras. excelentes produtos e preços bastante acessíveis.,1.0,1,positivo
89967,FICO MUITO FELIZ E SATISFEITO EM COMPRAR NO APLICATIVO PELA INTERNET DA LOJAS lannister.,1.0,1,positivo
91279,O filtro chegou quebrado mas o vendedor foi muito atencioso e prontamente enviou outro. Recomendo a loja.,1.0,1,positivo
92294,PRODUTO CONFORME ANUNCIADO.,1.0,1,positivo
2104,"Recebi produto errado à uma semana. Aceitei mas o valor do produto entregue é menor. Pedi reembolso mas até agora nada, faz 9 dias já",0.0,0,negativo
36790,Produdo chegou antes do previsto. Nota 10.,1.0,1,positivo
40742,eu recomendo essa loja por ter pessoas de altismo comprometimento com os cliente e com produto de qualidade.,1.0,1,positivo
99633,"veio com manchas de gracha como se tivesse sido recondicionado e não veio com a trava de segurança.Embalado em folhas de jornal numa caixa,não é 100%. lannister.com fiscalizar mais. Espero um contato",0.0,0,negativo
11818,"Ótimo, bom material, funciona o fast charge sem fio quando usamos um adaptador próprio pra isso (a parte que liga na tomada precisa ter essa função). Prático p/levar na bolsa por ser pequeno e leve.",1.0,1,positivo
92421,Produto ainda não chegou,0.0,0,negativo
62555,"Nossa, excelente!!! Superaram minhas expectativas, vou fazer novas compras fim do mes!!! Nota 10",1.0,1,positivo
16096,Até hoje não recebi meu produto,0.0,0,negativo
13730,Loja muito boa,1.0,1,positivo
55613,Ainda não recebi o produto.,0.0,0,negativo
11873,"ótimo produto, entrega rápida,muito satisfeito",1.0,1,positivo
63303,Chegou em atraso devido a greve dos caminhoneiros. Mas tudo certo com meus produtos.,1.0,0,negativo
14212,"Muito bom chegou antes do prazo Muito satisfeito",1.0,1,positivo
28102,tudo ok,1.0,1,positivo
71488,"Cobrado duas caixas de lente, com a nota fiscal e chegou apenas uma das caixas , utilizo lentes de grau diferente . aconteceu erro na separação do produto e empresa não entrou em contato até o momento",0.0,0,negativo
76505,"Muito boa a calça, costura e cortes perfeitos",1.0,1,positivo
77074,Eu encomendei 3 e veio só 2 tô esperando.quando chegar tudo eu avalio de novo,0.0,0,negativo
35565,Nota 1000,1.0,0,negativo
95108,"O PRODUTO CONSTA COMO ENTREGUE NO DIA 16-08, MAS HOJE DIA 20-08, O PRODUTO AINDA NÃO FOI ENTREGUE.",0.0,0,negativo
57467,"Gostei do produto porém para colocar no XBOX ficou um pouco apertado devia ter pelos nos 1 centímetro de folga.",1.0,0,negativo
41309,atendimento ta otimo,1.0,0,negativo
90296,o Escorredor nao e de INOX esta enferrujando,0.0,0,negativo
79580,"Minha mae adorou, ficou otimo. Bom tecido, aprovado.",1.0,1,positivo
9531,Chegou bem antes do prazo.,1.0,1,positivo
13163,"Me deram o prazo de 26 dias, para entrega, e restando 4, me informam que não seria possível, a entrega de meu produto.. Simplesmente ridículo..",0.0,0,negativo
87020,Sim recomendo o produto foi enviado dentro do prazo.,1.0,1,positivo
42705,Deu tudo certo na compra,1.0,1,positivo
18291,Chegou antes da data isso um dia depois estou amando 😍😍,1.0,1,positivo
28734,"não consegue falar com o vendedor quando tem problemas, não tem numero de telefone para entrar em contato, um lixo",0.0,0,negativo
91573,"A data da entrega era dia 23/08, já estamos no dia 27/08 e não tenho nenhuma posição de porque o produto não foi entregue. Estou extremamente irritada e insatisfeita.",0.0,0,negativo
96097,produto recebido de acordo,1.0,1,positivo
93165,Achei que não receberia a tempo de mudar mas chegou a hora que menos esperei. a cadeira é linda,1.0,1,positivo
92768,"Produto entregue no prazo, exatamente como como diz no anúncio, recomendo....",1.0,1,positivo
60454,Produto de ótima qualidade,1.0,1,positivo
19495,Produto de exelente qualidade a encomenda chegou antes do previsto parabéns pela eficiência.,1.0,1,positivo
13834,"O correio alega não encontrar o endereço, devolve o produto que passa mais de um mês para chegar e a empresa simplesmente cancela sua compra.",0.0,0,negativo
6152,N recebi a mercadoria!!!,0.0,1,positivo
60576,produto chegou certinho no prazo,1.0,1,positivo
21057,"Já fiz varias solicitações de devolução, sem retorno. Aguardo.",0.0,0,negativo
24682,produto nao chegou,0.0,0,negativo
80636,"O produto foi entregue bem antes do prazo, com a embalagem correta e ainda veio um brinde ! Gostei muito.",1.0,1,positivo
27303,Não recebi o produto pois a loja não colocou meu sobrenome na identificação da entrega e o correios não entregaria para qualquer cristiane,0.0,0,negativo
24157,quero trocar e nao estou conseguindo a cinco dias,0.0,0,negativo
32243,Ótimo produto,1.0,1,positivo
52574,Bom produto,1.0,1,positivo
98547,"Fiquei satisfeito com o produto adquerido, atendeu a minha expectativa.",1.0,1,positivo
16332,Material chegou conforme especificação e antes do prazo de entrega.,1.0,1,positivo
77176,Produto entregue dentro do prazo.,1.0,1,positivo
50801,O produto chegou antes do prazo e isso me deixou muito feliz por se tratar de uma encomenda para criança. Super recomendo!,1.0,1,positivo
3928,Muito satisfeito.,1.0,1,positivo
8199,O produto não é o quê eu imaginava Quero devolvê-lo pequeno demais não consigo enxergar nada,0.0,0,negativo
18447,"uma loja muito seria o que vende,cumpre com prazo direitinho  otima",1.0,1,positivo
45062,fiz o pedido dia 23/12/2017 e o prazo final ficou até 31/01/2018 ! até ai tudo bem.. mas hoje é 02/02 e não recebi o produto... é a segunda vez que um pedido meu não chega não prazo.. decepcionada.,0.0,0,negativo
42847,a entrega foi bem rápida,1.0,1,positivo
81425,"A venda não se encerra no ato do pagamento. Após este momento não temos mais nenhum contato po parte da loja, é como se o cliente não existisse.",0.0,0,negativo
4450,Muito Boa podemos comprar a vontade que é confiável,1.0,1,positivo
31496,"Mais uma compra realizada e deu tudo certo, continuo a recomendar a loja com 100% de aceitação....Parabéns lannister.",1.0,1,positivo
55011,"todas compras feitas, eu recebo no prazo, ótimo atendimento.",1.0,1,positivo
2160,Produto enorme e confortavel.,1.0,1,positivo
4770,"produto mostrado com 3 itens , porém so entregaram 2 itens, portanto estou sevolvendo e pedindo ressarcimento de valor pago",0.0,0,negativo
56150,"Ola, não recebi meu produto e nem código de rastreio ou se foi postado.quero meu dinheiro de volta para comprar o produto.aguardo retorno",0.0,0,negativo
6406,Miuto bom está loja,1.0,1,positivo
70128,"Recomendaria a loja, porém o produto não recomendo para ninguém, é um relogio muito complicado.",0.0,0,negativo
5536,Não recebi o rpoduto em minha residencia.,0.0,0,negativo
43277,Chegou dentro do prazo,1.0,1,positivo
25598,Produto e entrega excelente,1.0,1,positivo
10496,estão de parabéns com a pontualidade de você,1.0,1,positivo
81591,Muito bom,1.0,1,positivo
30403,Nunca mais compro pelo parceiro targaryen nao tem padrao de qualidade falta respeito com o consumidor,0.0,0,negativo
73860,"produto muito bom, recomendo",1.0,1,positivo
59786,"Ótimo, chegou bem antes do previsto. Produto Excelente",1.0,1,positivo
59966,"Meu pedido recebi em duas vezes. Onde no começo até achei estranho, pois como comprei dois potes de Fertilizantes, e recebi os mesmos separados, ou seja em dois dias.Mesmo assim deu tudo certo.",1.0,1,positivo
23146,Recebi o produto. É de ótima qualidade. Só o cadeado que acompanha o produto que veio com defeito.,1.0,1,positivo
15949,"Prazo de 23 dias úteis... esperei um mês e nem a NF foi gerada. Optei pelo cancelamento da compra e devolução do dinheiro. Preferi comprar no ML, mais barato, frete grátis e recebi em 5 dias..",0.0,0,negativo
18563,Chegou antes do prazo... Produto excelente.,1.0,1,positivo
14667,Comprei um controle Sony Rm-yd047 e recebi um controle Kdl40 W-1004,0.0,0,negativo
52042,excelente serviço,1.0,1,positivo
75474,Ainda não recebi o livro!,0.0,0,negativo
73450,Só achei incoerente receber em 2 entregas. 2 itens do mesmo produto da mesma loja para o mesmo endereço. Incoerente pagar 2 fretes. Esse conceito precisa ser revisto.,1.0,0,negativo
47942,"Eu comprei um trilho de mesa colorido em algodão, foi-me enviado um trapo de plástico parecendo uma pista de avião. Jà reclamei ao stark e até agora não tive nenhum retorno.",0.0,0,negativo
45472,muito bom,1.0,1,positivo
6428,Acabamento ruim e estampa errada.,0.0,0,negativo
10750,muito bom chegou tudo direitinho. Obrigada!,1.0,1,positivo
52958,Prazo longo e ainda atraso na entrega. Até o momento não recebi o produto e não tenho uma satisfação do que realmente está havendo. Segundo correio o produto ainda não chegou ao destino.,0.0,0,negativo
9267,Boa compra,1.0,1,positivo
90848,recomendo,1.0,1,positivo
17839,"Meu problema foi com os correios. O carteiro esqueceu ou não conseguiu entregar no dia e lançou como entregue, porém entregou efetivamente só no dia seguinte. lannister e loja parceira tudo top.",1.0,0,negativo
40424,Protetor de baixa qualidade... faz barulho e esquenta... não recomendo!,0.0,0,negativo
51433,Ótima empresa e rapida,1.0,1,positivo
83125,"Produto top , veio no prazo",1.0,1,positivo
77891,"NAO GOSTEI DO PRODUTO, E PIOR QUE A LOJA NAO DÁ OPÇAO DE TROCA NO SITE, E NO CONTATO DAS lannister NAO TEM OPÇAO PRA FALAR...",0.0,0,negativo
23744,Ok,1.0,1,positivo
39468,Não recebi o produto nem retorno do questionamento sobre o mesmo...,0.0,0,negativo
2262,"Muito eficiente a entrega, com produto de qualidade.👍",1.0,1,positivo
24955,"Tem um bom aumento, mas ainda não é o que procuro pois, vc tem que ficar muito próximo, tem que quase encostar no objeto que observa.",1.0,0,negativo
62342,Ótimo produto,1.0,1,positivo
76645,amei o site da loja,1.0,1,positivo
67037,Ótimo vendedor e produto recomendo a todos do das lojas lannister 😄😄😄,1.0,1,positivo
34910,"O produto era o que esperava, a entrega foi rápida.",1.0,1,positivo
23450,io,1.0,0,negativo
73241,estou muito satisfeito com lannister,1.0,1,positivo
18071,poderia fechar mais rapido,1.0,0,negativo
80973,"Não recomendaria pois fiz minha compra, efetuei o pagamento e após alguns dias recebi um email que os parceiros não entregariam na minha região.",0.0,0,negativo
48075,recebi o produto correto dentro do prazo,1.0,1,positivo
35453,"Recebemos o produto no tempo combinado, e em perfeito estado.",1.0,1,positivo
18702,"gostei da compra, uniu a mercadoria com o valor",1.0,1,positivo
66420,demora excessiva na entregua,0.0,0,negativo
32947,"Ainda está no prazo, produto está incompleto",0.0,0,negativo
38383,Ótimo,1.0,1,positivo
28125,Comprei um produto e veio outro. Devolvi o produto.,0.0,0,negativo
95977,Produto bonito como na foto.,1.0,1,positivo
53882,chegou antes do prazo,1.0,1,positivo
25437,Otimo. Entregue bam antes do prazo contratado,1.0,1,positivo
65604,ótima,1.0,1,positivo
69984,"Produto entregue muito antes do prazo previsto, em perfeito estado, exatamente o que eu escolhi.",1.0,1,positivo
66853,bom,1.0,1,positivo
6910,Muito bom! Ajuda muito!,1.0,1,positivo
9921,Cumpriu o que se esperava.,1.0,1,positivo
9629,"o relógio é simplesmente lindíssimo! Não sei se é durável, entretando é maravilhoso o produto.",1.0,1,positivo
62016,"Recebido sem problemas, antes do prazo e conforme anunciado. Ainda não coloquei na esteira pra ver se está ok ou não, mas por enquanto está tudo certo.",1.0,1,positivo
52293,TUDO CERTO COMO SEMPRE DAS lannister.COM,1.0,0,negativo
84455,Não recebido,0.0,0,negativo
26899,"Até no momento ninguém entrou em contato sobre o produto, não consigo rastrear o mesmo!",0.0,0,negativo
16174,Comprei esse celular na targaryen.mas não é produto nacional e sim da china.quero o cancelamento aguardo o número de postagem é o estorno no cartão.targaryen nunca mais compro nada.,0.0,0,negativo
85472,"Boa tarde!  Recebi as outras duas calculadoras dois dias depois, tudo ok.  Obrigado.",1.0,1,positivo
66947,Produtos entregues no prazo!,1.0,1,positivo
21073,Passou do prazo e ainda não recebi o meu produto. Não recomendo,0.0,0,negativo
78151,"Recebi apenas 1 unidade solicitada, deveriam ser 2, inclusive foi cobrado e consta na nota fiscal. Estou tentando contato com a loja a 4 dias. Informam que vão me mandar por email o contato do fornece",0.0,0,negativo
75279,foi tudo normal beleza,1.0,1,positivo
69871,"Produto de exelente qualidade, entrega rápida.",1.0,1,positivo
38538,"Produto bom, mas com falhas de desenho, pois não cabem 60 (sessenta) garrafas normais de vinho. Tem espaço de altura menor em algumas partes.",1.0,0,negativo
81755,Recomendo tudo certo!?,1.0,1,positivo
71639,"Não temos um rastreamento eficiente e não sabemos porque não entregou , outras lojas que comprei sempre foi entregue antecipado , portanto não gostei é compro com vcs Diogo.",0.0,0,negativo
90822,"A entrega ocorreu dentro do previsto e o produto veio correto e sem defeitos, recomendo",1.0,1,positivo
44898,"Comprei 2 combos , com 12 unidades , num total de 24 caixas. Efetuei o pagamento de 633,00 à vista. Compreendi que devido à greve , ocorressem atrasos, mas infelizmente chegou um combo com 11 caixas.",0.0,0,negativo
68055,"Entregaram antes do prazo, o produto veio bem embalado e era conforme a descrição do site.  Muito bonito e funciona bem.",1.0,1,positivo
68731,perfeito,1.0,1,positivo
70909,"Produto com ótimo acabamento, encaixe correto e preço acessível. Fiquei muito satisfeito, recomendo!",1.0,1,positivo
79144,Produto veio ate antes do prazo. Chegou certinho,1.0,1,positivo
77589,Recomendo,1.0,1,positivo
22976,"no anuncio um aparelho original TCL, o que eu recebi é SKY, funciona mas não é o que estava no anuncio.",0.0,0,negativo
86397,Produto recebido de acordo com o anuncio.,1.0,1,positivo
78305,"Só achei a película um pouco pequena em relação ao tamanho da tela, na largura. Se tivesse 2mm a mais acho que ficaria melhor.",1.0,0,negativo
92081,"Eu até o momento não recebi o meu produto, e o status da compra esta como produto entregue e agora quero saber como proceder.",0.0,0,negativo
39811,"A entrega foi rápida porém foi a maior decepção por conta do tamanho do produto é muito pequeno, pra um bebê de nove meses daria certo mas pra um criança de 3 anos é pequeno demais.",0.0,0,negativo
64158,"Adorei  Chegou em 2 dias",1.0,1,positivo
25905,Nota 1000...,1.0,0,negativo
2009,"Produto de excelente qualidade, vendedores responsáveis, entrega no prazo... Super satisfeita.",1.0,1,positivo
63099,Produto estava na minha casa em menos de 1 semana.,1.0,1,positivo
36848,Excelente amei,1.0,1,positivo
62550,.Hoje dia 19/07/2017 até o momento não recebi meus produtos que estava previsto entregar até 14/07,0.0,0,negativo
68237,O lençol veio com um furo!,0.0,0,negativo
66680,"Aguardo a entrega do que comprei, no dia 10/02/2018. Ate agora, nada de produto. Estou aguardando todo esse tempo, somente pelo atendimento da Joyce do baratheon. Aguardo ate 27 Março",0.0,0,negativo
94463,Muito boa mais eu esperava mais,1.0,0,negativo
62427,"O produto é muito bom e a entrega foi rápida,eu recomendo.",1.0,1,positivo
70687,"O produto chegou antes da data prevista e muito bem embalado. Porém, veio na cor errada. Quando fiz o pedido, solicitei o modelo de cor preta e veio o modelo de cor branca.",1.0,0,negativo
86838,produto entregue conforme o prometido,1.0,1,positivo
55387,Muito bom comprar por lannister,1.0,1,positivo
23665,tudo foi entregue,1.0,1,positivo
58783,Tudo perfeito.Recomendo.,1.0,1,positivo
52558,Bom,1.0,1,positivo
65676,Fiquei esperando muito tempo pelo produto ja houve o débito e até agora não recebi. Total descaso. Fiquei decepcionada,0.0,0,negativo
54195,boa,1.0,1,positivo
8750,"Ainda não usei o produto, mas em relação à entrega, chegou muito antes do esperado.",1.0,1,positivo
15337,"Produto ótimo, chegou bem antes do prazo, com data de validade de 4 anos, e o valor foi bem mais em conta do que em lojas físicas.",1.0,1,positivo
61300,MUITO BOM,1.0,1,positivo
89831,"mandei uma mensagem, para tentar resolver o problema e ate o momento não tive nenhum retorno",0.0,0,negativo
48371,So não gostei pois comprei outros produtos juntos e o frete ficou gratis so que depois veio cobrando no cartão de credito o frete.,1.0,0,negativo
41000,Como sempre o baratheon entrega antes do prazo. Mto bom. Parabéns.,1.0,1,positivo
82132,Produto entregue antes da data e em perfeito estado.,1.0,1,positivo
38062,Perfeito,1.0,1,positivo
39101,Bem rápido e tudo ok,1.0,1,positivo
26398,Rápida entrega,1.0,1,positivo
86225,profissionalismo total lannister.com,1.0,1,positivo
39576,"Comprei dois produtos, o primeiro chegou certinho e o segundo, devido a greve dos caminhoneiros ainda não chegou.",1.0,0,negativo
85779,Prestam um Ótimo trabalho. Muito eficientes.,1.0,1,positivo
65394,"ótimo produto, bom acabamento. Para quem está começando nesse estudo sobre o universo, principalmente estudantes é uma ótima ferramenta. Tenho feito vários estudos com o auxilio do telescópio.",1.0,1,positivo
2461,Produto recomendável,1.0,1,positivo
77587,"O produto foi entregue no prazo, porém no segundo dia parou de funcionar, tive que optar pela devolução.",0.0,0,negativo
97836,O esperado. Obrigado!,1.0,1,positivo
61167,Tudo ok!,1.0,1,positivo
72543,Entrega super rápida e produto de ótima qualidade.,1.0,1,positivo
91676,excelente produto.,1.0,1,positivo
97823,Inox e inox escovado.,1.0,0,negativo
4510,"Produto de ótima qualidade, adorei sem falar que fiz o pedido em um dia e já chegou no outro !!!! Super recomendo😊",1.0,1,positivo
35145,lannister é top.,1.0,1,positivo
48260,"Ainda não emitiu nota fiscal do produto, produto pago em 25/10/2017 - Hoje: 13/11/2017.",0.0,0,negativo
96673,Confiável e super indico,1.0,1,positivo
57607,"Entregue antes do prazo prometido, preço bom. Agora é utilizar o produto.",1.0,1,positivo
62541,"Pedido realizado dia 04/01, e até hoje dia 31/01, o pedidk está aguardando nota fiscal e não foi entregue.",0.0,0,negativo
94168,Levou 15 dias pra chegar .. chegou tudo certo nada quebrado.,1.0,1,positivo
85203,tudo muito bem planejado !! Estou muito satisfeita.,1.0,0,negativo
71651,foi tudo certo mais o radio nao funciona e muito ruim quero que me devolvam e deixe de credito,1.0,0,negativo
9323,Chegou certo e antes do praxi,1.0,1,positivo
95612,Entendo que voces deveriam informar que os produtos serao entregues em varias remessas quando se trata de mais de um objeto.,1.0,1,positivo
51747,Eficiente do pedido a entrega,1.0,1,positivo
70865,"estou feliz em comprar nas lojas lannister, sinto segurança.",1.0,1,positivo
80602,Entrega rápida e o produto é de qualidade,1.0,1,positivo
64107,"Capa e película atenderam expectativa, gostaria que todos os parceiros fossem assim!",1.0,1,positivo
73968,Eu gosto muito da qualidade dos produtos e a entrega é sempre bem antes do previsto,1.0,1,positivo
19750,"Ainda não entregaram o produto (data máxima de entrega já esgotou). Espero que mesmo com atraso eu receba o produto. Não houve nenhuma informação por email ou telefone, o porque da não entrega.",0.0,0,negativo
15545,Produto entregue muito antes do prazo e com a qualidade esperada,1.0,1,positivo
6932,Foi ótimo chegou antes do prazo,1.0,1,positivo
25664,Não recebi até agora o produto.J Á MANDEI DOIS EMAILS SOLICITANDO INFORMAÇÃO E NÃO ME RESPOSDERAM NADA.,0.0,0,negativo
82904,Produto ótimo. Entrega rapida.,1.0,1,positivo
3223,"Comprei um tapete de 2X2.5 e recebi um de 2X1.5. Nas lannister não há a opcao de troca do produto errado, só ressarcir no cartão ou trocar por vale. No site havia ainda anúncio do que comprei.",0.0,0,negativo
76732,"É BONITA, SÓ PRECISA PRESTAR ATENÇÃO NAS MEDIDAS NA FOTO APARENTA SER GRANDE",1.0,1,positivo
19713,Produto de otima qualidade e muito bonita. Parabens. Chegou um mes antes do prazo.,1.0,1,positivo
40939,"Olá, o produto chegou na data combinada, e veio certinho.",1.0,1,positivo
22505,Rápido demais chegou ja usamos é bom o produto parabéns,1.0,1,positivo
52399,Entrega rapida e eficiente,1.0,1,positivo
46881,O modelo entregue não foi compatível ao Cruize LT,0.0,0,negativo
20449,Otima,1.0,1,positivo
13390,"Não recebi nem ao menos, nenhuma notificação do destino do produto... É uma falta de respeito com o cliente.",0.0,0,negativo
53225,Adorei super recomendo,1.0,1,positivo
82381,Todas as etapas da compra ocorreram dentro do esperado.,1.0,1,positivo
41805,Excelente. Entrega antes do prazo.,1.0,1,positivo
12632,.,1.0,0,negativo
30192,otima,1.0,1,positivo
49239,"Entendo que pode haver um lapso na hora da remessa, pois o produto veio na cor errada. Entretanto prefiro aguardar as providências para uma avaliação, pelo critério de comprometimento com o cliente.",0.0,1,positivo
45214,"Não chegou o produto. Estou morando na rua santa barbara, nº 156, bairro Flor de Napoles, sao josé/sc, CEP. 88.106-480",0.0,0,negativo
98127,foi entregue um dos produtos. o outro não foi entregue.,0.0,0,negativo
24121,Chegou conforme combinado.,1.0,1,positivo
25052,"Muito bom, entrega super rapida. Recomendo.",1.0,1,positivo
6036,gostei muito,1.0,1,positivo
21207,Loja entregou no prazo e me deixou informado desde a data da compra,1.0,1,positivo
49705,Gostaria de fazer a devolução do produto. Já entrei no site solicitando o cancelamento mas já se passaram 48 horas e ainda não obtive resposta de como devo proceder.,1.0,0,negativo
77978,Produtos bom recomendo,1.0,1,positivo
38113,Só gostaria de ter a certeza que o produto é original.....senti falta do selo da importadora e selo holográfico.....além da fixacao.....péssima....,1.0,0,negativo
41504,Ainda não instalei. Mas tanto a cuba quanto a torneira são lindas. Vieram no prazo e muito bem embaladas.,1.0,1,positivo
33339,Produto entregue no prazo,1.0,1,positivo
86392,"Não gostei da falta de comunicação, via email, da lannister, nem das informações nos rastreamento da transportadora, não batem... Já fiz meu pedido de ressarcimento por telefone. Esperando...",0.0,0,negativo
94204,tudo como encomendado,1.0,1,positivo
68722,Gostei muito,1.0,1,positivo
23119,"Ótimo... Prático e rápido, tanto para compra quanto para o recebimento... Amei!!!",1.0,1,positivo
37440,Estraga rápida produto bom adorei excelente,1.0,1,positivo
73024,O prazo 06/04/2018 ontem 23/03/2018 o produto me foi entregue ás 15:00 quase 13 dias de antecipação do prazo. Tudo normal com o produto dentro da minha expectativa. Nota 10 para o vendedor.,1.0,1,positivo
59650,"O produto não é original, liguei para a EPSON e pelas características foi comprovado que não é verdadeiro, falsificação para enganar o consumidor.",0.0,0,negativo
50004,"Entrega rápida Tudo perfeito Nota 10 👍",1.0,1,positivo
25896,"Odorei o produto, obg",1.0,0,negativo
84844,Chegou bem antes do prazo,1.0,1,positivo
12988,Sim,1.0,1,positivo
11527,"Entregue no combinado, boa qualidade, recomendo.",1.0,1,positivo
54136,Recebi produto de outro cliente totalmente diferente do que comprei...trocaram meu pedido....,0.0,0,negativo
383,"Dos dois produtos comprados, foi entregue apenas um!",0.0,0,negativo
12049,Recomendo,1.0,1,positivo
10462,Excelente produto,1.0,1,positivo
31199,Produto em perfeitas condições e recomendo,1.0,1,positivo
97900,de qualidade,1.0,0,negativo
4619,Parabéns,1.0,1,positivo
81983,Produto chegou quebrado. E não consigo realizar a troca pelo site.,0.0,0,negativo
40005,"No rastreio fala que foi entregue, porém não recebi nada. Quero meu produto.",0.0,0,negativo
76624,"Recebi 12 dias antes do prazo, e muito bem empacotado.",1.0,1,positivo
22558,demora na entrega (ainda nao chegou fora do prazo),0.0,0,negativo
16524,Recebi como prometido,1.0,1,positivo
97103,Bolsas lindas eu amei e a entrega em dia.Eu recomendo para quem não quer bolsas muito grande.,1.0,1,positivo
88630,"Dentro do prazo, bem embalado, produto correto",1.0,1,positivo
31573,recomendo,1.0,1,positivo
11786,Loja recomendada. Produto de péssima qualidade.,0.0,0,negativo
85889,Tive um problema no endereço que foi destinado a entrega do equipamento e o tempo de resposta do vendedor é extremamente lento. Estou a 7 dias aguardando um posicionamento do mesmo sobre o reenvio do,0.0,0,negativo
75461,"no prazo, produto correto, recomendo",1.0,1,positivo
20771,"O pedido consta de 2 produtos e até agora recebi apenas 1 produto, e o que me preocupa é que o status aparece como entregue. Solicito providências",0.0,0,negativo
86261,"Não foi o produto que comprei pelas lannister, recebi duas extensões de cabo HDI.",0.0,0,negativo
3200,Vcs deveriam mandar o manual em português recomendo.,1.0,0,negativo
90070,"Ainda vou avaliar se realmente é original da Peugeot conforme anunciado.  Att.",1.0,0,negativo
92939,"É menor do que eu esperava, mas é bem bonitinho, deixou o banheiro mais apresentável. Compraria novamente.",1.0,1,positivo
60383,Entregue na data prevista.,0.0,1,positivo
48444,"recebi no prazo estipulado, quanto ao produto ainda não tive a oportunidade de usar, para externar minha avaliação.",1.0,1,positivo
18250,"Falta de compromisso em todos os sentidos, que não pode ocorrer numa venda.",0.0,0,negativo
93338,"Otimo produto. Como esperava.",1.0,1,positivo
79559,Ótimo produto excelente site,1.0,1,positivo
92264,Ok,1.0,1,positivo
46035,Ótima loja e Produto de ótima qualidade!!Recomendo!!,1.0,1,positivo
75028,"Lojista entregou produto no Prazo.  Quanto à fragrância em si, é semelhante ao Dolce Gabbana original, diferente apenas em algumas notas. Fragrância tradicionalmente masculina.",1.0,1,positivo
28732,"Encomendei 3 Toners, não recebi o 12 A, Recebi o 36 A( este ok), dos 3 toners 83A, só recebi um, péssimo isso!!!!!",0.0,0,negativo
57374,Ótimo produto,1.0,1,positivo
99022,"PRODUTO FOI ENTREGUE COM DEFEITO, FIZEMOS RECLAMAÇÃO 5 MINUTOS APOS RECEBERMOS, RECLAMAMOS NO lannister.COM E NO PARECEIRO - WORD TONEER DA lannister. 72 HORAS APOS, NENHUMA SOLUÇÃO",0.0,0,negativo
89076,Ótima qualidade,1.0,1,positivo
17725,"Amo comprar no stark, os produtos são de qualidade e sempre chega antes do prazo.",1.0,1,positivo
22675,Recomendo,1.0,1,positivo
77340,"Recebi o produto avariado, quero fazer devolução, estou entrando em contato e ninguém resolve nada.",0.0,0,negativo
23153,"Chegou antes do praço, nada a reclamar.",1.0,1,positivo
34353,"Vendedor confiável, entrega antes do prazo estipulado no anúncio e produto conforme anunciado. Recomendo a todos.",1.0,1,positivo
42281,"Comprei 02 unidades desta luminária e foi entregue somente 01 até o momento, mais o statos da entrega fala que ja foi entregue, está e minha primeira postagem. informando o fato. Decepção total.",0.0,0,negativo
56168,"Recomendo, pois são realmente responsáveis e cumprem com a entrega a seus clientes até mesmo ante do prazo.",1.0,1,positivo
16764,"Vieram certinhas, as peças, tudo devidamente muito bem embaladas! Vcs estão de parabéns!!!",1.0,1,positivo
67115,"A compra foi entregue com 18 dias de antecedência, muito bom comprar pelo site da lannister",1.0,1,positivo
21483,"Comprei duas cadeiras, Nota Fiscal faturada as duas, já estou pagamento via Cartão de Crédito as duas e recebi tão somente uma. Já realizei reclamação junto ao baratheon e a Elo e até agora nada.",0.0,0,negativo
86667,Cabo muito bom,1.0,1,positivo
83952,Na imagem o produto tinha uma aparência mais bonita,1.0,1,positivo
38054,"Loja séria com seus compromissos, entrega rápida. Excelente loja para se comprar.",1.0,1,positivo
19946,Não respeitou o prazo da entrega,0.0,0,negativo
73627,"Demora pra envio e ainda não chegou, problema pra despachar e tbm pra envio da parte dos correios",0.0,0,negativo
94855,Bom,1.0,1,positivo
49735,"Apesar da barra não ser muito grande como a outra arara que tenho, o produto é muito bom, aguenta bastante peso, é fácil de montar e atendeu as minhas necessidades",1.0,1,positivo
94127,bom.,1.0,1,positivo
61275,e a segunda vez que eu compro nessa loja estou muito sastifeto otima loja,1.0,1,positivo
82121,"Não recomendo a targaryen e não confio mais na lannister. Dia 24-01-2018 fiz uma compra com pedido número 02-660437435, o qual constam 3 produtos, e um não foi entregue, e ninguém me dá uma satisfação.",0.0,0,negativo
97730,Muito bom,1.0,1,positivo
51199,Produto entregue antes do prazo.. Super recomendo,1.0,1,positivo
28490,Excelente produto funcionou direitinho.,1.0,1,positivo
28232,"Muito obrigado, o produto chegou bem embalado e em ótimo estado.",1.0,1,positivo
57437,Ainda não tenho nem uma opinião específico só achei bem pouquinho o conteúdo mais de certa forma eu já sabia.,1.0,0,negativo
74444,Recomendo a loja! O produto veio super bem protegido para não quebrar! E a entrega foi rápida! Aprovei!,1.0,1,positivo
53542,"PRODUTOS EXCELENTE, OTIMO PERFUME, FIXADOR FANTASTICO. cHEGOU SUPER RAPIDO",1.0,1,positivo
50867,"Produto excelente, TOP - Vale muitoooo a pena",1.0,1,positivo
4956,Muito bom atendimento e cumpre prazo de entrega,1.0,1,positivo
60532,"Nota mil, tudo perfeito.",1.0,1,positivo
48555,Qualidade ótima e super no prazo.,1.0,1,positivo
47734,"Produto de boa qualidade, chegou antes do previsto, bem embalado e bem identificado.",1.0,1,positivo
94578,Parabéns pela eficácia da entrega e a qualidade do produto.,1.0,1,positivo
70699,Foi muito bom,1.0,1,positivo
20595,O que seria mais fácil seria fazer uma nota só para os produtos qdo vc fecha um pedido sem ter terminar as compras e ruim .Deveria qdo vc coloca a compra no carrinho haver tendo retorno mais facilita,1.0,0,negativo
21686,"A Entrega foi rápida, gostei muito do produto. Recomendo essa loja",1.0,1,positivo
20463,a loja não me da oportunidade de estar falando diretamente com o atendimento fica muito difícil resolver as coisas dessa forma com a empresa,0.0,0,negativo
12719,Tudo ok com a entrega e com qualidade do produto também,1.0,1,positivo
37094,Ótimo produto !,1.0,1,positivo
38047,Ótimo muito bom gostei da atenção e do produto também,1.0,1,positivo
36647,Deram um prazo ate 21/02 e ate agora nada.,0.0,0,negativo
82449,Chegou em simplesmente 8 dias. Parabéns!,1.0,1,positivo
56498,"Sempre tive um certo receio de fazer compras pela Internet, resolvi comprar por insistência dos filhos e graças a Deus nunca tive problemas os produtos que comprei no stark sempre foram entregue",1.0,1,positivo
43547,Loja ótima preço bom dia bom entregou certinho porteiro entregou bonito,1.0,0,negativo
71161,Satisfatório,1.0,1,positivo
19456,Adoro comprar na lannister.com. Nunca tive problema com as compras.,1.0,1,positivo
70745,Amei chegou bem antes do prazo..super recomendo,1.0,1,positivo
82078,"Bom dia, Eu me arrependi dessa compra e gostaria de devolver. COmo eu faço?",1.0,0,negativo
45231,"A aminha esposa amou o produto  Super recomendo Entregou antes do prazo😍",1.0,1,positivo
27592,Tudo certo !,1.0,1,positivo
25154,Muito bom o stark super indico,1.0,1,positivo
17051,Meu pedido foi depositado dia 27/11 e já é dia 28/11 e não o recebi. Nem mesmo uma explicação pela demora na entrega. Ainda estou aguardando.,0.0,0,negativo
30715,Esse site é maravilhoso. Eu recomendo,1.0,1,positivo
46806,O produto chegou bem embalado e antes do prazo!! Recomendo!!!,1.0,1,positivo
95601,Excelente produto e com suporte. De pós venda maravilhoso,1.0,1,positivo
11143,"Produto OK, entregue no prazo estabelecido",1.0,1,positivo
72088,Produto entregue antes do prazo determinado. Recomendo,1.0,1,positivo
40048,"Produto correto! É uma graça.. pequeno, veio com capa e bem embalado!",1.0,1,positivo
34418,Produto não chegou até agora.,0.0,0,negativo
23515,"O produto foi entregue antes do combinado ainda, veio tudo certo eu recomendo.",1.0,1,positivo
36405,"Recebi o produto, ótima qualidade e entrega no prazo. Recomendo o fornecedor.  Antonio Jair",1.0,1,positivo
35157,"A mala chegou certinha até antes da data veio em uma caixa não tinha riscos, só achei a alça muito fraca para a estrutura da mala, mas gostei muito recomendo.",1.0,1,positivo
92900,Muito bom,1.0,1,positivo
55805,Chegou bem antes do tempo e em otimas condicoes,1.0,1,positivo
11266,Gostei,1.0,1,positivo
58220,Tentei alterar o endereço de entrega e não consegui. Mas de resto deu tudo certo.,1.0,0,negativo
69469,"O produto tinha data prevista para o dia 30/04 até agora não foi recebido e nenhuma ligação da responsável pela entrega. Nenhum email, nada. Estou no aguardo! Ainda tenho esperanças de receber.",0.0,0,negativo
78912,Comprei duas luminárias e só veio uma.,0.0,0,negativo
54640,"ENTREGA RAPIDA, PRODUTO ATENDE EXPECTATIVA, SATISFEITO COM A COMPRA.",1.0,1,positivo
75957,Estou aguardando uma solução,0.0,0,negativo
61679,entrega rápida ...são lindas amei .,1.0,1,positivo
60888,"Baixíssima qualidade! Um varal caríssimo e extremamente frágil! Duas pecinhas de encaixe já quebraram, impossibilitando fechar o varal! Decepcionada!",0.0,0,negativo
78078,L,1.0,0,negativo
15635,"Produto chegou antes do prazo corretamente, além de ser o melhor custo-benefício.",1.0,1,positivo
64673,Não sei por que ainda não recebi minha mercadoria...,0.0,0,negativo
41367,Comprei 2 puffs e um chromebook. A entrega foi incompleta. Os puffs nao foram entregues. Tento telefonar para reclamar e nenhum dos telefones consigo falar com um atendente. Lastimável.,0.0,0,negativo
42527,"Apenas uma sugestão: poderia ter um aviso por e-mail antes da entrega, pois como chegou antes do prazo, corre-se o risco de não ter ninguém no endereço para receber.",1.0,0,negativo
22337,"nao posso avaliar o produto nao foi entregue preciso de uma posiçao",0.0,0,negativo
69010,Gostei Obrigado,1.0,1,positivo
79414,"produto bom, leve, forte. Facil utilização.entrega super rápida",1.0,1,positivo
18186,Amei lindo recomendo sim,1.0,1,positivo
19844,Amei o produto e o processo da entrega .Minha filha amou e ficou surpresa com o prazo pois chegou antes,1.0,1,positivo
49227,Ótimo,1.0,1,positivo
47343,Adorei,1.0,1,positivo
38247,Atendeu plenamente minhas expectativas.,1.0,1,positivo
88679,Muito bom.,1.0,1,positivo
91437,"Produto chegou bem antes do prazo, gostei muito.",1.0,1,positivo
34770,"produto chegou certinho,antes da data prometida,excelente!!!",1.0,1,positivo
31211,"Recebi o produto errado. Comprei um Soprador para Pet e recebi um bebedouro para Pet com a NF em nome de outra pessoa",0.0,0,negativo
95089,Produto conforme foto. Gostei.,1.0,1,positivo
48548,Bom,1.0,1,positivo
35988,"Comprei dois unidades do produto, no entanto na embalagem que foi entregue no meu endereço só tem apenas um e na nota fiscal confirma que foi pago 2 como solicitado e efetuado no pedido, quero a soluc",0.0,0,negativo
61906,"Eu recomendo está loja, pela eficiência na entrega",1.0,1,positivo
22832,Tudo de primeira.,1.0,1,positivo
75390,Muito bom. Entrega rápida.,1.0,1,positivo
75454,Demorou muito pra chegar.,1.0,0,negativo
28410,"Muito bom desde a compra, entrega, feedback muito bom. Agradecido",1.0,1,positivo
15970,Adorei a rapidez e a qualidade do produto,1.0,1,positivo
12850,"eu comprei 3 produtos, ate agora chegou 1, foi antes do esperado, em otimo estado, recomendaria com certeza.",1.0,1,positivo
15539,Eu comprei a bateria interna para samsung Galaxy A5. O produto que eu recebi não foi o que eu comprei.,0.0,0,negativo
65887,tudo ok baratheon show de bola,1.0,1,positivo
90544,"Fiquei ate surpreso me enviaram um brinde, gostei mesmo foi minha primeira compra na loja, farei novas.",1.0,1,positivo
97867,Sempre satisfeita com tudo que peço por aqui.obrigada,1.0,1,positivo
65657,Muito rápido a entrega recomendo.,1.0,1,positivo
95915,"O produto chegou beeeeemmmm antes do prazo combinado. Muito bom, estou super satisfeita!!!",1.0,1,positivo
68827,Comprei uma curtina q veio toda torta na costura da parte de baixo fiquei muito chatiada.,0.0,0,negativo
28978,produto bem satisfatório muito bonito,1.0,1,positivo
42441,recebi corretamente.,1.0,1,positivo
5456,"Gostaria de saber o motivo pelo qual não recebi ainda, a possibilidade de entregar ou faço o cancelamento do pagamento ?",0.0,0,negativo
88765,Muito bom,1.0,1,positivo
98981,Entrega rápida e produto chegou de acordo.,1.0,1,positivo
42000,"Entrega no prazo, ótimo acabamento, apaixonada pelo produto! Recomendo!",1.0,1,positivo
66079,Produto conforme o anúncio é entrega muito rápida.,1.0,1,positivo
243,produto deu defeito na 1 vez de uso.,0.0,0,negativo
57320,produto chegou em ordem e no prazo,1.0,1,positivo
42068,"Entrega rápida, ótimo preço loja muito boa.",1.0,1,positivo
95248,Não fiz uso do produto ainda....,1.0,0,negativo
73591,foi entregue no prazo tudo correto recomendo,1.0,1,positivo
45208,The end,1.0,0,negativo
4347,Chegou rápido!,1.0,1,positivo
77031,Gostei muito,1.0,1,positivo
42911,Adoro comprar nas lannister,1.0,0,negativo
56401,"Empresa não da nenhuma satisfação. Estava contando com a compra, muita insatisfação.",0.0,0,negativo
55113,"Não entregaram o produto certo e não querem entregar enquanto não devolvermos o errado  Não irei devolver enquanto nao receber o certo",0.0,0,negativo
11130,"Gostamos muito do produto,veio exatamente como consta no anuncio,chegou no prazo ,cor exata azul marinho,custo beneficio maravilhoso, excelente!!!!! Recomendamos simmmm😍😍😍",1.0,1,positivo
17422,Fiquei dececionada o produto É bem diferente na foto é lindos ao vivo é bem fajuto eu não compro mas esses produtos vou ir na loja perdeu uma cliente propaganda enganosa.,0.0,0,negativo
28411,"Comprei um tapete com o nome Tapete flash G borracha Pvc TVolkswagen voyage 2010, e ao receber o produto o mesmo não é compatível com o veiculo, verifiquei a nota e o nome esta, Tapete universal pvc",0.0,0,negativo
46234,"Chegou antes do prazo, tapete lindo e ótimo",1.0,1,positivo
17821,Chegou antes do prazo. É lindo. Um ótimo presente.,1.0,1,positivo
93678,A ENTREGA FOI FEITA NO PRAZO CORRETO,1.0,1,positivo
35736,Produto chegou antes do prazo e com ótima qualidade. Atendeu todas as minhas expectativas.,1.0,1,positivo
22860,Muito bom. Entregue antes do prazo.,1.0,1,positivo
10736,"Boa noite! Estou muito indignada pois comprei 2 cadeiras secretaria e só recebi até hj apenas uma! Sendo que na nota consta 2 unidades! Solicito providências urgentes !!!",0.0,0,negativo
36909,Produto não foi entregue na data do combinado.,0.0,0,negativo
14904,ÓTIMO!,1.0,1,positivo
8614,"Comprei para minha mãe, ela amou e chegou antes do prazo.",1.0,1,positivo
96518,Parabéns a lannister.com,1.0,1,positivo
43028,"O produto é excelente, conforme a descrição, tudo certo, amei. O que me impressionou foi a entrega, super rápida.",1.0,1,positivo
48564,"A fritadeira é maravilhosa e leve, muito boa só me arrependo por não ter comprado antes 😍",1.0,1,positivo
65577,"Lindos produtos, rápida entrega. Recomendo.",1.0,1,positivo
33570,"O produto, além de ser de ótima qualidade, foi entregue antes do tempo previsto.",1.0,1,positivo
34482,Super recomendo a loja chegou além do prazo previsto muito bom,1.0,1,positivo
83539,recebi muito antes do prazo tudo de bom..,1.0,1,positivo
1933,O produto chegou antes do prazo previsto,1.0,1,positivo
18491,Sem comentários.,0.0,0,negativo
82785,Amei??,1.0,0,negativo
25675,Só acho que a tarifa do correio está muito cara. Estou deixando de comprar devido ao frete. Recebi o que pedi no prazo.,1.0,0,negativo
47408,"a capa carteira preta /Moto C Plus, não chegou..já está no meu cartão de crédito a 1ª parcela....n° do pedido-03-497659752....meu endereço...R. PRESIDENTE BACKER..175/602..ICARAI-NITERÓI...CEP-24220-0",0.0,0,negativo
66971,Muy bueno,1.0,1,positivo
67516,EXCELENTE !!!!,1.0,1,positivo
81723,"Após longa espera, recebi produto errado (cor diferente), com marcas de manuseio (parecendo produto usado), embalagem sem lacre e amassada. Marketplace = juntos na venda, ausentes no problema.",0.0,0,negativo
27260,Produto nao foi entregue.,0.0,0,negativo
51661,produto melhor do que eu esperava,1.0,1,positivo
14109,bom,1.0,1,positivo
726,"Previsão de entrega até 18/10, recebi em 05/10, excelente.",1.0,1,positivo
86467,Super rapidi.... Recebi o produto com antecedência... Ainda estava prevista pra o mes que vem. Ótima qualidade,1.0,1,positivo
83370,Site super confiável.,1.0,1,positivo
45239,Òtimo produto e entrega muito rapida. Recomendo.,1.0,1,positivo
26185,foi muito bom,1.0,1,positivo
95051,Demorou demais não gostei,0.0,0,negativo
96212,lindo relogio feminino entrega rapida antes do przo estimado,1.0,1,positivo
36171,Produto entregue se problemas obrigado,1.0,1,positivo
143,"Gostei muito do jogo de banho.A estampa florida, o bordado, tudo muito bonito. Ótimo produto.",1.0,1,positivo
69339,exelente,1.0,1,positivo
27417,O produto foi entregue antes da expectativa.,1.0,1,positivo
73953,"Trocaram meu produto, me enviaram o produto de outra pessoa.",0.0,0,negativo
32363,"entrega rápida, produto como descrito na hora da compra, recomendo sem problemas",1.0,1,positivo
64155,recebi dentro da embalagem lacrada somente um produto e comprei dois produtos. Liguei para a central e disseram q iriam averiguar minha reclamação. Sempre compro em outros sites e nunca ocorreu isso.,0.0,0,negativo
19975,Super Recomendo..Um encanto :-),1.0,1,positivo
43008,Produto como o da foto e chegou super rápido!,1.0,1,positivo
27446,Os correios informou ontem dia 25 que o produto estava a cinco dias esperando retirada e foi devolvido dia 24/10 mas só recebi essa informação ontem,1.0,0,negativo
25530,"fácil de comprar, entrega rápida, posicionamento da compra correta. Excelente.",1.0,1,positivo
5755,Otimo produto,1.0,1,positivo
44366,Adorei as compras pelo site site confiável,1.0,1,positivo
24280,"Gostei, recebi a tes do prazo",1.0,1,positivo
28291,Muito bom,1.0,1,positivo
36343,Produto de excelente qualidade,1.0,1,positivo
4030,Gostei muito. Recomendo!Produto de qualidade e entrega rápida.,1.0,1,positivo
90835,Compra conforme propraganda.,1.0,1,positivo
78834,"Produto lindo, mais lindo que na foto, amei, chegou antes do prazo e em perfeito estado!!",1.0,1,positivo
1688,o produto e muito bom obrigada,1.0,1,positivo
16546,Cor errada,1.0,0,negativo
52077,o produto não tem nada a ver com a cor que eu pedi e ficou pequena no tanque da moto,0.0,0,negativo
85498,"Comprei e paguei por um produto que nao veio,a oferta era de um combo com 2 pacotes,comprei e paguei por 2 combos,ou seja 4 pacotes,e me enviaram apenas 2 pacotes.quando vou receber o restante????????",0.0,0,negativo
61033,recomendo a loj baratheon,1.0,1,positivo
76942,Produto real.,1.0,1,positivo
58173,Muito bom recebi antes do prazo foi espetacular,1.0,1,positivo
92425,"comprei na madrugada e chegou no mesmo dia, muita eficiencia.Merece 10 estrelas.",1.0,1,positivo
24558,"Produto de excelente qualidade, bonito. O atendimento foi muito bom, entrega dentro do prazo.",1.0,1,positivo
75363,"Livro muito bem embalado, tudo muito cuidadoso.",1.0,1,positivo
20558,"Melhor que esperava. Ótimo projetor  Excelente acabamento e ótima projeção. O produto entrega rápida,em 4dias exceto final de semana recebi em casa. Me encontro feliz e satisfeito pela compra.",1.0,1,positivo
35168,Somente um foi entregue,0.0,0,negativo
34044,"Muito boa em tudo , e produto chega bem antes do tempo previsto",1.0,1,positivo
42339,"Infelizmente a prestadora de serviços não tem capacidade de avaliar nem o tamanho de um capacete pedi um 61 veio um 58  Fiz a devolução perdi a vontade é o encanto pelo produto e pela loja",0.0,0,negativo
59371,Dentro do prazo e conforme as expectativas.,1.0,1,positivo
42933,"Recomendo super a compra de produtos pelo site de vocês! Recebi a encomenda antes mesmo do prazo que pediram, e isso é em todas compras que faço aqui.",1.0,1,positivo
82875,Parabéns!!!,1.0,1,positivo
17808,"produto como descrito, satisfeitíssima com a compra.",1.0,1,positivo
86781,"confuso, entrega errada, estou aguardando os produtos corretos.",0.0,0,negativo
70541,"Chegou muito antes do prazo que estipularam....adorei!!! Material bom!",1.0,1,positivo
15827,Bom,1.0,1,positivo
47918,Realmente o Produto foi entregue antes do Przo solicitado e com o Melhor Frete e Preço que pesquisei na Web. Recomendo.,1.0,1,positivo
79666,Gostei,1.0,1,positivo
63908,Material fraco,1.0,0,negativo
9971,"Infelizmente o arejador não é articulado e nem 3/4, pois não coube na torneira do tanque.  Quanto a mangueira, ainda não testei. Espero que de certo.",0.0,0,negativo
60209,"Recebi bem antes do prazo. Produto e o que eu esperava. Uma coisa que eu queria era a saída para cinto de seguranca, que tinha. Simples, mas o valor vale a pena. Impermeável. Fiquei contente!",1.0,1,positivo
25982,Ótimo site,1.0,1,positivo
92228,"Comprei uma Escova na cor DOURADA e mandaram na cor rosa, e ainda colocaram a caixa da escova dentro de outra caixa da Marca Laka toda rasgada, um descaso com o consumidor.",0.0,0,negativo
94472,horrivel. nao entregou no endereço combinado e é praticamente impossivel contato...,0.0,0,negativo
83810,"recebi o o produto bem antes da data prevista chegou certo no dia 29 -07- 2017 ok",1.0,1,positivo
66083,tudo ok.,1.0,1,positivo
58675,Faltou a ventosa e resistência.,1.0,0,negativo
58646,"RECOMENDO ÓTIMO PRODUTO, VENDEDORES COM MUITA RESPONSABILIDADE, PARABÉNS , A TODOS",1.0,1,positivo
20206,Sem comentários,0.0,0,negativo
91535,"Produto de boa qualidade, recebi dentro do prazo - recomendo.",1.0,1,positivo
40215,Mais de mês e o produto não foi entregue.,0.0,0,negativo
37955,Só de chegar exatamente no prazo já ganhou meu conceito parabéns,1.0,1,positivo
20443,Indicava capa para LG K10 mas o meu ficou pequeno demais para capa.,0.0,0,negativo
93327,Muito legal,1.0,1,positivo
47230,"Comprei umas taças , vieram duas quebradas, estou aguardando para resolver o problema .",0.0,0,negativo
23614,"Gostaria de pedir a troca do produto, pois mandaram o modelo arredo.",0.0,0,negativo
38145,Chegou antes do prazo marcado. Nenhum problema.,1.0,1,positivo
49452,Execelente entregue meu pedido na data ok obrigada!!!,1.0,1,positivo
2016,Ótimo,1.0,1,positivo
80798,Produto ótimo,1.0,1,positivo
77166,"Recebi muito antes do prazo, o produto é exatamente como descrito. Recomendo a todos!!",1.0,1,positivo
64698,Produto de excelente qualidade.,1.0,1,positivo
89778,"Ótimo site e loja, produto entegue rapido e com qualidade ótima.",1.0,1,positivo
39687,"Comprei uma mala e na descrição do produto constava que ela teria 16 cm de profundidade. Mas, na realidade a mala tem quase 20 cm. Apesar da diferença ser pequena, penso que fui enganado.",1.0,0,negativo
21590,"Comprei dia 01/11, data prevista para entrega 22/11, hoje 25/11 não recebi o produto ainda e nenhuma satisfação! Lamentável, não compro mais e muito menos indico. Esse não é o padrão da lannister 👎?",0.0,0,negativo
44464,nao recebi meu produto e nem uma posição sobre o mesmo,0.0,0,negativo
13057,Excelente produto! Recomendo!,1.0,1,positivo
75250,Parabéns pelo compromisso com os clientes,1.0,1,positivo
58850,"quero devolver o produto comprei um veio outro;;; quero meu dinheiro de volta.",0.0,0,negativo
47977,Demorou muito pra entregar.,0.0,0,negativo
70207,"Recebi o produto muito rápido. Recomendo, a qualidade é ótima!",1.0,1,positivo
44782,Foi cancelado a compra antes da emissão de nota fiscal e mesmo assim entregaram o produto sem efetivar o cancelamento solicitado.,0.0,0,negativo
51574,Entregou antes do prazo produto em perfeito estado .,1.0,1,positivo
7581,amei o site super de confiança,1.0,1,positivo
45637,O produto chegou antes de prazo.parabens pela pontualidade.,1.0,1,positivo
4470,produto n foi entregue,0.0,0,negativo
9660,chegou antes do prazo,1.0,1,positivo
13155,"pedido 01-66821151,neste pedido fiz compra de 3 cortinas, recebi somente duas, cujos controles dos correios enviados são PO 991 371 388 BR PO 991 371 391 BR GOSTARIA SABER SOBRE A QUE NÃO RECEBI?",0.0,0,negativo
51731,"Produto de excelente qualidade, entregue muito antes do previsto. Super recomendo!",1.0,1,positivo
2087,gostei da compra chegou antes do combinado ..recomendo...,1.0,1,positivo
178,Lindo relógio adorei,1.0,1,positivo
60677,"NÃO GOSTEI DA QUALIDADE DAS TOALHAS, ESTOU SOLICITANDO A DEVOLUÇÃO",0.0,0,negativo
60714,"Boa tarde,  Fiz uma compra de 5 unidades de pendentes meia de iluminação para a minha loja é só recebi dois, estou desesperado pois estou há dias da inauguração da loja, minha encomenda está incompl",0.0,0,negativo
34172,Ótimo produto,1.0,1,positivo
2200,Entrega perfeita e bem antes da data prevista.,1.0,1,positivo
89501,Produto veio bem embalado.,1.0,1,positivo
60085,Maleta show,1.0,1,positivo
23948,"Mandou errado e quando pedi pra trocar disse que não tinha e cancelou sem avisar ninguém, tive que ligar e perguntar.",0.0,0,negativo
14308,Tudo correto,1.0,1,positivo
71159,Ainda não recebi o produto posso cancelar a parcela do pedido. e tentar comprar outro.,0.0,0,negativo
20441,Produto entregue no prazo em perfeitas condições recomendo a loja e o site atendimento maravilhoso,1.0,1,positivo
16576,Produto excelente e bastante agilidade na entrega super recomendo Meu Filho amou.,1.0,1,positivo
73552,Meu produto chegou pela metade Ainda estou aguardando o restante,0.0,0,negativo
69769,"A qualidade foi um pouca abaixo do esperado, mas como é compra via internet, estou satisfeito",1.0,0,negativo
87348,"Entregue bem antes do prazo, produto otimo, recomendo como sempre pois sou cliente a muito tempo!",1.0,1,positivo
62152,muito bom.,1.0,1,positivo
43884,.,1.0,0,negativo
45904,Vou usar o produto pra ver se é o que promete ! Se não for vou denunciar !,1.0,0,negativo
27137,essa baratheon é ruim não tem atendente para não receber reclamações,0.0,0,negativo
63262,"Adorei k produto. Entregue antes do prazo Super jndico",1.0,1,positivo
19032,Falso e com arranhões na tela,0.0,0,negativo
64531,entrega rapida obrigado,1.0,1,positivo
68563,"Produto lindo, veio muito bem embalado. Dentro do prazo.",1.0,1,positivo
8173,A entrega foi antes do prazo em compensação achei o cabo e conectores da antena de baixa qualidade,1.0,0,negativo
23138,"A capa serve tanto pra HD externo de 1tb como para câmera fotográfica, encaixou legal.",1.0,1,positivo
31330,Difícil de resolver um problema na entrega. Comprei 3 itens e foi entregue somente 1 e não tenho com quem falar. Só posso passar email e aguardar resposta.,0.0,0,negativo
5991,"Não recebi meu pedido, já tendo passado varias dias do prazo máximo estipulado, sem contar que a lannister nunca respondia minhas mensagens, então considero a empresa péssima.",0.0,0,negativo
85096,Produto totalmente diferente do oferecido.,0.0,0,negativo
16044,a entrega demorou e o produto chegou com defeito,0.0,0,negativo
77645,"Serviço prestado de forma elogiável. Rogo que permaneçam sempre assim, pois o produto foi entregue bem antes do tempo.",1.0,1,positivo
24176,Já sou cliente antigo e confio da organização,1.0,1,positivo
74912,"Comprei esse produto para meu filho; como toda criança, ficou ansioso com a chegada na data prevista; ele ficou muito frustrado quando isso não aconteceu e eu estou constrangido com a situação.",0.0,0,negativo
54359,"Produto em perfeita ordem , me atendeu da maneira que eu esperava!",1.0,1,positivo
40126,"Chegou e perfeito estado, produto perfeito",1.0,1,positivo
83330,Chegou antes da data prevista.,1.0,1,positivo
62334,"Entendo que o vendedor tem que ter a preocupação de acompanhar o produto que vende e, caso perceba algum problema, informar ao comprador. Nada disso aconteceu.",0.0,0,negativo
71972,Tudo certo,1.0,1,positivo
64233,Adorei chegou antes do prazo,1.0,1,positivo
40038,Comprei em um dia e recebi no outro!,1.0,1,positivo
6385,Ok,1.0,1,positivo
74282,"O produto chegou muito bem embalado, com as instruções de uso e antes do prazo informado para a entrega.",1.0,1,positivo
53996,Obrigado pelo produto minha mãe gostou MT,1.0,1,positivo
9527,MUITO BOM,1.0,1,positivo
27668,"Muito bom, chegou bem antes do prazo",1.0,1,positivo
21523,Olha eu acho que para enxergar o bebedouro tinha que ter um furo na parte de cima ficaria muito mas prático daí sim o nome sério correto vida mansa...,1.0,0,negativo
59506,"Recebi o produto antes do prazo previsto, recomendo.",1.0,1,positivo
54569,Foi enviado corretamente e chegou bem rápido 👍,1.0,1,positivo
65136,Tudo de bom.,1.0,1,positivo
47170,"chegou bem antes do prazo, direitinho.",1.0,1,positivo
75648,Pedi uma navalha dourada e veio outra. A nota fiscal é do produto certo.,0.0,0,negativo
73355,Bom,1.0,1,positivo
40958,Bom,0.0,1,positivo
99453,otimo produto e entrega bem antes do prazo exelente,1.0,1,positivo
59620,"Excelente produto! Só que comprei king e mandaram Queem. Vou ter que devolver, uma pena. Queria pra logo !",1.0,0,negativo
2384,"Comprei o produto no dia seguinte recebi um e-mail do stark dizendo para eu tentar novamente com outro cartão , fiz a compra e a compra saiu em duplicata pedi o cancelamento desse.",1.0,0,negativo
337,Muito bom! Aquilo que esperava!,1.0,1,positivo
87419,Não recebi meu produto,0.0,0,negativo
2089,Recomendo rápida entrega,1.0,1,positivo
71293,"Demorou para chegar e não veio o produto que comprei. Produto mau embalado, Produto errado e NF dentro do produto em nome de outra pessoa. Péssimo! Quero meu dinheiro de volta!",0.0,0,negativo
41047,"Linda a boneca, carinha querida,amei",1.0,0,negativo
41627,Solicitei cancelamento da compra. Prazo de entrega muito demorado,0.0,0,negativo
36723,"Produto bom, nao tenho nda a reclamar, a entrega foi antes do prazo.",1.0,1,positivo
53420,Produto entregue dentro do prazo esperado. Dentro da normalidade. Produto correto. Obrigado pela atenção!,1.0,1,positivo
85525,gostei muito,1.0,1,positivo
62782,"n foi entregue o produto que comprei, e inclusive ja estou pagando pelo mesmo que n foi entregue.",0.0,0,negativo
39891,Entrega rápida,1.0,1,positivo
98881,"quanto ao prazo a loja esta de parabéns, mas em questão ao produto não, pois o produto que me foi entregue foi totalmente diferente do que comprei.",1.0,0,negativo
39445,A lannister precisa melhorar a qualidade da entrega,0.0,0,negativo
59915,Ainda não estalei o teclado para afirmar que está em perfeitas condições. Todavia quanto a compra foi um processo tranquilo e recomendo.,1.0,1,positivo
24106,Linda e confortável essa cadeira...,1.0,1,positivo
87738,"Muito boa, recomendo.",1.0,1,positivo
11905,"A garrafinha não possui 1,5 L conforme anunciado, nem se encher até a tampa! E o material também não é lá essas coisas, para mim não valeu o preço pago.",0.0,0,negativo
3102,Apesar da greve dos caminhoneiros não houve muito atraso.,1.0,1,positivo
73835,O Tour do celular é lento. Demora ao responder. A empresa não aceita devolução? Foi isso que eu intendi?,0.0,0,negativo
95811,"Todos querem vender pela Internet, porém a entrega está uma porcaria. Nada chega. Tem que pagar transportadora.",0.0,0,negativo
69768,Super recomendo compro sempre é até o momento mega satisfeita com minhas compras,1.0,1,positivo
23489,Não recebi o produto o prazo terminou ontem.,0.0,0,negativo
38909,"muito bem atendido, produto entregue antes do prazo, valeu!.",1.0,1,positivo
71050,PRODUTO DE ACORDO COM O ANUNCIADO,1.0,1,positivo
8191,"Achei que o produto demorou a chegar, mas chegou em boas condições.",1.0,0,negativo
32162,Entrega no prazo e o produto exatamente o que havia visualizado e comprado. Tudo cem por cento. Todas as caracteristicas divulgada do produto corresponderam. Muito bem embalado e fiquei 100% satisfeit,1.0,1,positivo
38557,Enviaram para origem em Blumenau e estão pedindo pra eu retirar lá. Impossível,0.0,0,negativo
13385,EU NÃO GOSTEI DO ATRASO PORQUE ERA PRESENTE DO NATAL,0.0,0,negativo
80778,Obrigada ficou linda!,1.0,1,positivo
36554,Produto entregue antes do prazo!! Com qualidade ... e td perfeito!!,1.0,1,positivo
5215,entregue antes do prazo e em perfeto estado.,1.0,1,positivo
15134,Entregou o produto rapidinho,1.0,1,positivo
19994,"O prazo de entrega foi estipula para 19 de julho a compra foi feita em 26 de junho e ainda não foi entregue, ou seja razo de entrega não foi cumprido conforme anunciado no site na hora da compra.",0.0,0,negativo
20833,"Sim, recebi o produto correto, e no prazo estabelecido. A caixa estava perfeitamente lacrada e, quando aberta, tudo estava aparentemente normal. Todavia, não este o produto, mas creio que está tudo ok",1.0,0,negativo
8844,"O cartucho está estourado (vazando), já contatei a empresa. Foi-me informado que haverá a troca!",1.0,1,positivo
15678,"Estou no aguardo,pois, foi entregue apenas uma unidade e a compra foram de duas unidades...já mandei email e aguardo uma resposta.",0.0,0,negativo
95534,"recebi antes do prazo veio tudo correto,eu recomendo e vou voltar a comprar",1.0,1,positivo
71502,Os copos são lindos e chegaram antes do prazo.,1.0,1,positivo
30790,Recebi a cor errada,1.0,0,negativo
49117,"Pela segunda vez tive problemas com a entrega. A primeira vez nao me enviaram o produto e desta vez recebi diferente do que comprei. Tanto a cor, quanto ao modelo. Fiquei decepcionada. Não compro mais",0.0,0,negativo
45189,"Entrega realizada bem antes do prazo previsto. Produto bem embalado, condizente com a descrição e de instalação muito fácil. Recomendado.",1.0,1,positivo
95961,atende a todos da família,1.0,1,positivo
98149,"Produto de boa qualidade, ótima costura, superou minhas expectativas.",1.0,1,positivo
80330,Boa esperiencia,1.0,1,positivo
49839,"O produto na parte de cima pareceu bom, mas a parte de baixo, de borracha sai um cheiro extremamente forte. Não consegui usar no carro, fiquei sufocado. Quimica da borracha é muito forte.",0.0,0,negativo
44056,Chegou antes do prazo,1.0,1,positivo
41761,O produto entregue não foi o produto comprado. Até o momento não consegui efetuar a troca. Estou aguardando contato da loja.,0.0,0,negativo
82678,"Maravilhoso,amei e chegou antes do prazo !",1.0,1,positivo
27901,Comprei um modelo de relógio e acabei de receber outro produto,0.0,0,negativo
80821,Única coisa ruim e q tive q buscar nos correios,1.0,1,positivo
84595,entregue antes do previsto,1.0,0,negativo
27837,Depois que a compra foi efetuada desistir do produto mais não pude cancelar . Agora quero trocar por outro produto e também não consigo.,0.0,0,negativo
49157,"Recebi o quadro embalado em caixa de papelão com cantos esfolados, deveria ter sido embalado com melhor proteção como Plástico com bolha, cantoneira como fazem outras empresas do ramo.Quadro sem vidro",1.0,0,negativo
22939,Estou um pouco decepcionada porque paguei um frete caro!agora recebo a notícia que terei que ir buscar no correio que fica do outro lado da cidade que moro!Paguei o frete para receber em casa!!Mas....,0.0,0,negativo
52806,Amei meu produto,1.0,1,positivo
75011,"O produto chegou antes do tempo! Os quadros são lindos, do jeitinho q aparecem! Estou muito feliz!",1.0,1,positivo
15174,"Excelente tecido  !!!! Recomendo!",1.0,1,positivo
75160,Antes de acabar vou comprar mais,1.0,1,positivo
2424,"Foi excelente entregou o produto antes do prazo determinado,",1.0,1,positivo
55091,SIMPLESMENTE NÃO RECEBI O PRODUTO.,0.0,0,negativo
45369,A qualidade da impressão não é muito boa,1.0,0,negativo
90896,Pedi a cor L2 e recebi a cor L3. Se não tinha no estoque era só avisar ao cliente se ele gostaria de esperar ou cancelar o pedido. Agora peço para realizar a devolução e não tenho resposta.,0.0,0,negativo
30843,Gostei do produto recomendo,1.0,1,positivo
16056,Esperando chegar ainda e nada de chegar ja paguei,0.0,0,negativo
46927,muito bom o produto,1.0,1,positivo
33471,"Na hora da compra, a foto do produto é um e veio outro, mas com a mesma finalidade.",1.0,0,negativo
21029,"Mochila muito bonita,só imaginei que fosse menor.",1.0,0,negativo
98995,"Recomendo, mas não foi entregue na data prevista. Ainda no aguardo.",1.0,0,negativo
40714,"Eu cancelei o produto e mesmo assim o produto chegou e pior ainda chegou errado.  Estou tentando exaustivamente um diálogo simples e facil com a lojas lannister que foi por onde eu adquirir o produ",0.0,0,negativo
96438,Chegou antes do prazo e em perfeitas condições.,1.0,1,positivo
32263,Eu recomendo essa loja.?,1.0,0,negativo
81503,Adega veio quebrada e fornecedor não retornou contato! Tive que cancelar o pedido,0.0,0,negativo
29800,excelente compra recomendo a todos,1.0,1,positivo
57358,"muito boa a mochila, tamanho muito bom.",1.0,1,positivo
3932,"Não sei o que aconteceu ! Estou tentando entender, comprei o produto não recebi,mandei mensagem , não retornaram minha mensagem, sempre compro no site lannister e nunca tive problema com entrega.",0.0,0,negativo
32616,Recebi só as mamadeiras mandei email questionando a entrega da capa do colchão mas não recebi retorno,0.0,0,negativo
65202,"produto lindo, qualidade e preço excelentes. Entrega antes do prazo previsto.",1.0,1,positivo
19329,Muito bom!!!!,1.0,1,positivo
64852,não foi o que eu esperava muito simples e com um sistema de rolamento horrível um pedaço de cano quando falamos de rolamento pensei que fosse com prolema e fica pendendo para os lados a plataforma.,0.0,0,negativo
19324,Muito satisfeito com a compra.,1.0,1,positivo
13022,"Chegou tudo certinho, produto em prrfeito estado, recomendo!",1.0,1,positivo
28900,Recebi os produtos de acordo com pedido e no tempo correto,1.0,1,positivo
94938,A entrega está muuuuito atrasada e não recebi nenhum retorno a respeito.,0.0,0,negativo
56082,Como sempre tudo perfeito.,1.0,1,positivo
9938,"Sempre compro na stark e as entregas sempre são na data prevista, as vezes ate chega antes",1.0,1,positivo
68736,Produto muito bom de alta qualidade.,1.0,1,positivo
68604,"ACHO QUE DEVERIA ACOMPANHAR UM MANUEL E CADERNO DE RECEITAS EM PORTUGUES,PORQUE AGENTE RECEBE O PRODUTO E TEM QUE PESQUISAR OU PEDIR RECEITAS DE CREPE. O MANUAL NÃO AJUDA NO CASO DE ALGUMA DIFICULDAD",1.0,0,negativo
10567,"Ainda não instalei, mas gostei do fornecedor ter ligado para confirmar se o era para gás enviando ou gás de botijão... Evitou que o aquecedor viesse errado e conseguiu ajustar o pedido para gás GN...",1.0,1,positivo
50696,Tudo ok.,1.0,1,positivo
7120,Tudo certo,1.0,1,positivo
37314,Produto entregue perfeitamente e antes do prazo informado!!!,1.0,1,positivo
4776,"o produto vei bem antes do fim do prazo, veio com defeito em umas das funções mas como foi presente nao quiseram trocar, mas funciona bem e gostei muito.",1.0,1,positivo
28311,Ainda não recebemos o produto,0.0,0,negativo
42896,"Produto muito bom, veio bem embalado, fácil montagem. O material que é produzido as peças são de boa qualidade.",1.0,1,positivo
1026,Muito bom,1.0,1,positivo
44654,Entregue no prazo e a embalagem estava um capricho. Obrigado,1.0,1,positivo
11882,Entrega no prazo e produto de boa qualidade.,1.0,1,positivo
54590,"O CARTUCHO QUE ME ENVIARAM NÃO É ORIGINAL, E A IMPRESSORA NÃO ESTÁ ACEITANDO O PRODUTO. QUERO MEU DINHEIRO DE VOLTA.",0.0,0,negativo
24859,"Produto entregue conforme descrito, ótima qualidade. Porém não atendeu minhas necessidade primarias, que era usa-lo na TV LG 55, não pareou, nem mesmo localizou. No celular funcionou perfeito.",1.0,0,negativo
58890,Recebi o relógio em perfeito estado,1.0,1,positivo
94392,"O único problema que eu tive foi ter recebido o produto errado, na nota fiscal veio o que eu tinha escolhido toalha vermelha, porém na hora que receberam e abriram veio toalha creme com marrom.",0.0,0,negativo
80503,o produto chegou do jeito anunciado recomendo a todos.,1.0,1,positivo
12510,produto entregue de acordo com o prazo combinado.,1.0,1,positivo
30789,Produto excelente e entrega ótima e rápida!,1.0,1,positivo
91949,otimo,1.0,1,positivo
46273,Preciso entrar em contato com vcs urgente.,0.0,0,negativo
65094,"Produto chegou antes do prazo,a primeira vista acabamento em perfeitas condiçoes,durabilidade somente com o tempo saberei.RECOMENDO!",1.0,1,positivo
91791,"Comprei um produto e recebi outro. Estou tentando contato com o fornecedor, porém até o momento não tive retorno.",0.0,0,negativo
35840,ainda não experimentei o produto.,1.0,0,negativo
24893,"Recebi a caixa lacrada, mas a caixa do relógio estava vazia. Procurei um site de confiança para comprar meu relógio e acabei recebendo uma caixa vazia. Isso é um absurdo.",0.0,0,negativo
78363,"Tudo que eu esperava, lindas e grandes tecido muito bom.",1.0,1,positivo
62706,entrega antes do prazo,1.0,1,positivo
5957,"paguei o valor pedido, mas após um tempo, recebi um e-mail dizendo que o produto tinha se esgotado. se acabou o produto, deveriam pausar o anuncio no exato momento, me senti lesado com isso.",0.0,0,negativo
4187,Ainda no aguardo da entrega do produto.,0.0,0,negativo
56017,"O stark está de parabéns,comprei dia dia 22 prazo de entrega para dia 4/12/17, chegou dia 24 bem antes do prazo, estou super satisfeita com o prazo e a entrega muito bem embalada só tenho elogios.",1.0,1,positivo
83774,otima,1.0,1,positivo
16925,"Total falta de respeito com o consumidor. Além de não realizar a entrega que tinha um prazo enorme, ao longo do período, pedi mais detalhes do status para acompanhar o processo e nunca ligaram.",0.0,0,negativo
36407,Chegou corretamente e em tempo recorde!!! Parabéns pelo trabalho.,1.0,1,positivo
54697,"Ótima Loja. Fiquei contente com a compra, a entrega chegou antes do previsto.",1.0,1,positivo
47149,no site imagem de 120 capsulas recebi 60 capsulas,0.0,0,negativo
17835,atendeu expectativa,1.0,1,positivo
18967,"O produto veio em duas oportunidades, mal embalado, com diversas avarias na pintura, algumas peças tortas. Precisam melhorar a embalagem e colocar avisos de Frágil ou não pisar.",0.0,0,negativo
18664,Bom,1.0,1,positivo
64358,NAO TIVE RETORNO E NAO RECEBI A MERCADORIA COM MAIS DE 20 DIAS DE PEDIDO APROVADO,0.0,0,negativo
90065,muito boa experiencia,1.0,1,positivo
65323,Sempre em dia com seu compromisso de venda e entrega,1.0,1,positivo
88913,"muito bom, atende as especificações",1.0,1,positivo
32722,Péssima compra!,0.0,0,negativo
72665,Produto de qualidade com um ótimo custo beneficio,1.0,1,positivo
42232,"odiei a compra pois paguei frete e tive que retirar nos correios , tudo que comprei na lannister foi entregue na minha casa ..não compro mais..",0.0,0,negativo
88756,"Recebi somente o Toner da cor Ciano - Toner HP 311A CE311A Cyan Original Serie 126a  O amarelo não recebi",0.0,0,negativo
64858,Gostei bastante das minhas toalhas são boas,1.0,1,positivo
56976,Material de excelente qualidade!,1.0,1,positivo
32759,Gostei entrgaram certinho parabens,1.0,1,positivo
65808,Gostei recebi tudo certinho no prazo estipulado.Parabéns para Loja.,1.0,1,positivo
71185,"Ainda não testei, mas veio bem acondicionado.",1.0,1,positivo
89240,"O produto é lindo e super leve. Fica lindo no pulso.  Sobre a entrega, chegou antes do prazo como sempre.",1.0,1,positivo
48527,Recebi o produto com 20 dias de antecedência em relação ao prazo final de entrega. Recomendo,1.0,1,positivo
6143,Viu tudo certo produto eu perdi muito obrigado,1.0,0,negativo
36967,Bom serviço de entrega.,1.0,1,positivo
26511,O pedido não foi entregue e consta no site como entregue.,0.0,0,negativo
45736,compra super tranquila,1.0,1,positivo
7147,"O produto veio numa embalagem superprotegida, o que mostra o cuidado do vendedor para com o cliente.",1.0,1,positivo
65821,Produto conforme anunciado. Tudo OK!,1.0,1,positivo
19726,Estou satisfeita com o atendimento e o prazo de entrega,1.0,1,positivo
29188,"sem comentarios, muito confusa a informação sobre entrega",0.0,0,negativo
9919,Mt bom,1.0,1,positivo
68569,"Excelente vendedor, entrega antes do prazo e o produto muito bom.",1.0,1,positivo
84172,Não sei o que aconteceu.,0.0,0,negativo
55310,Produto de excelente qualidade e a entrega feita antes do prazo previsto.,1.0,1,positivo
49551,"entrega rápida, o produto parece excelente( eu ainda não usei) mas atendeu minhas expectativas.",1.0,1,positivo
54955,"O produto é igual ao descrito no site, entrega rápida, super confiável.",1.0,1,positivo
69188,"Ótimo produto, recebi cfe o anunciado, recomendo.",1.0,1,positivo
69724,Recebido e antes do prazo...,1.0,1,positivo
85267,"As tintas chegou sem os rótulos do produtos, nem parece os da imagem, e o pior a tinta é fraca não dá pra imprimir as coisas coloridas muito fraca, até a tinta preta é muito fraca..Não gostei",0.0,0,negativo
86270,BOM,1.0,1,positivo
98532,"a loja da um prazo , e o produto nao é entregue nele. E mesmo com o atraso não fornecem nenhum tipo de informação sobre o atraso",0.0,0,negativo
19256,Rapidez na entrega superou as expectativas,1.0,1,positivo
56887,Excelente produto recomendo,1.0,1,positivo
35271,Luminárias de excelente qualidade e entrega super rápida,1.0,1,positivo
64629,Adorei recebi antes do prazo,0.0,1,positivo
92670,"Não recebido e ninguém responde os meu email Nem a atualizar o acompanhamento pra saber se ainda vou receber minha em comenda",0.0,0,negativo
92646,muito satisfeita com o produto e a pontualidade da transportadora .,1.0,1,positivo
7915,Tudo origginal,1.0,0,negativo
79939,"NAO CONSEGUIMOS ACESSAR A NOTA FISCAL, PODEM POR FAVOR REENMVIAR O LINK , OU O ARQUIVO EM PDF NO NOSSO EMAIL fiscal@infraies.com (11) 3895-9009",1.0,0,negativo
42623,Excelente,1.0,1,positivo
9983,Boa,1.0,1,positivo
79503,Prazos cumpridos corretamente.mercadoria bem embalada.,1.0,1,positivo
38699,"O ponto negativo da compra está relacionado com o fato dq o site errou a data d chegada do produto em um mês. Embora não tenha atrasado, mas sim, adiantado a entrega o site não reflete a data d entreg",1.0,0,negativo
48934,Queria uma posição da empresa em questão da demora e o porque ainda não foi entregue.,0.0,0,negativo
60256,"uma ótima loja, só que depois de ter efetuado a compra que fui informado que não havia mais produto em estoque.",1.0,0,negativo
46408,Ainda não recebi,0.0,0,negativo
19643,Ainda não recebi o produto,0.0,0,negativo
35263,"Muito bonito, chegou no prazo. Poderiam ter indicado o número do pedido na embalagem para saber!",1.0,0,negativo
88354,não recebi o produto até agora,0.0,0,negativo
74270,"Os panos de pratos são lindos, só achei um pouco pequeno, mas é de qualidade.",1.0,1,positivo
36514,entrega muito rápido. o produto é ótomo,1.0,1,positivo
26297,Produto exelente,1.0,1,positivo
48810,"extremamente satisfeito, mais uns vez!!!! Produto entregue muito antes do prazo, tudo correto!!!! Parabéns!!!!",1.0,1,positivo
87212,Recomendo,1.0,1,positivo
14606,Realizei a compra de um secador na voltagem de 220v. Recebi um na voltagem de 127v.No momento da troca n havia disponível no 220.Por este motivo quero meu dinheiro de volta.,0.0,0,negativo
58391,Bom,1.0,1,positivo
57792,"Entrega rápida, antes da data prevista. Parabéns e obrigada!",1.0,1,positivo
47685,"Produto excelente e ótima entrega, parabéns!",1.0,1,positivo
9182,Ela é linda. Muito maior do que eu esperava.,1.0,1,positivo
24643,entao segundo produto que atrasa pra chegar esse ia chegar 5/04 ainda nada de chegar,0.0,0,negativo
75395,"O produto chegou antes do prazo, o que me deixou muito feliz. E estou apaixonada por ela. A pia é tudo de bom e muito mais. Super recomendo.",1.0,1,positivo
7678,nota mil pelo atendimento,1.0,1,positivo
1919,"Entrega feita muito antes do prazo, chegou bem embalado e produto excelente!!",1.0,1,positivo
12652,O produto já chegou em casa um pouco demorado,1.0,0,negativo
70565,"Nao me entregaram a pulseira (bracelete), somente a carteira!! Os 2 sendo feitos num único pedido",0.0,0,negativo
72669,Muy hermosa.,1.0,1,positivo
6781,"2° vez que compro e recomendo de muita qualidade, só quem usa ou já usou sabe disso.",1.0,1,positivo
50601,"Não recomendo esta loja nem a loja stark. Com, pois são parceiros",0.0,0,negativo
7291,"O PRODUTO É DE PESSIMA QUALIDADE, 100% POLIESTER, TEXTURA HORRÍVEL, NÃO RECOMENDO.",0.0,0,negativo
87922,"Entregue 9 dias antes do previsto. Produto de qualidade melhor do que o esperado.",1.0,1,positivo
57659,Entrega antes do prazo!!! Perfeito!!,1.0,1,positivo
25977,Chegou meu produto fui verificar o suporte de tv faltou o aste de ajuste da TV,0.0,0,negativo
80689,Muito boa,1.0,1,positivo
21331,"O produto atendeu as minhas expectativas, recomendo aos interessados!",1.0,1,positivo
21333,ótimo produto loja tudo muito ótimo.,1.0,1,positivo
70853,"adorei o produto, chegou no prazo e super otimo o produto.",1.0,1,positivo
56734,"Eu comprei um Tapete de Atividades DUPLA Face, eu recebi um Tapete de atividades de Uma face. Eu quero fazer a devolução, não quero este produto, e a embalagem que veio foi um saco de lixo preto.",0.0,0,negativo
86039,"Pela segunda vez não recebi o produto comprado na loja lannister.com.  1ª - Um livro Aves Brasileiras. 2ª Remédio Moringa Aleífera.  Solicito providências, caso contrário, tomarei as medidas c",0.0,0,negativo
98390,"Paguei pelo frete, deveria receber o produto em minha casa , não vou busvar nos correios, eu trabalho",0.0,0,negativo
77310,"não gostei do produto, a qualidade é muito ruim, ja veio descascando a camada, não gostei",0.0,0,negativo
43458,Prestativo,1.0,0,negativo
62202,"Todas as vezes que comprei por esse site ele me foi entregue, só que tenho que buscar no poste de entrega dos correios pois eles não entregam na minha residencia, fora isso tudo ocorre perfeitamente.",1.0,0,negativo
79070,O produto alem de vir correto chegou bem antes do prazo estipulado. Muito bom,1.0,1,positivo
96835,entrega rápida e eficiente,1.0,1,positivo
56644,"bem fácil de manusear, mas achei que fosse maior",1.0,0,negativo
38807,Faltou o CD ou link pra baixar o windows que vem instalado assim como alguma comprovação de que é um windows original.,1.0,0,negativo
70250,A compra foi realizada 2 x e nenhuma delas o produto foi entregue no prazo por falta de estoque. Se não tinha estoque para que expor o produto a venda.,0.0,0,negativo
32302,Pois ate o momento nao fecebi a cacarola os demais itens que adquiri ja chegaram e ela nao. Alguem pode me dizer o motivo. Preciso muito dela....,1.0,0,negativo
47667,Tudo ótimo.,1.0,1,positivo
85938,excelente,1.0,0,negativo
1712,Entrega antes do prazo - Otimo,1.0,1,positivo
75600,Achei que poderiam ser mais agil na entrega.. demora muito para ser entregue,1.0,0,negativo
92924,"Fiquei muito satisfeita com o produto,fiz um pedido especial para entrega ,e eles acolheram este pedido,que pra mim fez toda a diferença.Muito feliz obrigada nota 10.",1.0,1,positivo
88542,Teve um pequeno contratempo o correio etregou os produtos fracionados mais chegou tudo correto.,1.0,1,positivo
29502,Produto com defeito,0.0,0,negativo
15291,Comprei um controle remoto de um modelo específico e me enviaram um controle universal que não funciona no meu aparelho... Não recomendo...,0.0,0,negativo
64131,Recomendo! Pode comprar,1.0,1,positivo
57668,excelente,1.0,0,negativo
30624,Estou esperando o meu produto já tem mais de 10 dias e ainda não chegou na distruidora de Juiz de Fora.,0.0,0,negativo
15240,"Produto chegou no prazo, ótimo produto.",1.0,1,positivo
48824,"Compra excelente! Produto lindo, de ótima qualidade e entrega antes do prazo. Muito satisfeita.",1.0,1,positivo
88608,Meu produto não foi entregue e está constatado como entregue...,0.0,0,negativo
63947,"Não comprem esse produto, muito mal acabado, veio acabamento com furos no pé da cadeira, acabamento das costas com furos errados e mal cortado alem da fragilidade do encosto. Não Recomendo.",0.0,0,negativo
58270,"Comprei dois tonners. Só me enviaram um (Q6003AB). Cadê o outro?",0.0,0,negativo
72423,"O umbigo dificador é muito bom, bem como foi anunciado.",1.0,1,positivo
18379,"Recebi o material bem antes do prazo informado, mas fiz o pedido para receber a caixa do Pet na cor azul e entregaram na cor rosa.",0.0,0,negativo
21321,"CHEGOU ANTES DO PREVISTO ,TUDO CERTINHO OK !!",1.0,1,positivo
43061,sempre mantendo o compromisso com os clientes,1.0,1,positivo
15833,Ameiiiii minha compra,1.0,1,positivo
69183,ótimo produto.,1.0,1,positivo
40082,Ótimo produto,1.0,1,positivo
70582,"Muito bom, recebi com rapidez",1.0,1,positivo
56479,loja mto boa,1.0,1,positivo
47635,Entrega antes do prazo!,1.0,1,positivo
31203,Lindos amei,1.0,1,positivo
14309,Tudo ocorreu de forma eficiente,1.0,1,positivo
4753,Gostei da seriedade e responsabilidade . Ligaram para tirar dúvidas sobre o produto,1.0,1,positivo
10121,Muito profissional a entrega. Perfeito! Ainda teriam 3 dias para entregar e já está na mão. Minha filha é quem agradece.,1.0,1,positivo
51387,"Comprei a cada de pneu. Chegou conforme combinado, no prazo. Tudo certo. Recomendo.",1.0,1,positivo
19778,"lannister é uma loja muito Boa,o produto chega sem problema e antes do prazo por isso recomendo ela,agora só me faltam 3 produto que comprei na mesma data de esse que recebi ontem. Muito obrigada.",1.0,1,positivo
48866,muito rápida a entrega antes do prazo,1.0,1,positivo
59121,Entrega rápida e produto atendeu as expectativas.,1.0,1,positivo
8626,A entrega atrasou,1.0,0,negativo
13093,Não era bem o que eu esperava,0.0,0,negativo
9708,Chegou antes do prazo,1.0,1,positivo
14165,"A entrega foi feita em menos de 48h isso pq fiz o pedido num domingo a noite. Porém nao funcionou pois preciso de um conversor, só o cabo não faz isso.",1.0,0,negativo
66477,Produto veio certinho e no prazo!!,1.0,1,positivo
39955,Excelente vendedor!÷#,1.0,1,positivo
6492,Não tenho o que reclamar mais meu produto veio com uma das embalagens rasgada . Mais atenção da próxima vez,1.0,0,negativo
82169,Produto de ótima qualidade e chegou dentro do prazo!,1.0,1,positivo
60600,O produto não foi entregue por problema nos Correios que está desde 01/03/2018,0.0,0,negativo
38244,Entrega rápida. Antes do prazo.,1.0,1,positivo
79487,"Foi entregue muito rápido, em menos de uma semana dá solicitação do pedido. E o produto é sensacional.",1.0,1,positivo
42173,Tudo em.ordem.e rápido a entrega.chegou bem.valeu.obrigado,1.0,1,positivo
72406,Posso aceitar isso e meu coração continua aberto,1.0,1,positivo
10067,Produto lindo! De ótima qualidade,1.0,1,positivo
61477,Muito bem embalados,1.0,1,positivo
43385,O produto veio bem embalado e corretamente conforme anúncio. Recomendo.,1.0,1,positivo
89043,Boa mercadoria,1.0,1,positivo
43273,"Produto muito bonito, chegou no prazo correto parece um Trofeu, qualidade ótimo para presente",1.0,1,positivo
45145,Muito bom entregaram antes do prazo,1.0,1,positivo
60481,"Gostei da compra, é um produto de qualidade, veio em perfeita condição, ótimo!!!",1.0,1,positivo
60021,"O meu produto chegou antes do prazo prometido, muito obrigado, recomendo",1.0,1,positivo
38004,?,1.0,0,negativo
7187,Tudo ok.,1.0,1,positivo
1810,muito boa a loja,1.0,1,positivo
68438,Chegou bem antes do previsto! Parabens!,1.0,1,positivo
81007,Comprei várias vezes na americana fui bem atendido.,1.0,1,positivo
14913,Ótimo produto minha namorada adorou,1.0,1,positivo
36760,nota 10,1.0,1,positivo
68168,Sem questionamento,1.0,0,negativo
38787,"Perfeito! Atendimento on line vio.",1.0,1,positivo
79639,"ótima compra, chegou antes do prazo",1.0,1,positivo
42897,ainda nao usei o produto vou ver quando lavar e usar se o produto eh de qualidade,1.0,0,negativo
20224,"Gostei muito do produto, perfeito, bonito, preço otimo",1.0,1,positivo
68836,"Nesse tipo de compra, como a gente não conhece a loja que tinha o produto e o entregou, a gente confia no stark.",1.0,1,positivo
10727,"Mercadoria entregue em ordem, antes do prazo final estabelecido. Considero o fornecedor ÓTIMO.",1.0,1,positivo
80525,"Tudo em perfeito estado e bem antes do prazo, ótimo atendimento.",1.0,1,positivo
48133,Conforme o esperado,1.0,1,positivo
99548,Eu adorei as minhas luminária chegaram perfeitas obrigada até aproxima.,1.0,1,positivo
25538,"Ótimo produto, preço bom e entrega no prazo. Tudo certo!",1.0,1,positivo
13331,"No status esta dizendo que ja foi entregue, agora cade o produto??",0.0,0,negativo
72111,"fiquei satisfeita com minha compra,com o produto baratheon é nota 10",1.0,1,positivo
59765,"O produto comprado demorou demais, fiquei irritado ....",1.0,0,negativo
47795,Exelente atendimento e entrega antes do prazo. Eu recomendo!,1.0,1,positivo
88798,Tudo dentro do combinado,1.0,1,positivo
1465,Ainda falta a capa,1.0,0,negativo
23598,"N recebi o produto ainda, o prazo era pra ate o dia 8 e hoge é 10, na espera",0.0,0,negativo
38578,Estetoscopio de ótima qualidade e entrega muito rápida.,1.0,1,positivo
66912,"Produto lindo e maravilhoso, super recomendo.",1.0,1,positivo
23408,Recomendo a compra. Produto com bom preço e entrega antes do prazo.,1.0,1,positivo
52224,O produto chegou em perfeito estado e no prazo correto,1.0,1,positivo
9586,Parece que vamos ter que trocar o produto. A boia veio furada.,1.0,0,negativo
7305,Ótimo,1.0,1,positivo
54572,Produto de ótima qualidade porém e entregue pelos Correios que nunca entregam em casa.,1.0,0,negativo
9723,Tudo que comprei veio cwrtinho,1.0,0,negativo
25767,O produto foi enviado conforme anunciado. Recomendo.,1.0,1,positivo
8922,Ótima entrega! E ainda entregou bem antes do prazo!,1.0,1,positivo
421,A targaryen não é de confiança não entregou a minha compra e colocou no rastreamento do pedido que foi entregue no dia 14/12/17 empresa falsa quero receber meus produtos que foram pagos com boleto bancari,0.0,0,negativo
98376,"Muito bom, recomendo.",1.0,1,positivo
45090,"Produto barato e de ótima qualidade, enquanto muitos procuram um esterilizador caro, eu procurei um mais mais barato e confesso q fiquei com medo de ser mt frágil, mas pelo o contrário. Mt bom!",1.0,1,positivo
68911,produto de qualidade e entrega dentro do prazo,1.0,1,positivo
48551,Nao recomendo pois não recebi o produto e tambem não consigo o resarcimento do produto,0.0,0,negativo
37590,COMPREI DOIS ITENS ME ENTREGARAM APENAS 01 ITEM E NO MEU CARTÃO FOI LANÇADO 02 ITENS AGUARDANDO CONTATO DA LOJA.,0.0,0,negativo
54430,Produto muito fraco,1.0,0,negativo
71701,Muito corretos e de confiança!,1.0,1,positivo
57006,"Bom dia recebi uma caixa destinado a mim com o meu nome e o meu endereço , mas o que estava dentro é um produto totalmente diferente ele pertence a José Leandro Domingues Frudelles CPF 29538783867",0.0,0,negativo
69766,"Entrega rápida, ótimo vendedor",1.0,1,positivo
37546,Amei,1.0,1,positivo
22794,Entrega rapida,1.0,1,positivo
42899,Muito bom! Recomendo!!!,1.0,1,positivo
95948,Produto conforme descrito. Muito bonito. Adorei.,1.0,1,positivo
4511,Produto de acordo com o esperado e entrega antes do prazo previsto. Adorei!,1.0,1,positivo
15836,muito bom produto,1.0,1,positivo
79255,"Ainda não testei, mas parace ser um Excelente produto e foi entregue antes do prazo.",1.0,1,positivo
46862,Amei a qualidade,1.0,1,positivo
18181,"Recebi os produtos errados.Não consigo reclamar com a lannister. Preciso que sejam substituídas. PS: NOTA FISCAL Nº 015094  BALASSA E BONFATTI MAGAZINE LTDA EPP  06/10/2017",0.0,0,negativo
21068,"Entrega perfeita, estão de parabéns toda equipe shop timediatamente.",1.0,1,positivo
3301,Mercadorias bem embaladas e entregues no prazo estabelecido.,1.0,1,positivo
37218,"Ótimo produto, entrega antes do previsto... Certamente procurarei a loja no futuro para outras compras.",1.0,1,positivo
70539,Até onde observei funciona conforme anunciado,1.0,1,positivo
57127,Muito boa gostei 👍,1.0,1,positivo
89646,O Produto chegou com a caixa violada tanto a caixa de entrega quanto a caixa protetora do produto.,1.0,0,negativo
19010,Se realmente tivenssem preocupação com os clientes nao deixariam a desejar em questao as entrega pois como que outros pedidos que foram feito no mesmo lugar e dia chegaram e eles colocam dificuldades.,0.0,0,negativo
78369,entrega super rápida,1.0,1,positivo
62508,Chegou bem antes do esperado,1.0,1,positivo
75511,Chegou bem antes do prazo em perfeita condições conforme o meu pedido,1.0,1,positivo
55521,Lindos pendentes,1.0,1,positivo
67147,bolsa lindas,1.0,1,positivo
72246,Eu não gostei demorou muito passou do prazo é o produto não chegou e por isso tou cancelando o pedid5,0.0,0,negativo
93205,Não recebi o produto até hoje !!!,0.0,0,negativo
99484,Terrível! Venderam algo que ainda não tinham em estoque com a promessa de entregar! Falta de respeito com o consumidor. E o pior: não posso cancelar a compra! Absurdo!,0.0,0,negativo
44049,Não tenho nem o que opinar! Não recebi o objeto comprado.,0.0,0,negativo
11190,"Gostei muito da rapidez da entrega do produto, do atendimento eu indicaria sim.",1.0,1,positivo
65706,Entrega rápida,1.0,1,positivo
18645,Muito bom foi entregue muito antes do prazo de entrega. Eu comprei no dia 22/10/17 e chegou no dia 03/11/17 mais tinha um prazo de 27 dias úteis. Obrigado pela rapidez,1.0,1,positivo
64154,Recomendo,1.0,1,positivo
62670,"O produto é muito leve, e pequeno, muito sensível! Confesso que fiquei em dúvida se é original. Ñ veio em caixa, e sim em um saquinho plástico e uma capa de veludo com a marca impressa.",0.0,0,negativo
60685,"minha filha adorou, ficou lindo em seu quarto.",1.0,1,positivo
17003,Excelente,1.0,1,positivo
92063,"A entrega foi rápida e chegou muito bem embalado. O produto é multiuso. Serve para tonificar, massagear e até lixar.",1.0,1,positivo
99920,O envio foi rápido e o produto bem embalado e funcionando.,1.0,1,positivo
64804,"Recomendadíssimo Chegou bem antes do prazo Excelente Parabéns",1.0,1,positivo
54000,ok,1.0,1,positivo
17841,O produto é realmente sensacional. Aprovada a compra! Minha filha amou!!!,1.0,1,positivo
91226,Tudo beleza !!,1.0,1,positivo
91678,"Meu pedido não chegou, e eu preciso desse produto até semana que vem",0.0,0,negativo
85897,Produto nunca chegou a mim já com tanto tempo .,0.0,0,negativo
84339,Eu comprei o Produto descrito acima (ORIGINAL) e recebi o produto reciclado. Só o utilizei pela urgência.,0.0,0,negativo
20787,Falta de compromisso com o cliente,0.0,0,negativo
64443,Amei tudo certinho,1.0,1,positivo
99682,O produto veio com furos errado para montagem. Infelizmente a cadeira não vai durar 3 meses de uso. Não compro mais produtos para montar na internet mais.,0.0,0,negativo
20919,Nem a nota fiscal foi emitida,0.0,0,negativo
49406,"Recebi antes do prazo, a entrega foi super rápida. Obrigado!!!",1.0,1,positivo
4648,Entregue antes do prazo,1.0,1,positivo
91394,"Primeira compra com este parceiro das Lojas lannister. Além de recomendar, em breve estarei comprando novamente!",1.0,1,positivo
85041,"A bolsa é linda, espaçosa, show de bola!!! Adorei",1.0,1,positivo
86790,muito bom atendimento e entregue no prazo,1.0,1,positivo
90162,"Manta bonita e grande, exatamente como estava no site. Gostei!!!",1.0,1,positivo
67086,Tudo ok! Chegou antes do esperado e até o momento está funcionando perfeitamente!,1.0,1,positivo
97884,O pircieng chegou amei!!!!,1.0,0,negativo
664,"Como sempre, excelente serviço.",1.0,1,positivo
44639,Bom produto.,1.0,1,positivo
73366,"Entrega nao foi feita , pedsimo atendimento . E nao fazem estorno",0.0,0,negativo
98741,"produto ótimo tudo muito bom só uma coisa eu não concordo cobrar dois frete pro mesmo endereço,comprei dois produto dois frete emagina se fosse 10 produto? recomendo a loja",1.0,1,positivo
28274,Produto entregue normalmente e dentro do prazo.,1.0,1,positivo
56559,"Recebi tudo amtes do prazo o teclaclado é top, so estou tentando resolver o problemas do suporte de por o teclado este veio com um defeito de fabrica, ja enviei email com foto para megasaturno que foi",1.0,0,negativo
86685,Recebi o produto nas condições e prazo combin ado.Recomendo esse fornecedor.,1.0,1,positivo
47195,"O produto chegou no prazo e foi o que comprei, excelente compra",1.0,1,positivo
67244,demorou um bastante mais chegou o produto correto,1.0,0,negativo
63987,"Poderia ter chegado um pouco antes, mas tá tranquilo!",1.0,1,positivo
91695,Produto ótimo chegou bem antes do prazo,1.0,1,positivo
63138,"ENTREGA ANTES DO PRAZO, ORIGINAL E LACRADO",1.0,1,positivo
7548,estou livre dos pernilongos. amei,1.0,1,positivo
50334,Chegou rápido,1.0,1,positivo
1170,meu mosquiteiro veio com dois furos na parte superior e pedir um mosquiteiro King porem nao veio Kiung e sim QUEEM,0.0,0,negativo
99133,"Sempre mantendo o bom atendimento, e fornecedores excelentes.",1.0,1,positivo
6857,Produto condiz com as especificações!,1.0,1,positivo
1891,Produto chegou bem antes da data prevista,1.0,1,positivo
48648,"Não recomendo esse produto, pois o acabamento do produto não é bom,a parte do alumínio é arranhado.Quero devolver o produto pelo site no prazo, mas o site não está me dando a opção de devolução",0.0,0,negativo
199,Ainda não tive a oportunidade de testar,1.0,0,negativo
25507,Está faltando uma cortina e a azul não veio igual da imagem..irei abrir uma reclamação junto ao reclame aqui,0.0,0,negativo
53023,"Gostei do produto e da loja ,já fiz várias compras sempre vem antes do prazo e do jeito da demonstração ,recomendo.",1.0,1,positivo
9183,Tudo certo. Ótimo produto entregue dentro do prazo.,1.0,1,positivo
2887,MUITO MAU ACABADO NÃO RECOMENDO,0.0,0,negativo
70084,Produtos bons,1.0,1,positivo
3370,Até o momento não recebi o produto,0.0,0,negativo
90240,Produto chegou rápido e bem embalado.,1.0,1,positivo
24917,Não recebi produto algum! Depois que as cosias se resolverem e as minhas tesouras chegarem eu posso dar uma boa avaliação!,0.0,0,negativo
83630,O aparelho tem um som na hora da chamada baixo e para desbloquear é um pouco confuso mas do resto é bom,1.0,0,negativo
2392,Parabéns pela presteza no atendimento,1.0,1,positivo
72155,Muito obrigado! Rápida a entrega. Tudo certo. Recomendo.,1.0,1,positivo
74631,Pode comprar veio tudo certo,1.0,1,positivo
65908,Entrega rápida e ainda aguardando testar o produto,1.0,1,positivo
88521,"Não tive problemas com a entrega nem com o produto, o problema foi com o pagamento que passou 2 vezes no meu cartao, fiz uma reclamação e não tive resposta. Ainda estou aguardando.",1.0,0,negativo
94788,Loja confiável e o produto chegou como eu esperava,1.0,1,positivo
9443,"Apesar de saber da seriedade da loja, me supreendi negativamente pois meus produtos não foram entregues.",0.0,0,negativo
70941,"Produto ótimo, entrega excelente",1.0,1,positivo
29968,Produto lindo! A entrega veio com 14 dias de antecedência...super recomendo!,1.0,1,positivo
52961,Comprei dois kit para maquiagem chegou apenas um. Recomendo muito sempre comprei nas lannister sempre chegou certo primeira vez que não veio certo,0.0,0,negativo
41208,um absurdo eu gosto de compra na stark mais esse passou dos limites paguei e ja faz um mes e não recebi meus produtos estou decepcionado,0.0,0,negativo
98682,"O produto em si não testei, não instalei ainda na esteira. No entanto a rapidez na entrega foi eficiente. Parece resistente, porém somente com o uso prolongado é que permitirá uma melhor avaliação.",1.0,0,negativo
45658,Ótimo produto é entregue bem antes do prazo. Super recomendo.,1.0,1,positivo
80552,INCLUSIVE QUERO O DINHEIRO DE VOLTA,0.0,0,negativo
3070,Ótimo,1.0,1,positivo
29361,"Recebemos os produtos e já estão em operação. Obrigado!!!",1.0,1,positivo
47396,NORMAL,1.0,1,positivo
3615,"Linda as peças, ficou uma maravilha.",1.0,1,positivo
901,Ótimo produto.,1.0,1,positivo
5779,"Recebi antes do prazo Material excelente Recomendo",1.0,1,positivo
67874,Produto bem acabado,1.0,1,positivo
37850,Rápido na entrega parabéns,1.0,1,positivo
74078,A entrega poderia ser mais rapida.,1.0,0,negativo
8583,Produto de qualidade,1.0,1,positivo
3656,bom recomendo,1.0,1,positivo
58656,Comprei o Kit e a película que veio é para o Iphone X e não para o Xperia X conforme descrito no produto.,0.0,0,negativo
31586,ótimo produto e entregue dentro do prazo estabelecido.,1.0,1,positivo
26448,"O Primeiro produto veio com defeito. Depois que reclamei enviaram outro rapidamente, em perfeito estado e ainda levei um brinde. Pode confiar, eles respeitam o consumidor!",1.0,1,positivo
30337,Travesseiro ok,1.0,1,positivo
47816,tudo certo,1.0,1,positivo
9859,O prazo já passou e nada do produto chegar.,0.0,0,negativo
95109,Adoro comprar no baratheonr sempre compre e sempre recebo a mercadoria antes do prazo.muito bom eu recomendo.,1.0,1,positivo
33011,Perdi totalmente a confiança nas compras on line dessa loja. Não recebi nem o produto nem respostas,0.0,0,negativo
78799,A equipe targaryen entrou em contato comigo e mostrou que respeita os clientes,1.0,1,positivo
21302,Comprei um produto e enviaram outro completamente diferente e com a nota fiscal descrita com o produto que eu comprei.,0.0,0,negativo
54508,Demorou um pouco para chegar mais veio a mercadoria correta.,1.0,0,negativo
28181,"Produto de qualidade, entrega antes do prazo. Excelente",1.0,1,positivo
91307,"Gostei muito de comprar desta loja e a entrega do produto foi de uma forma muito melhor do que o anúncio que comprei, uma simples faca foi entregue como uma jóia. obrigado",1.0,1,positivo
80679,EU NÃO RECEBI O PRODUTO POIS O VENDEDOR NÃO PODE FATURAR EM NOME DA EMPRESA COM O CNPJ. SOLICITEI CANCELAMENTO DA COMPRA.,1.0,0,negativo
7884,Produto diferente da foto. Produto sem fecho e por isso não serve.,0.0,0,negativo
84215,"Progressiva realmente maravilhosa, sem cheiro ruim e deixa o cabelo muito hidratado e brilhante!",1.0,1,positivo
74939,"gostei do formato e da qualidade, espero que dure também, aparentemente material muito bom, recomendo",1.0,1,positivo
85605,Estou solicitando a devolução do produto.,0.0,0,negativo
81513,"Compramos uma torneira para o banheiro , torneira cascata e é uma peça muito delicada de vidro , ela veio com um trincado no círculo, fiquei muito chateado pois não é uma peça cara c defeito",0.0,0,negativo
14439,Prazo de entrega absurdo aguardei pacientemente o prazo e a entrega não ocorreu quero a devolução do valor pago pelo produto e o valor pago a título de frete também. não recomendo aliás desaconselho,0.0,0,negativo
58677,"Minha filha tem 2 anos e 86 cm de altura, para o tamanho dela foi legal, se seu filhote ou presenteado for maior, é melhor comprar uma cozinha maior. A Qualidade do material é bom.",1.0,1,positivo
59270,"Muito bagunçado, não recomendo",0.0,0,negativo
89627,Recomendo,1.0,1,positivo
73140,Entrega muito rapida chegou bem antes do prazo em perfeitas condições achei perfeto otimo acabamento chegou bem embalado com lacre de garantia produto de otima qualidade.,1.0,1,positivo
77492,O produto estava quebrado.,0.0,0,negativo
76407,"Produto bom! Como mostra no anúncio. Só esperei que o produto fosse de uma qualidade melhor, me refiro ao material. Lindo e bonito, mas o material é fino! Mas pelo preço compensa.",1.0,1,positivo
94055,"Bom produto, conforme anunciado, recomendo.",1.0,1,positivo
15681,"Satisfeita,pelo produto",1.0,1,positivo
49919,Infelizmente nao foi entregue os pendulos.....,0.0,0,negativo
6418,"Comprei dois kits de almofadas e só foi entregue apenas um kit de almofada, está faltando o outro kit e niguem me respondeu até agora se vão me entregar o outro kit",0.0,0,negativo
4313,Parabéns!!!!,1.0,1,positivo
52416,Pedido entregue antes do previsto.,1.0,1,positivo
88631,Vcs estão de. Parabéns,1.0,0,negativo
22138,"A descrição do produto está muito confuso....SEGUE DETALHAMENTO...... aíses Europeus Controle De Ipod Traseiro, Pode Carregar O Ipod/Iphone Rca Câmera De Visão Traseira De Entrada Relógio Em Tempo Re",1.0,0,negativo
57155,"Problems existem, porem, necessario compreende-los.",1.0,0,negativo
6026,"Produto bom, adorei",1.0,1,positivo
92494,"Comprei uma Bike já faz 40 dias e ainda não chegou, vou processar essa empresa.",0.0,0,negativo
80019,Comprei 2 unidades do produto e só recebi 1,0.0,0,negativo
35876,Muito Bom,1.0,1,positivo
57367,"Recomendo super rápida a entrega,chegou antes do prazo.",1.0,1,positivo
68097,"targaryen APROVADA! Faltou apenas uma embalagem de papelão além da embalagem principal do próprio produto, mais por segurança. Mas eu recomendo a loja e o produto.",1.0,1,positivo
91851,"A gente compra e espera receber o que comprou e quando chega está errado, gera toda um incômodo de efetuar troca. Só espera que a troca seja ita de forma correta.",0.0,0,negativo
58339,Produto entregue fora do prazo previsto. E com medidas diferentes da descrição da pagina na web.,0.0,0,negativo
97959,Tudo perfeito.,1.0,1,positivo
28623,"Recebi o produto, instalei e está tudo certo. Dentro do prazo",1.0,1,positivo
8644,"Produto de péssima qualidade, nada haver com a foto. A saia não é reta igual na foto, fica cheia de pregas. Não compram, só queria o meu dinheiro de volta!!!",0.0,0,negativo
92100,"Produto bom, entregue dentro do prazo.",1.0,1,positivo
79673,Produto entregue conforme descrição. Muita fofa!!!,1.0,1,positivo
15608,"Produto é o que eu esperava, satisfeito com a compra.",1.0,1,positivo
50099,Comprei 03 unidades de cortina rolo e foi entregue apena 02 unidades. Já entrei em contato com a loja e ainda não obtive resposta,0.0,0,negativo
86325,Lija otima,1.0,1,positivo
10151,Satisfação 100%,1.0,1,positivo
83184,"Achei que demorou um pouco a entrega mas tudo bem, pelo menos a chaleira é linda dorei.",1.0,1,positivo
78118,Loja parceira de www.lannister.com e por isso merecedora de crédito.,1.0,1,positivo
27805,"Preciso que reevie o produto pelos correios novamente para mim, por favor pois já paguei o produto. E não recebi o produto.",0.0,0,negativo
1226,"só acho que poderia ter comprado mais cartuchos, mas não as fiz porque cada cartucho veio em um frete diferente, coisa que poderiam ser colocados em um único pacote, o que baratearia o frete.",1.0,0,negativo
55439,produto entregue conforme pedido e dentro do prazo.,1.0,1,positivo
58496,Produto entregue 1 dia após a emissão da nota fiscal.,1.0,1,positivo
79634,Só não gostei da taxa de entrega muito alta,1.0,0,negativo
24222,"Como o produto foi violado, já entrei em contato com o baratheon que segundo a atendente será reenviado outro quite.Quero salientar ainda que o único produto que me entregaram foi o fixador de cachos.",1.0,0,negativo
35301,"Não recebi o meu produto e ao enviar um pedido de suporte, não fui respondido dentro do prazo",0.0,0,negativo
17107,falta uma cortina e um tapete,0.0,0,negativo
27724,"Enviaram outro produto no lugar e eu abri a embalagem,estou decepcionado com o atendimento.",0.0,0,negativo
78768,"o produto não estás sendo reconhecido pela impressora , ou seja não consegui usar o produto e solicitei a devolução.",0.0,0,negativo
84989,Amei. Os gatos não estão fazendo xixi onde coloquei as pastilhas. Recomendo,1.0,1,positivo
74895,Nota 10,1.0,1,positivo
23244,"Eu tive que retirar no correio, sendo que paguei o frete. É a segunda encomenda que tenho que retirar nos correios, estou cancelando minha conta.",0.0,0,negativo
29371,Muito bom o produto.,1.0,1,positivo
40978,ok,1.0,1,positivo
85485,Parabéns. Estou muito satisfeita,1.0,1,positivo
23480,voltarei a comprar ais estou muito satisfeito obrigado,1.0,1,positivo
32290,"O produto estava anunciado no site, mas não tinha no estoque. O dinheiro foi estornado para o meu cartão. Transtorno leve.",0.0,0,negativo
26018,"O produto chegou a ser entregue, porém foi recusado, poisja havia cancelado por ter comprado o tamanho errado!",1.0,0,negativo
12261,Muito bom,1.0,1,positivo
35650,exelente remomendo,1.0,1,positivo
85322,Adorei,1.0,1,positivo
63818,Chegou antes do prazo,1.0,1,positivo
79030,Rapida entrega...bem antes da data,1.0,1,positivo
39819,vale a pena. muito rápida a entrega.,1.0,1,positivo
48682,"Já sou cliente a muitos anos, é uma empresa séria q tem compromisso com seus clientes, por isso recomendo.",1.0,1,positivo
19,Péssimo,0.0,0,negativo
40143,"este produto foi bem resolvido,,,,",1.0,1,positivo
2647,Falta receber o protetor de porta e os jogos de cama de solteiro,0.0,0,negativo
84610,Comprar na lannister é muito bom...virei fã,1.0,1,positivo
87529,"chegou antes do prazo, porém tive que retirar no correio, mesmo no ato da compra tendo optado pela entrega na minha residencia.",1.0,0,negativo
52012,Muito bom,1.0,1,positivo
40273,"o produto foi entregue, porém um conjunto e foram comprado dois conjuntos. Gostaria de saber quando receberei o segundo conjunto. Já é o segundo problema consecutivo que tenho com vocês.",0.0,0,negativo
17622,É uma loja séria com produtos originais gostei muito parabéns,1.0,1,positivo
64555,Produto entregue dentro do prazo... recomendo,1.0,1,positivo
80626,"Ótima loja, entregaram antes do prazo, produto veio conforme o pedido, já instalado e funcionando perfeitamente.",1.0,1,positivo
36077,Ótima loja,1.0,1,positivo
65610,Super recomendo chegou bem antes do prazo e o produto de boa qualidade.,1.0,1,positivo
66991,A saia da minha cama veio ota cem nem um defeito eu encomendo a outras pessoas.,1.0,0,negativo
78960,recebi. o produto bem antecipado recomendo minha primeira compra pela net fiquei Muito Feliz,1.0,1,positivo
90211,ÓTIMO,1.0,1,positivo
57951,"Chegou antes do prazo estimado, veio até com a hora acertada, único porém é que não veio na caixa, mas estou super satisfeito com o relógio, superou minhas expectativas.",1.0,1,positivo
29266,DEMORA DIMAIS NA ENTREGA PEDIDO AVALIAÇÃO E O PRODUTO AINDA NEM CHEGOU,0.0,0,negativo
73195,"O produto chegou muito rápido e como o descrito no anúncio, precisei fazer algumas mudanças devido as necessidades específicas do meu serviço..",1.0,1,positivo
13618,"Não recebi meu produto, já entrei em contato com a loja várias vezes, até liguei para os Correios para ver o que tinha acontecido, mas até agora nenhuma resposta. Muitissimo decepcionada!!",0.0,0,negativo
68852,Chegou dentro do prazo e estou satisfeito,1.0,1,positivo
163,Gostei da atenção com a entrega,1.0,1,positivo
39345,"Recibi o produto antes do prazo, veio conforme o pedido e gosdei muito. Parabens pela seriedade Obrigado",1.0,1,positivo
92243,Envio e entrega super atrasados.,0.0,0,negativo
40586,"Oferta falsa, não comprem !! Não entregam, não existe produto!",0.0,0,negativo
52491,tudo joia,1.0,1,positivo
2363,"lannister me decepcionou, sempre compro pela Internet, já tive que fazer devolução e troca de produtos e nunca foi tão difícil quanto em minha experiência com lannister.com.",0.0,0,negativo
68544,Estou no aguardo do produto !!,0.0,1,positivo
59210,atendimento excelente,1.0,1,positivo
14102,"Produto de boa qualidade, não acompanha fio, recomendo o fio blindado, para evitar interferência e não acompanha protetor anti vandalismo.",1.0,0,negativo
84687,"Material resistente, porém não achei bonita como no perfil.",1.0,0,negativo
80376,eficiencia,1.0,0,negativo
22545,"Os produtos foram entregues mas, 1 espelho estava quebrado. Como faço para trocar? Sou o Síndico do Condomínio.",0.0,0,negativo
51863,"Produtos entregues no prazo, excelente qualidade",1.0,1,positivo
23647,Muito bom foi entregue antes do prazo,1.0,1,positivo
17225,"Um parafuso veio com defeito Tive que adaptar  Deveriam testar antes  Mas no geral produto ok",1.0,0,negativo
62912,"Entrega super rápida , produto exatamente como pedi , tudo lacrado e certinho. Ótimo..",1.0,1,positivo
35209,muito boa entrega antes do prazo .,1.0,1,positivo
73999,Site confiável. O produto foi entregue antes do prazo previsto.,1.0,1,positivo
40969,Produto chegou na data prevista e de bom qualidade,1.0,1,positivo
87534,"Recomendo, com certeza. Bolsas grandes, otimo material. Pesada, mas muito linda e bem dividida.",1.0,1,positivo
29231,"produto maravilhoso, otima qualidade",1.0,1,positivo
99744,"Não entregou até agora,éo correio fala que não tinha ninguém pra recebe",0.0,0,negativo
67521,PRODUTO ÓTIMO.,1.0,1,positivo
74116,o produto chegou no prazo estabelecido e estou satisfeita com a minha aquisição.,1.0,1,positivo
93283,"tudo certo, entrega rapida e produto de boa qualidade",1.0,1,positivo
82705,"Excelente produto com a entrega realizada de forma muito rápida, recomendo.",1.0,1,positivo
90739,precisa melhorar muito,0.0,0,negativo
58484,Satisfeito,1.0,1,positivo
91243,made in china com etiqueta enorme escrita....msm marca e padrão do produto vendido em minha cidade que por sinal adquiri pro aparelho anterior...conclusão? Paguei + que o dobro por algo de camelodromo,0.0,0,negativo
64179,"gostei bastante, achei bonito",1.0,1,positivo
696,tudo certinho entrega no prazo ótimo.,1.0,1,positivo
2310,"LOJA CONFIAVEL, MAS AINDA NÃO RECEBI O PRODUTO",1.0,0,negativo
64343,"a luminária é linda , mas comprei e paguei 3 luminárias , só que foi entregue apenas uma luminária",0.0,0,negativo
17198,"nao consigo dizer precisamente porque o fogao chegou para meu inquilino e nao tenho contaot com ele, so atraves do corretor. aparentemente ocorreu tudo ok.",1.0,0,negativo
40694,Entrega dentro do prazo! Tudo ok.,1.0,1,positivo
82853,"O produto é bom,tem qualidade e a entrega foi rápida.",1.0,1,positivo
12361,Muito boa a atenção do vendedor.,1.0,1,positivo
53316,Comprei 02 lanternas e só me enviaram 01. Preciso saber como vai ficar agora?,0.0,0,negativo
40053,"É com muita tristeza que venho realizar essa avaliação, pelo fato de a mercadoria não ter chego até agora, e pra piorar, no histórico do rastreio está que o objeto nem chegou em uma das unidades CTE.",0.0,0,negativo
50599,"por ser a primeira compra não tenho o que reclamar ,foi bom de compromisso.",1.0,1,positivo
93953,Entrega rápida,1.0,1,positivo
48108,"Bons produtos, muito bonitos, entrega rápida  e com bom preco.",1.0,1,positivo
80065,Bom custo x benefício pra proteger o crânio da criançada,1.0,0,negativo
60483,Apenas achei o prazo de entrega bastante longo...,1.0,0,negativo
35252,"Comprei o produto no site, porém depois de uns 15 dias me informaram que o fornecedor não iria fazer a entrega. Fiquei na mão!",0.0,0,negativo
38649,Excelente produto e entrega rápida! Satisfeita!,1.0,1,positivo
95208,Produto veio antes do prazo informado. Muito obrigado pela agilidade!,1.0,1,positivo
17950,Boa qualidade,1.0,1,positivo
60931,"As dimensões da capa não serviu para Del Rey , material fino, o elastico já se partiu ao coloca e a capa pelo tamanha não ser o compatível para o veículo isso porque colocamos a capa em 2 pessoas .",0.0,0,negativo
99905,Produto de muito boa qualidade!,1.0,1,positivo
66247,Recebi antes do prazo e relógio é lindo,1.0,1,positivo
90033,Bom acabamento. Excelente atendimento.,1.0,1,positivo
83010,Fui muito bem atendida!,1.0,1,positivo
91605,Produto veio com defeito,0.0,0,negativo
56362,"Ola boa noite , produto não foi entregue ?",0.0,0,negativo
91911,"O atendimento foi muito atencioso. No momento do pedido esqueci de verificar a voltagem, mas o pessoal da Gatolino entrou em contato comigo pra confirmar e deu tudo certo! Os gatinhos estão amando!",1.0,1,positivo
97188,"O vaso é bonito,mas nao vale o preço!Muito caro para ser um vaso de plástico!",1.0,0,negativo
9558,"Recebi 2 produtos: o SUPORTE S250 e a GAITA 96 vozes EM 22/06/18.PERCEBI UM ENGANO MEU e liguei 4003-4848 neste dia, pedindo a troca dos produtos. O atendente deu OK e me orientou BEM para agir...",1.0,1,positivo
77719,Produtos recebidos foram de acordo com minha expectativa.,1.0,1,positivo
85172,"Tecido de qualidade e a estampa é linda, recomendo.",1.0,1,positivo
11619,NUNCA MAIS COMPRO NESSA PORCARIA!,0.0,0,negativo
10383,Foi muito bom comprar com vocês,1.0,1,positivo
1910,Tudo correto exceto a demora que não é culpa do fornecedor e sim dos Correios.,1.0,0,negativo
79508,"Produto muito bom, dentro das condições que foi anunciado. Chegou antes do prazo.",1.0,1,positivo
51628,Estou muito satisfeito obrigado.,1.0,1,positivo
55965,"produto de péssima qualidade a estampa do skate veio errada capacete fraco, proteções fracas",0.0,0,negativo
83053,5 estrelas sempre foi,1.0,1,positivo
46379,"Apesar da paralisação dos caminhoneiros no final de maio, o produto chegou no final do prazo sugerido no sistema. Foram bem atenciosos no sistema de SAC quando perguntei com relação ao envio.",1.0,1,positivo
59636,Site confiável e chegou antes do prazo,1.0,1,positivo
38398,Muito rapido,1.0,1,positivo
18872,"A loja ótima, o produto ainda não sei.",1.0,0,negativo
46626,Veio a cor errada e não estou conseguindo encaixar corretamente as pulseiras.,0.0,0,negativo
18679,recebi o produto em 10 dias e o produto está funcioando,1.0,1,positivo
31621,O produto me foi entregue antes do prazo previsto e em perfeitas condições. Estou muito satisfeito.,1.0,1,positivo
34653,"Linda mesa com um tamanho ideal,muito util e pratica",1.0,1,positivo
48233,"O vendedor compre com o que diz no site, o produto chegou dentro do prazo e e de ótima qualidade.",1.0,1,positivo
23271,PRODUTO DE QUALIDADE E NO TAMANHO IDEAL.,1.0,1,positivo
10290,Pedi um produto e veio outro,0.0,0,negativo
30402,Entrega realizada quase dois meses após a data prevista.,0.0,0,negativo
4335,"Muito bom sim, mas nada mais que a obrigação fazer tudo direito pagamos pra isso mesmo se fosse de qualquer jeito não teria lógica pagar pelo serviço",1.0,0,negativo
48125,Só chegou o acoplamento dos carro. O carrinho e bebe conforto não veio.,0.0,0,negativo
4046,"Muito boa recomendo muito, eu recebi muito antes do prazo veio correro. Muito bom",1.0,1,positivo
30218,Recomendo super no prazo,1.0,1,positivo
34216,Produto bom e sua entrega foi no prazo.,1.0,1,positivo
52041,"BOM DIA!!  DESCULPA MAS NAO GOSTEI DO PRODUTO QUE COMPREI,ALIAS FIQUEI DECEPCIONADA POIS NA IMAGEM PARECIA UM PRODUTO DE QUALIDADE E NA REALIDADE É TOTALMENTE O CONTRARIO AS TOALHAS TECIDO PÉSSIMO.",0.0,0,negativo
94242,"O produto chegou antes da data prevista e é exatamente o que eu tinha imaginado. Adorei as luminárias e recomendo a compra deste produto, pois são lindas e baratas.",1.0,1,positivo
93044,Não entregou o produto e muito menos um reebolso,0.0,0,negativo
43098,muito bom...pedido entregue no prazo e produto Veio correto...estou muito satisfeito...recomendo...obrigado,1.0,1,positivo
60701,Perfeito . Comprei não para bolo e sim para fazer sabao de roupas . Bem resistente o produto . Recomendo,1.0,1,positivo
37352,A compra foi cancelada sem eu ter solicitado!,0.0,0,negativo
9625,recebi certinho,1.0,1,positivo
49079,Perfeito no compromisso.,1.0,1,positivo
16519,"Completou um mês que efetuei essa compra, cuja nota fiscal veio incorreta, com o valor bem abaixo do que paguei, prometeram correção e até agora não houve nem sequer um contato da targaryen.",1.0,0,negativo
8143,Muito bom,1.0,1,positivo
43714,Não recebi o produto !,0.0,0,negativo
49641,otimo,1.0,1,positivo
27835,"Amei!! O perfume é maravilhoso!! Tudo o que eu sempre quis!!  Super r",1.0,1,positivo
93700,"Produto de exelente qualidade, recomendo pois chegou antes do prazo e veio certinho sem nenhum defeito",1.0,1,positivo
37415,"Gostei muito do produto, muito prático!! Amei!",1.0,1,positivo
94704,Recebi bem rapido antes do prazo,1.0,1,positivo
40211,"Cancelei o produto e ainda não obtive retorno quanto ao estorno em meu cartão, muito pelo contrário, veio a cobrança do mesmo!",0.0,0,negativo
19809,Comprei 2 espadas do minicraft 60 cm brilhante azul. Recebi apenas 1 (uma) e de 45cm. Quero receber as duas espadas adquiridas e no tamanho que foram vendidas e pagas.,0.0,0,negativo
39671,Chegou no prazo.,1.0,1,positivo
32773,Bom,1.0,1,positivo
49580,"É um kit bom de qualidade, no entanto o pincel de esfumar é muito magrinho.",1.0,0,negativo
9280,Recomendo para qualquer pessoa fazer a compra nesta loja pois a entrega ocorreu antes do prazo.,1.0,1,positivo
34026,produto realmente bom,1.0,1,positivo
89915,Produto chegou antes do prazo,1.0,1,positivo
10510,O produto chegou antes do prazo e em perfeitas condições. Estou muito satisfeito!!,1.0,1,positivo
68134,Nota 10 gostei muito produto muito bom,1.0,1,positivo
48864,"Estava ancioso para receber o carregador, porém apareceu que o fornecedor não possuía o produto, sendo que já havia pago por ele. Achei um desrespeito comigo como consumidor.",0.0,0,negativo
57902,Muito lindo,1.0,1,positivo
79557,"Comprei um cabo tipo c para utilizar no meu moto z play, e recebi um cabo mini usb",0.0,0,negativo
18780,"Excelente, gostei.",1.0,1,positivo
64890,Esperava no minimo pontualidade,0.0,0,negativo
84217,"tive um transtorno muito grande com relação a compra que fiz de 02 luminárias meia lua roxa, foi enviado somente 01 e depois de 40 dias prazo da entrega informaram que iram devolver o credito.",0.0,0,negativo
85977,Exelente compra,1.0,1,positivo
77255,Chegou bem antes do prazo.,1.0,1,positivo
76267,muito bom as compras realizadas pela lannister .com,1.0,1,positivo
97145,"Recebi em perfeito estado, e bem antes do prazo espero q nao de problemas, esta tudo otimo..",1.0,1,positivo
13236,"Atraso na entrega sem dar satisfação ao cliente, que com certeza escolheu o produto com cuidado e com as melhores expectativas. Falta de consideração.",0.0,0,negativo
85761,"gostei muito!!,foi entregue antes do prazo, parabéns pela equipe.",1.0,1,positivo
94568,sua loja e um merda tem 20 dia espera minha mochila ate agora nada comprei um celular levo 2 meses para chega voce nao saber atende bem quero minha mochila ass alan correa barcelos,0.0,0,negativo
68129,Tudo perfeito eu super recomendo.,1.0,1,positivo
61649,Gostei bastante muito grande e bonita,1.0,1,positivo
95110,"Gostei muito do produto alinha certo veio na embalagem original,nota fiscal num envelope,(achei formidável ) merecem nota máxima em organização, qualidade do produto, veio certinho na caixa .",1.0,1,positivo
67551,"Boa noite!  Infelizmente o produto é bem menor em tamanho do que imaginava. Gostaria de efetuar a troca. Grata",0.0,0,negativo
55,boa,1.0,1,positivo
70815,Primeira compra de varias que ainda irei fazer. Prazo certinho e linda as correntes,1.0,0,negativo
47448,"Produto muito bom, custo de acordo e serviço de entrega perfeito. Só tenho elogios a fazer a toda a operação!",1.0,1,positivo
19423,Produto de ótima qualidade e entrega dentro do prazo,1.0,1,positivo
49666,"gostei do produto, gostei como ele chegou, por ser frágil, veio muito embalado",1.0,0,negativo
60729,"Fiz a comprar de does relógio de pulso e não recebi a mercadoria   Relógio Feminino De Pulso Ieke Malha Colorida - Branco",0.0,0,negativo
2940,"Ainda não foi feito tosa com ela , mais em principio muito boa",1.0,0,negativo
10134,não utilizei o produto ainda,1.0,0,negativo
6524,Comprei várias coisas na lannister sempre veio antes do prazo...agora testa o remédio se funciona mesmo a expectativa é grande...,1.0,1,positivo
1393,Satisfeito,1.0,1,positivo
19532,as lojas lannister sempre cumpre o que promete ; super recomendo,1.0,1,positivo
33227,recebi no tempo certo.obrigado.,1.0,1,positivo
47137,Produto ótimo! Recebi dentro do prazo estipulado.,1.0,1,positivo
74501,Podem confiar. Muito boa.,1.0,1,positivo
5273,Não recebi meu produto até hj. E não recebi nenhuma satisfação.,0.0,0,negativo
44942,Chegou logo,1.0,1,positivo
54918,"A bomba é ótima, não dói e é fácil de ser utilizada.",1.0,1,positivo
93226,Recomendo a todos,1.0,1,positivo
45049,"Estou satisfeita com o atendimento e com a pontualidade da entrega. Parabéns.",1.0,1,positivo
15166,chegou no prazo,1.0,1,positivo
28308,"SÓ COMPRO NAS lannister ÓTIMA LOJA, ENTREGAS ANTES DO PRAZO,",1.0,0,negativo
3526,Gostei muito e recomendo a loja e o produto... Grato,1.0,1,positivo
50140,"Alegaram não ter o produto para entrega,acho que deveriam ver antes de colocar na venda de tem ou não o produto",0.0,0,negativo
2475,"trata-se de empresa renomada, portanto, isso é uma das virtudes desta empresa pelo grau de confiabilidade e honestidade. Recomendo a todos que interessarem que podem fazer compras através desse site.",1.0,1,positivo
62842,Eu comprei um produto e me enviaram outro..estou insatisfeita...,0.0,0,negativo
96031,"O produto chegou em perfeitas condições, dentro do prazo! E é o que esperava em relação a qualidade! Indico a compra para organizar pequenos espaços!",1.0,1,positivo
95828,Recomendo entrega muito rápida,1.0,1,positivo
42558,O atraso foi culpa dos correios.,1.0,0,negativo
94213,Entregou bem antes do prazo.,1.0,1,positivo
65201,"Produto foi entregue muito rápido, produto muito bom!",1.0,1,positivo
63505,satisfeito com o atendimento das lojas lannister,1.0,1,positivo
42055,tudo conforme o anúncio,1.0,1,positivo
27095,Recebi antes do prazo de entrega informado e o produto veio devidamente embalado e com NF. Recomendo 100%,1.0,1,positivo
94220,execente,1.0,0,negativo
91331,blza,1.0,0,negativo
22562,Recomendo esse vendedor,1.0,1,positivo
76834,O produto não está funcionando.,0.0,0,negativo
11903,Atendeu minhas expectativas,1.0,1,positivo
66691,"O produto que eu adquiri, é ótimo! E a entrega foi bem rápida. Com certeza vou indicá-los. muito obrigado",1.0,1,positivo
66141,Produto com medida menor do que a informada no site,0.0,0,negativo
30042,Paguei por 6 cadeiras e entregaram apenas 5,0.0,0,negativo
58587,Meu produto nao foi entrrgue,0.0,0,negativo
41192,produto entregue muito antes do prazo estipulado,1.0,1,positivo
77932,Produto com o menor preço do mercado e chegou antes da data indicada!,1.0,1,positivo
16980,"Produto entregue antes do prazo , em boas condições de acondicionamento.",1.0,1,positivo
39585,"A loja entregou antes do prazo, gostei sim e recomendo..",1.0,1,positivo
56225,hiper recomendo,1.0,1,positivo
39142,"Produto de boa qualidade, mas a pelicula nao pega a tela toda e isso me incomodou um pouco. Mas no geral muito bom o Kit.",1.0,0,negativo
23129,"Produto de qualidade,entregue antes do prazo",1.0,1,positivo
78065,não tenho do que me queixar sempre compro e recebo direitinho e antes do prazo acho otimo,1.0,1,positivo
31267,Ótimo produto em ótimo prazo de entrega,1.0,1,positivo
64399,Bom vendedor chegou dentro do prazo tudo ok,1.0,1,positivo
14723,"Pedido chegou incompleto! Aguardando o restante. Agradeço",0.0,0,negativo
7764,"CONFORME O ANUNCIO, RECOMENDO",1.0,1,positivo
25261,"Oi produto e muito bom, porém não vem informando onde comprar o refil de cola , no restante é perfeito.",1.0,0,negativo
83167,otima compra,1.0,1,positivo
87346,otima,1.0,1,positivo
9775,Adega rústica e simples de montar. Excelente!,1.0,1,positivo
40411,"Estou muito insatisfeita pois solicitei o cancelamento no dia seguinte à compra e de acordo com a lannister, após 48h eu teria o retorno da solicitação. Até hoje nenhuma posição.",0.0,0,negativo
6326,Execelente,1.0,1,positivo
95549,Produto entregue rapidamente e muito bem embalado.,1.0,1,positivo
68577,Está cada vez mas ruim,0.0,0,negativo
73316,"Eu comprei duas e so foi entregue uma. Ainda estou aguardando a solução do problema pq eu paguei por duas e so recebi uma.",0.0,0,negativo
25486,"Primeira vez que faço compra com eles , comprei um cartucho dá marca Canon e eles me enviaram o compatível .Resultado não funcionou na minha impressora",0.0,0,negativo
8793,ate proxima,1.0,0,negativo
52377,Excelente meu esposo amo,1.0,1,positivo
10972,"Produto entregue antes do prazo, fácil de instalar e todo suporte prestado. Obrigado",1.0,1,positivo
7945,"Não gostei do matéria das cotinas,achei muito veias.",0.0,0,negativo
33675,Recebi o produto certo antes do prazo terminar.,1.0,1,positivo
84596,ok ok,1.0,1,positivo
64905,Gostei do atendimento tudo ocorreu comforme o combinad,1.0,1,positivo
54802,Valor frete elevado,1.0,0,negativo
27535,"Produto de otima qualidade, chegou muito rapido",1.0,1,positivo
83469,PRODUTOS LINDO,1.0,0,negativo
39992,Produto oferecido no site não tinha em estoque. Só fui avisado dias depois. Paguei o produto.,0.0,0,negativo
24594,Recebi antes do prazo.,1.0,1,positivo
49082,Produto de boa qualidade.,1.0,1,positivo
12368,Muito satisfeito,1.0,1,positivo
8921,"chegou em perfeito estado, amei o produto! Super recomendo.",1.0,1,positivo
53346,a questao da entrega ok! só que eu havia pedido o cancelamento da compra pois havia comprado o produto errado mesmo assim enviaram o produto e me encamihou um e-mail para nao receber o produto.,1.0,0,negativo
43786,A lâmpada tem um som razoavelmente bom mais deixa a desejar na iluminação é muito pouca e o meu interesse era realmente ultiliza-la para tal,1.0,0,negativo
66655,"Comprei 6 e só recebi 5. Já entrei em contato e estou aguardando..  Espero não ser prejudicada!",0.0,0,negativo
72606,"Entrega antes da data prevista,produto correto, recomendo :)",1.0,1,positivo
6204,Muito boa veio tudo certinho a gente amo veio antes do prazo super indico ..,1.0,1,positivo
18470,Gostei muito da rapidez na entrega,1.0,1,positivo
11723,chegou antes do prazo,1.0,1,positivo
90015,Produto chegou rápido e foi exatamente da forma que eu imagina. Eu recomendo.,1.0,1,positivo
68738,Olá BOM DIA Ñ recebir meus pididos escova progressiva Salvatore Ok,0.0,1,positivo
96164,top,1.0,0,negativo
59131,Top conforme anunciado,1.0,1,positivo
12015,Recebi antes do prazo estipulado e superou as expectativas.,1.0,1,positivo
36164,"As vezes encontro problemas com os parceiros do stark que prometem uma data de entrega e não cumprem, mas nesse caso a targaryen está de parabéns. Recebi a encomenda antes do prazo prometido.",1.0,1,positivo
80131,Top 10,1.0,1,positivo
64798,"ótimo atendimento, prazo de entrega perfeito. Recomendo",1.0,1,positivo
43692,"Comprei a Garrafa térmica,E um kit de toalhas de 10 toalhas,porém só chegou a Garrafa,Até agora nada Das toalhas.......quero muito um retorno por favor",0.0,0,negativo
3072,Excelente produto. Recomendo.,1.0,1,positivo
72884,"Simplesmente ótimo, como sempre as entregas são muito rápidas além do que posso imaginar.",1.0,1,positivo
90303,Naravilhoso,1.0,0,negativo
41565,"Produto bom . Equivalente ao valor",1.0,1,positivo
87310,"Entrega dentro do prazo, até antes. Preços bons, e loja confiável! Além do produto ser real ao da foto da venda.",1.0,1,positivo
71587,"Chegou antes do prazo, produto cumpri o que promete",1.0,1,positivo
17575,"O produto foi entregue antecipado, custo beneficio muito bom.",1.0,1,positivo
76417,Estão de parabens..,1.0,0,negativo
64012,lannister sempre surpreendendo!! Entregou uma semana antes do prazo!! Obrigada.,1.0,1,positivo
83985,Comprei e paguei por 2 produtos mas somente recebi 1.,0.0,0,negativo
87958,produto bem inferior n gostei achei péssimo.................,0.0,0,negativo
57537,muito bom,1.0,1,positivo
94274,Adorei o tapete. Felpudo com bom acabamento,1.0,1,positivo
42826,Otimo,1.0,1,positivo
6592,"Tesouras afiadas em perfeito estado , design bonito e super faceis de manusear",1.0,1,positivo
80166,Até hoje nem sinal dos produtos. Acho que a lannister tem de saber avaliar as empresas que fazem parcerias...por que essa não tem qualidade.,0.0,0,negativo
12588,A entrega foi realizada antes do prazo.,1.0,1,positivo
64812,"Produto entregue no prazo,material de qualidade produto muito bonito.",1.0,1,positivo
51830,perfeito. original. chegou bem antes do previsto. excelente.,1.0,1,positivo
81191,"Produto de boa qualidade, um tamanho bom pra transporta para qualquer lugar adorei recomendo.",1.0,1,positivo
12239,"Veio apenas 1 travesseiro e comprei 2. Na nota veio como 2 produtos, mas não recebi. Liguei na empresa e me disseram que ainda irei receber o outro e até agora não recebi. Estou aguardando.",0.0,0,negativo
52850,"O produto foi apenas testado e está funcionando. Espero que com o uso contínuo,no alto verão, ele corresponda as minhas expectativas.",1.0,1,positivo
79758,"Os produtos foram adquiridos em 26/02/2018 e prometidos para até 21/03/2018. Portanto, não cumpriram o (longo) prazo.",0.0,0,negativo
72938,Muito bom!,1.0,1,positivo
16091,"Estou muito satisfeita com a lannister e com o meu produto.... meu tapete simples e bonito, obrigada!",1.0,1,positivo
80485,Só não consegui se tem infra vermelho,1.0,0,negativo
10447,...,1.0,0,negativo
65478,Muito bom atendimento.. parabéns!,1.0,1,positivo
40513,Tudo correto! Obrigada,1.0,1,positivo
42312,Antes de recomendar a loja preciso ver se a loja irá trocar o produto que veio com defeito. Para mim minha compra não foi finalizada ainda.,0.0,0,negativo
68204,"O produto estava previsto para ser entregue na segunda semana de abril e o recebi dia 18/03, no sábado. Como sempre, as compras que faço pelas lannister, as entregas são feitas muito antes do prazo!",1.0,1,positivo
60553,muito bom...recomendo,1.0,1,positivo
73348,Produto excelente como eu esperava.,1.0,1,positivo
24221,"correios informa que ate agora não chegou no cd da minha cidade, mas loja que entrega com o correio so se pode esperar isso mesmo",0.0,0,negativo
26265,Ótima,1.0,1,positivo
93284,"Recomendo essa loja, o produto chegou antes do previsto.",1.0,1,positivo
41433,tudo correto,1.0,1,positivo
38090,NÃO RECEBI NADA!,0.0,0,negativo
62086,Ótimo,1.0,1,positivo
3520,"Recebi o produto, porém ao abrir o produto estava danificado, o pior de tudo a grande dificuldade para reclamar e após 3 dias sem nenhuma resposta.",0.0,0,negativo
99652,Muito bom o produto!,1.0,1,positivo
46374,Adorei..chegou antes do prazo,1.0,1,positivo
95502,"Boa noite, não recebi o escorredor de louça, Continuo no aguardo",0.0,0,negativo
12391,Ótimo,1.0,1,positivo
22940,Perfeito,1.0,1,positivo
92615,tudo perfeito,1.0,1,positivo
96205,"Amo comprar na Amazon, compro muito pela internet pra mim, pra outros e a stark nunca, mas nunca me decepciona mesmo!",1.0,1,positivo
76254,"Não chegou o kit de pincéis escova , pode ser que venha em separado, enfim, não gostei da forma do envio, pois a informação é a de que os produtos foram entregues!",0.0,0,negativo
82196,gostei e platico,1.0,1,positivo
14690,A princípio recebi um e fiquei chateada pois o pedido era de 2 suportes.Minha grata surpresa é que hoje recebi o outro.Nao entendi mto bem pq o correio fez isso mas o importante é que é mto bom.,1.0,1,positivo
62120,tudo certo como deve ser uma empresa que zela pelo nome,1.0,1,positivo
39918,Recebi dentro do prazo e de acordo com o que foi vendido! Super recomendo!,1.0,1,positivo
89801,Excelente atendimento e entrega obrigado lannister...,1.0,0,negativo
15011,Dentro do prazo como sempre,1.0,1,positivo
97282,"Uma vergonha uma empresa vender um livro, mas entregar outro que de nada serve para meus estudos. Optei por comprar com a empresa e agora não há mais em outras e nem nessa porcaria... revoltado.",0.0,0,negativo
76420,Muito bom,1.0,1,positivo
42316,ótimo produto,1.0,1,positivo
91703,"Sei que o produto é de ótima qualidade, até pq a marca não deixa a desejar, mas não tem como eu avaliar pois o mesmo ainda não chagou!!!",0.0,0,negativo
8391,Muito rápido,1.0,1,positivo
44676,Chegou antes do prazo muito bom,1.0,1,positivo
87652,Não recebi o produto,0.0,0,negativo
16336,Chegou dentro do prazo em perfeitas condições.,1.0,1,positivo
48550,Tudo nos conformes recebido direito,1.0,1,positivo
33419,"O produto principal veio CORRETO!  mas a FORCE 220V não veio, mandaram um frasco de guárana no lugar. Sendo que não sinto efeito com estas capsulas de guarana.",1.0,0,negativo
8611,MUITO BOM.,1.0,1,positivo
87104,"Produto entregue em perfeitas condições, acho que o pacote deveria vir com o logo da empresa, mas de resto esta bom!",1.0,1,positivo
2278,"Atendimento nota 10. Produto de muita qualidade e prazo de entrega respeitado, aliás chegou muito antes do tempo dado inicialmente! Parabéns.",1.0,1,positivo
18784,A entrega e o atendimento foi otimo super recomendo,1.0,1,positivo
54767,"O produto veio intacto, funcionando bem e o frete antes do prazo",1.0,1,positivo
68110,"Ótimo produto, chegou antes do prazo!",1.0,1,positivo
15993,Não habia o produto. Me reembolsaram sem problemas.,1.0,0,negativo
56862,Produto entregue no prazo.,1.0,1,positivo
44630,Gostei da entrega . a unica coisa que não gostei é que o bocal de onde coloca a luz não está centralizado .,1.0,1,positivo
28722,Não recebi o espremedor,1.0,0,negativo
43598,Não recebi o produto,0.0,0,negativo
89278,Só entregou metade do pedido,0.0,0,negativo
53296,Aconselho a comprar nessa loja deu um prazo de entregar em 20 dias e entregou em menos de 10 dias,1.0,1,positivo
9308,Tenho uma queixa dos correios. Entregaram a encomenda em outro endereço. Sendo que meu endereço estava na caixa. Minha sorte é que quem recebeu me conhecia. Uma total falta de qualidade na emprega.,0.0,0,negativo
88696,Excelente qualidade e rapidez,1.0,1,positivo
89672,Entregue no prazo. Bem embalado. Muito bom!,1.0,1,positivo
83507,Adorei lindas de boa qualidade iguais as da foto,1.0,1,positivo
93680,Não recomendo. Não recebi. Quero reembolso.,0.0,0,negativo
98213,recebi metade do produto .,0.0,0,negativo
9822,"Produto com defeito, solicitei a devolução do mesmo.",0.0,0,negativo
37203,"Fiz a instalação como dizia no manual, porém o aparelho não funcionou.",0.0,0,negativo
82692,Tudo nos conformes.,1.0,1,positivo
10291,"Fiz a compra de 2 cartuchos de impressora, que estou precisando muito, e até agora não recebi.",0.0,0,negativo
81434,"Meu produto estava previsto para entrega em junho/18. Porém houve antecipação sem avisos do site e nem do correios. Por fim, tive q buscar meu produto, isso pq paguei o frete.",0.0,0,negativo
38820,Recomendo o site. Entrega rápida,1.0,1,positivo
90958,"Recomendo! Chegou antes, bem embalado, tudo certinho.",1.0,1,positivo
52519,Melhor do que o esperado,1.0,1,positivo
47499,"Produto bom,chegou antes do prazo!",1.0,1,positivo
850,Tudo cento e no prazo recomento,1.0,1,positivo
45569,Excelente produto porém é cobrado o frete e não é entregue em casa tem que ser retirado no correio não achei justo nesta parte,1.0,0,negativo
7506,"Meu gatinho adorou, pode ser cama ou toca, é macia e bonita!",1.0,1,positivo
46304,"entregue no prazo, produto tudo em ordem, nunca tive problemas com a lannister. super indico.",1.0,1,positivo
93911,Entrega antes da data prevista,1.0,1,positivo
11983,muito bom,1.0,1,positivo
33010,Sempre comprei e fui muito bem atendido.,1.0,1,positivo
32506,Mercadoria entregue dentro do prazo. Poderá ser mais rápido e frete mais barato.,1.0,1,positivo
98498,Produto otimo veio muito bem embalado e chegou 14 dias antes do prazo,1.0,1,positivo
72548,"Comprei o kit do carrinho com bebê conforto e a base e faltou o carrinho, quero uma resposta com urgência.",0.0,0,negativo
46292,Recomendo tanto o site lannister quanto a loja parceira targaryen .,1.0,1,positivo
59402,RECOMENDO !!!,1.0,1,positivo
3570,"Produto chegou dentro do prazo especificado pela loja vendedora e em perfeito estado, nenhuma avaria no mesmos.",1.0,1,positivo
27093,"super recomendo, entrega bem antes do prazo",1.0,1,positivo
78467,"Recebi o produto errado e continua constando que recebi o certo. Ninguém tomou conhecimento de minha reclamação. Aliás, está em duplicata no site, parecendo que recebi duas vezes. Fujam dessa loja.",0.0,0,negativo
85130,"Produto atendeu minhas necessidades e a entrega foi super rápida, o prazo era de 10 dias, mas, recebi em dois dias.",1.0,1,positivo
1043,Produto entregue dentro do prazo .,1.0,1,positivo
66398,Muito bom,1.0,1,positivo
51131,"Produto quebrado em 2 partes, já acionei a garantia deste parceiro da stark mas eles não me retornam contato! Péssimo negócio.",0.0,0,negativo
19279,atendeu o solicitado,1.0,1,positivo
46096,Recomendo o produto chegou conforme o enunciado. Meu filho amou!,1.0,1,positivo
45046,Produto muito lindo. Igual a imagem. Entrega antes do prazo.,1.0,1,positivo
4400,"O produto foi entregue super rápido, fiquei muito feliz com a minha compra, recomendo!!!",1.0,1,positivo
17252,O produto veio com defeito nos botões de ajuste.,0.0,0,negativo
24225,Excelente qualidade.,1.0,1,positivo
17414,Site maravilhoso tanto no atendimento quanto na entrega ... Muito satisfeito!,1.0,1,positivo
5712,Ótimo produto e entrega rapida,1.0,1,positivo
54622,entregue antes do prazo!,1.0,1,positivo
56572,Sem restrição pra compra.,1.0,1,positivo
90063,Chegou antes do prazo,1.0,1,positivo
79881,"só a entrega as vezes e demorada ,guando esperamos o produto em nossa residência como e confirmado no ato da compra e depois aparece que tem que buscar nos correios mais próximo!! se pagamos frete né!",1.0,0,negativo
57591,"A loja em questão descreve o produto como original, mas na verdade é um produto falso, por lei de acordo com o CDC isso é crime pois o produto tem que vir de acordo com as descrições da sua propagand",0.0,0,negativo
11900,PRODUTO CHEGOU CORRETO E ANTES DO PRAZO,1.0,1,positivo
82566,"A bolsa é ótima e o cuidado da loja é o que mais surpreendeu. Laço na sacola, cheiro de bebê, cada detalhe muito bem pensado. Parabéns!",1.0,1,positivo
37413,"AGUARDO ENTREGA DO PRODUTO OU DEVOLUÇÃO DO VALOR- COMPROVADO EM 02 PARCELAS - A PRIMEIRA SERÁ PAGA EM 05/06/2018, NO CARTÃO DE CRÉDITO",0.0,1,positivo
36158,No geral ocorreu tudo bem!,1.0,1,positivo
78316,Recebi o produto de acordo. Obrigado!!,1.0,1,positivo
5244,Bom amei o produto,1.0,1,positivo
39025,sem opiniao ainda nao recebi,0.0,0,negativo
26703,Bom,1.0,1,positivo
45912,Entrega no prazo muito bom,1.0,1,positivo
78641,Muito bom mesmo recebir meu produto antes da data .. muito satisfeito...,1.0,1,positivo
76108,Gosto muito de trabalhar com Empresas que cumprem o que prometeu!,1.0,1,positivo
92532,Espero q as lannister solucione o meu caso o mais rápido possível......e deixando bem claro q esse caso foi um caso isolado...porque no geral as lannister entrega o produto no prazo determinado.,1.0,0,negativo
50775,O prazo de entrega já passou e não recebi nenhuma mensagem com informações.,0.0,0,negativo
65356,Excelente!!,1.0,1,positivo
97997,Comprarei sempre,1.0,1,positivo
36384,"Olha o produto de QUALIDADE, foi entregue com dois dias, após a compra. Um DETALHE, o prazo da entrega seria de 12 DIAS...!!! De fato eu recomendo.",1.0,1,positivo
92049,"Bom dia, Estou muito triste, e decepcionado com stark, não consegui dar o presente de natal para minha filha, por que o carrinho veio com defeito. Aguardei mai 30 dias para receber um novo carrin",0.0,0,negativo
44314,"Produto de qualidade excelente, chegou dentro antes do prazo. Adorei",1.0,1,positivo
17748,Gostei porém diz que eh pra varao de 2 metros e na vdd é menor.,1.0,0,negativo
47867,Ainda não recebi,0.0,0,negativo
25745,"Respeitam os prazos, produtos bem embalados, otimas dimensões, produto atende muito bem o proposto, eu recomendo pode comprar sem medo.",1.0,1,positivo
42894,Loja de confiança! Vendedor atencioso ligou para tirar dúvida sobre a voltagem antes do envio do produto,1.0,1,positivo
13362,encomendei e paguei por 2 unidades do produto (Película de vidro 3D Moto X4) e somente uma foi entregue.,0.0,0,negativo
34009,"Pedido ainda está aguardando nota fiscal,a loja é péssima",0.0,0,negativo
15535,Tenho ótimas experiências com a loja.,1.0,1,positivo
58115,porém os correios deixa a desejar... se tivessem uma trasportadora para fazer entregas seria melhor...,1.0,0,negativo
71932,O produto é otimo pena a entrega ser mto demorada .,1.0,0,negativo
97209,"Previsão de entrega era para o dia 14/08 e foi entregue bem antes no dia 04/08.  Foi ótimo!!!!",1.0,1,positivo
65115,Minha filha adorou as cartas.,1.0,1,positivo
17592,Produto excelente!,1.0,1,positivo
81767,Comprei 2 remedios e me entregaram apenas o1. Preciso dos remedios,0.0,0,negativo
11659,muito bom a compara,1.0,1,positivo
17880,Eficiente transferência e muita informação perfeita gostei muito e vou voltar a comprar em breve muito obrigado.,1.0,1,positivo
40826,"Gostei muito da compra dos quadros! A entrega foi rápida, e os quadros foram exatamente como estavam na imagem!",1.0,1,positivo
6040,"No anúncio dizia Marca--- Canon e eu recebi um produto Similar compatível. Se eu quisesse um produto falsificado/pirata compraria na minha cidade por 10 reais, não precisaria recorrer à internet",0.0,0,negativo
11355,Entrega realizada antes do prazo determinado e a bomba funciona perfeitamente.,1.0,1,positivo
54968,O produto chegou corretamente e antes do prazo,1.0,1,positivo
73515,"Recebo 2 kits de Ômega 3 e comprei 4. No mesmo pedido tinha 1 kit de magnésio dimalato, que não foi entregue.",0.0,0,negativo
19505,"Nao recebi o produto,ja liguei varias vezes estou apreensiva",1.0,0,negativo
39960,Valeu,1.0,1,positivo
4580,Não estou satisfeita com essa compra pois deu que foi aprovada e foi descontado o valor no cartão de crédito porém não sei porque cancelaram a compra e não foi devolvido o valor.,0.0,0,negativo
76707,Atraso na entrega.,0.0,0,negativo
93946,"Gostei muito do produto. Atende as minhas necessidades e tem fácil montagem. Recomendo!",1.0,1,positivo
76926,"Mercadoria chegou muito bem embalada, porém achei demorada a entrega.",1.0,0,negativo
6311,"Produto chegou rápido, direitinho. Recomendo a loja. Super profissionais, mantiveram contato constante até a chegada dos itens.",1.0,1,positivo
57936,"Só posso falar sobre o produto quando começar a usá-lo, o que ocorrerá apenas no próximo final de semana, mas até o momento posso dizer que o atendimento foi top !",1.0,1,positivo
14679,*,1.0,0,negativo
30205,"produto entregue bem antes do prazo e de boa qualidade, recomendo.",1.0,1,positivo
87143,Muito bom,1.0,1,positivo
52057,É uma logística dinâmica que cumpre com suas responsabilidades,1.0,1,positivo
35699,"Logistica ridicula, so nao cancelei o pedido por conta da burocracia e demora na devoluçao do dinheiro, lannister nunca mais",0.0,0,negativo
57712,Ótima loja,1.0,1,positivo
48677,"COMPREI 04, MAS SO RECEBI 02",0.0,0,negativo
55978,Gostaria de ter recebido antes do Natal. Mas foi entregue dentro do prazo estipulado.,1.0,0,negativo
70371,"Na verdade só chegou a metade do pedido, de duas colchas só recebi uma.",0.0,0,negativo
45756,Pela primeira vez me decepcione com um proteto nem acreditei qusndo eu vi produtos e péssima qualidade aff,0.0,0,negativo
67458,"Produto de qualidade baixa, o vidro fica embaçado sempre, veio sem embalagem...",0.0,0,negativo
32618,"Panos lindos e de boa qualidade, super recomendado.",1.0,1,positivo
19891,Entrega feita bem antes do prazo... Muito bom...,1.0,1,positivo
45581,Estao de parabéns,1.0,0,negativo
32449,"Tive um problema com a mercadoria, eu pedi as cortinas na cor caqui e me entregaram na cor cinza... a cor cinza nao me atende preciso que por favor façam a troca pela cor que pedi que é a caqui",1.0,0,negativo
27235,pendente grande muito lindo peguei o preto e amei,1.0,1,positivo
99521,"gostei principal de ter sido entregue antes do prazo, e também a integridade do produto.",1.0,1,positivo
87448,"PRODUTO NAO ENTREGUE, COMPREI DOIS E VEIO SOMENTE UM.",0.0,0,negativo
13207,"Comprei, paguei, e não entregaram!",0.0,0,negativo
23404,"Rápida entrega, produto correto. Boa embalagem.",1.0,1,positivo
49929,"O produto veio embalado apenas por um frágil envelope, o que ocasionou o fato da caixa do cartucho ficar totalmente destruída.",0.0,0,negativo
2754,"Muito bom, já tinha comprado antes e recomendo, por ser um site seguro e com maior satisfação aos seus clientes.",1.0,1,positivo
7469,Gostei,1.0,1,positivo
108,OK RECOMENDO,1.0,1,positivo
21378,Tudo certo,1.0,1,positivo
37898,o produto chegou incompleto comprei tres colchas e so chegou uma,0.0,0,negativo
90867,"Produto mal feito, com rebarbas no alumínio e pintura mal acabada. Não recomendo",0.0,0,negativo
49971,tudo conforme o combinado. Obrigada,1.0,1,positivo
60937,Precisa mais detalhes sabre os produtos.,1.0,0,negativo
35226,faltou manual em portugues... enviaram ingles e japones,1.0,0,negativo
3685,"Relógio muito bonito, preciso e com vários recursos.",1.0,1,positivo
89713,Sem observações,1.0,0,negativo
22441,Blz,1.0,0,negativo
81817,Recebi o produto no prazo. Fiquei muito satisfeito.,1.0,1,positivo
93618,Top,1.0,1,positivo
86046,4,0.0,0,negativo
56445,"OK,RECEBI OSPRODUTOS COM QUALIDADE E ANTES DO TEMPO, SUPER RECOMENDO",1.0,1,positivo
6213,"A transportadora é excelente recebi antes do prazo porém um dos meus produtos veio com cor divergente, espero que eu tenha um retorno.",1.0,0,negativo
85926,"Quero registrar que a entrega foi feita bem antes do prazo mesmo com toda essa confusão por conta da greve. Muito obrigado, super recomendo.",1.0,1,positivo
78703,Valeu,1.0,1,positivo
1487,"Ótimo produto, estou satisfeito com minha compra",1.0,1,positivo
16620,"Adorei e lindo  Recebi ontem dia 29/06  Ainda não instalei  Mas de aparecia é muito lindo",1.0,1,positivo
93104,"Ótimo produto, qualidade e eficiência.",1.0,1,positivo
8767,"Chegou certinho. Produto potente.",1.0,1,positivo
25372,Muito bom,1.0,1,positivo
20635,.,1.0,0,negativo
43527,foi minha primeira vez que comprei e comparei mais vezes,1.0,0,negativo
92045,"Nosssaaaaaaa Superou toooodaas ás minhas espectativas. ... Muito liiiiiindooooooo",1.0,1,positivo
56429,"Muito eficente a entrega de vcs,fiquei impressionada com a agilidade,parabéns a vcs.Mega recomendo!",1.0,1,positivo
83497,"O terceirizado falou que não tinha produto em estoque, com isso a compra foi cancelada e ainda não recebi o estorno do valor no meu cartão de crédito!",0.0,0,negativo
2844,Chegou rápidinho e em perfeito estado. Recomendo,1.0,1,positivo
39587,"Excelente transação o produto chegou mais de 10 dias antes do prazo, intacto, perfeito, com instruções de uso. Super recomendo.",1.0,1,positivo
44870,Vamos aguardar a solução até este momento bem decepcionado,0.0,0,negativo
41776,"Produto muito bom, ótima qualidade e veio conforme mostra a foto! Recomendo!!!!",1.0,1,positivo
56730,Eu comprei 3 nichos e só recebi dois até agora !,0.0,0,negativo
63053,"Excelente, recebi um dia antes do prazo e muito fácil de rastrear a entrega.",1.0,1,positivo
99717,"fui muito bem atendido,tanto virtual com por telefone",1.0,1,positivo
25256,Produto foi entregue antes do prazo e em perfeita condições. Estou satisfeita.,1.0,1,positivo
21896,Super recomendo maravilhosa muito boa,1.0,1,positivo
41984,"Simplesmente decepcionada, até o momento não recebi o produto",0.0,0,negativo
45300,Produto conforme anúncio,1.0,1,positivo
3941,"Comprei um plafon com cristal e dois pendentes, consta no e-mail que me encaminharam que foi entregue, mas os pendentes não recebi, somente o plafon.",0.0,0,negativo
32116,"as correntes são boas, e o material também. a corrente é grossa, servindo para masculino e feminino",1.0,1,positivo
81253,O produto não foi entregue completamente faltou o principal mmmmmmmmmmmmmmmmmmmmmmmmmmmmmmmmmmmmmmmmmmmmmmmmmmmmmmmmmmmmmmmmmmmmmmmmmmmmmmmmmmmmmmmmmmmmmmmmmmmmmmmmmmmmmmmmmmmmmmmmmmmmmmmmmmmmmmmmmmmm,0.0,0,negativo
64376,"falta de respeito com o consumidor, depois de tudo finalizado ,,arrumam desculpa para não entregar ...nunca mais ..o site da lannister não pode ter vinculo com esse tipo de vendedor ,,,",0.0,0,negativo
98662,otima,1.0,1,positivo
65092,gosto de comprar nesta loja.,1.0,1,positivo
30480,Meses depois e ainda não recebi,0.0,0,negativo
16465,"Como pode um relógio vim com os números errados, exijo a devolução do meu dinheiro!",0.0,0,negativo
19679,Comprei o tapete e depois de 2 dia a loja me liga falando q não tinhão o produto em estoque ... Foi reembolsado mais não ganhei nada a mais ....,0.0,0,negativo
57290,"veio correto, no prazo nao tenho do que reclamar",1.0,1,positivo
61132,Bom produto,1.0,1,positivo
61695,"Muito bom, e chegou antes do prazo",1.0,1,positivo
64833,Chegou antes do prazo e eu Amei. Logo logo vou comprar outra.,1.0,1,positivo
11778,Gostei do produto. Recomendo.,1.0,1,positivo
14112,O produto foi entregue antes do prazo. Ótima compra,1.0,1,positivo
40860,Acho q vcs poderiam facilitar a troca do produto. Comprei um jogo de panela. E vcs me mandaram outro. E nao consegui entrar em contato com vcs para poder realizar a troca. Estou muito decepcionada.,0.0,0,negativo
48638,"Senhores é lamentável que a targaryen trate os clientes das lojas lannister com esse descaso,  Não tenho um num de telefone para reclamar, enviei e-mail, não obtive resposta. totalmente insatisfeita.",0.0,0,negativo
16093,Recomendo a todos que fazem compra pela internet,1.0,1,positivo
86174,"Muito rápido, recomendado.",1.0,1,positivo
63049,Estou aguardando a entrega que já esta atrasada,0.0,0,negativo
79137,"Muito bom, recomendo",1.0,1,positivo
41275,super rápido a entrega .,1.0,1,positivo
28485,"chegou mt rapido, e o produto é excelente, top demais o k10 pro",1.0,1,positivo
11931,Amei o produto ótimo preço atendeu minhas expectativas .,1.0,1,positivo
35343,Muito bom comprar no stark,1.0,1,positivo
87667,SATISFEITA COM O PRODUTO,1.0,1,positivo
7995,"Comprei o produto na quinta (19/04) e recebi no feriado (23/04) pela manhã. Além da entrega rápida, veio em perfeito estado.",1.0,1,positivo
48228,"No status do meu pedido estava dificuldade na entrega entrei em contato e disseram que em 48 hs iriam retornar, só que o retorno aconteceu uma semana depois e sem novo prazo para entrega.",0.0,0,negativo
49110,"Recebi num prazo menor que o estimado, produto conforme anunciado, com nota fiscal.",1.0,1,positivo
3655,muito bom,1.0,1,positivo
72236,"Comprei internet em outras loja L/A S/A foi permitido receber na própria loja, agora não aceitaram a solicitação. Estou triste sem saber destino do produto pago e não recebido.",0.0,0,negativo
73223,"Respeito com cliente. Entrga no prazo!",1.0,1,positivo
93761,bom vendedor,1.0,1,positivo
49449,Espero que a baratheon continuem sempre a oferecer os melhores produtos a preços acessíveis e entregar sempre dentro do prazo. Náo é a primeira vez que compro e amigos também dão boas referências.,1.0,1,positivo
2864,PRODUTO MUITO BONITO,1.0,1,positivo
92270,"Não recebi o produto. Previsão de entrega era dia 13/8 e consta que sequer foi despachado ainda, sendo que hoje já é 15/8. Péssima Loja.",0.0,0,negativo
52623,"A capa é ótima, mas a película não cobre toda a tela.",1.0,0,negativo
45763,"Fiz a compra para recebimento do até dia 20/12 e até o momento não o recebi e não há prazo para recebimento do produto. Não gostaria de cancelar a compra, pois quero o produto, mas sem prazo, complica",0.0,0,negativo
59700,- Estou testando.,1.0,0,negativo
72380,Recebi antes do prazo e o produto veio bem embalado só tenho a agradecer a vcs,1.0,1,positivo
77115,PRODUTO SIMPLES MAS DE BOA QUALIDADE,1.0,1,positivo
77731,Ate agora aguardando a entrega..Nâo cumprio o prazo,0.0,0,negativo
25288,Minha opinião é que posso recomendar sem medo de errar agradeço pela entrega até antes do prazo com uma semana de antecedência,1.0,1,positivo
94984,ok,1.0,1,positivo
89691,"Gostei do produto, chegou antes do prazo, e recomendo, sim, com certeza!",1.0,1,positivo
38012,Chegou bem rápido produto de qualidade em relação ao preço,1.0,1,positivo
29360,Tenho comprado algumas vezes neste site e tenho recebido em perfeito estado e antes do tempo previsto.,1.0,1,positivo
93244,entrega rapida produto otimo,1.0,1,positivo
48139,Produto de ótima qualidade!,1.0,1,positivo
31201,"ainda estou aguardando o produto , ja tem quase uma mês que fiz a compra",0.0,0,negativo
56344,O produto chegou rapidamente e bem embalado.,1.0,1,positivo
8487,Produto chegou rápido em ótimas condições e com um preço bem acessível.,1.0,1,positivo
49758,"Apesar da demora de entrega para minha região, é muito seguro comprar neste site.",1.0,1,positivo
68160,Naum conseguirao me entregar sendo ki eh na empresa 24 hrs e fala ki naum tem ninguem no local,0.0,0,negativo
25856,"Comprei esperando um produto original e com selo do inmetro. Recebi 3 bonecos que são claramente falsificados, com embalagens amassadas e sem selo do Inmetro.",0.0,0,negativo
28197,Deveriam contratar transportadora e não correio até o momento não recebi minha encomenda,0.0,0,negativo
68450,"MUITO BOM, MAS DEVERIA ESPECIFICAR MAS SOBRE O PRODUTO....",1.0,0,negativo
17864,Produto não foi entregue,0.0,0,negativo
87912,Comprei duas unidades. E vieram em fretes diferentes. Mas chegaram sem problemas,1.0,1,positivo
47824,Chegou antes do prazo.,1.0,1,positivo
48169,"Veio tudo certinho , irei comprar sempre daí,  Super recomendo 👏👏👏👏👏👏",1.0,1,positivo
69440,ótimo produto e entregue dentro do prazo,1.0,1,positivo
56491,"Ainda não usei, mas achei lindas as toalhas..",1.0,0,negativo
14071,Amei o produto,1.0,1,positivo
99336,"Maravilhoso, comprei e indico qualquer um comprar!",1.0,1,positivo
22440,Perfeito,1.0,1,positivo
1315,Dentro do prazo e informacoes do encaminhamento do produto de forma clara,1.0,1,positivo
92814,"O Produto é bom, minha filha adorou, o material é um pouco frágil, mas atende.",1.0,1,positivo
58290,O produto chegou bem embalado e antes do prazo previsto,1.0,1,positivo
79385,"Produto de ótima qualidade, e entregou bem antes do prazo",1.0,1,positivo
55987,É muito lindo o tapete infantil que eu comprei. Pena não ser maior.,1.0,1,positivo
52982,Não deviam dizer que tinham o produto,0.0,0,negativo
81930,"Ótimo produto, entrega muito antes do prazo!! Super recomendo a loja!!",1.0,1,positivo
61681,Produto nunca chegou na unidade da minha cidade.,0.0,0,negativo
85993,Sempre compro nesse site. MuiMuito bom.,1.0,1,positivo
85423,Dia 17/10 recebi o enfeite Camelo: sem nota fiscal e/ou DANFE. Dia 19/10 recebi a cortina (NF somente da cortina). AINDA NÃO RECEBI os dois Incensários Quadrados em Vidro Amor. Dou nota ZERO a targaryen.,0.0,0,negativo
64827,"Produto de péssima qualidade, muito diferente do anunciado e também de produtos desse tipo que corta a luz. Além disso, estou com dificuldade no contato com a lannister para devolver.",0.0,0,negativo
90721,Muito bom comprar pela lannister.com,1.0,1,positivo
76169,"Não estou satifeita. Realizei a compra no dia 07 de junho e até o Momento não recebi o produto. Quero cancelar a compra",0.0,0,negativo
56834,"Boa noite.  Comprei 3 produtos, e recebi apenas 1, estou aguardando um retorno ref. aos demais produtos comprados.  Aguardo retorno breve.",0.0,0,negativo
34257,"Chegou antes do esperado , muito bom!!!",1.0,1,positivo
67930,Entregue tudo certinho recomendo,1.0,1,positivo
30539,"Loja rápida no envio. Sugiro que troque a transportadora, pois os Correios são péssimos. Tive problema e tive de retirar. Sugiro contratar transportadora igual ao stark.",1.0,0,negativo
40759,"Comprei 5 cadeiras e recebi 3.  Estou aguardando as 2 cadeiras restantes do pedido.",0.0,0,negativo
60924,Entrega no prazo certinho!,1.0,1,positivo
24467,"Muito bom produto Recomendo!",1.0,1,positivo
27861,"Produto chegou corretamente, bem embalado e dentro do prazo.",1.0,1,positivo
47983,ainda não usei mas chegou no prazo combinado,1.0,1,positivo
64572,Dentro do prazo.,1.0,1,positivo
69803,Produto muito bonito e de qualidade,1.0,1,positivo
14182,Corresponde as expectativas,1.0,1,positivo
64433,Preços excelentes!!!,1.0,1,positivo
44675,"Otimo produto, entregue antes do prazo. Muito Bom",1.0,1,positivo
5759,Uma excelente loja e produto maravilhoso,1.0,1,positivo
39396,Chegou bem rápido,1.0,1,positivo
13725,"Estou satisfeita por essa entrega,mas muito chateada pela segunda entrega q ate o momento nao recebi em minha residencia. Recebi e-mail de imprevisto nessa entrega.Aguardo resposta.",1.0,0,negativo
23000,"Escolhi as taças com caveira mexicana, foram entregues as de pôquer.",0.0,0,negativo
16537,"Produto maravilhoso, ótimo material. Recomendo.",1.0,1,positivo
36100,Ótima compra,1.0,1,positivo
7247,Meu produto veio falsificado.,0.0,0,negativo
21338,Comprei caixa de passagem marca durin e recebi outra caixa de marca diferente.,0.0,0,negativo
63302,Prezados nunca fiquei tão descontente acredito por que foi algo que me atingiu em minha moral Aguardava ansiosamente pelos itens do quarto do meu primeiro bebe e que nunca chegaram.Decepção L Americ,0.0,0,negativo
58511,"Otima qualidade  Cumpre com o prazo",1.0,1,positivo
94462,"Fiquei um pouco triste, achei que a cor do coração seria verde, conforme a foto..... Mas depois que recebi o coração cor de rosa que fui ver que são imagens ilustrativas...... 😥",1.0,1,positivo
62635,"Recomendo este vendedor, pois envia o pedido no prazo.",1.0,1,positivo
63553,"entregou muito rápido, eu recomendo,,,,",1.0,1,positivo
73262,Bem embalado e chegou antes do prazo...,1.0,1,positivo
37122,Produto muito bom e resistente. Entrega antes do prazo,1.0,1,positivo
52561,"com cep e endereço,alem do numero de celular, os correios não entregou o meu produto que comprei, ou seja a confiabilidade da entrega não e satisfatória estou aguardando ainda.ja foi descontado no ca",0.0,0,negativo
93349,"Não entregam na residência, o produto fica na agência dos correios.  Os atendentes do Fale Conosco são péssimos, falam qualquer coisa e encerram o assunto sem solução!",0.0,0,negativo
63070,Já foi utilizado e funcionou perfeitamente.,1.0,1,positivo
39959,"O pedido chegou antes do previsto, tudo entregue corretamente.",1.0,1,positivo
29430,"AMEI O GORRO, É LINDO E COM ÓTIMO PREÇO. RECOMENDO SEM DÚVIDA!",1.0,1,positivo
65430,"Chegou antes do prazo, parabéns!",1.0,1,positivo
89158,O produto não foi entregue até o momento. Realizei na mesma data a compra de outros produtos ( um outro óculos e uma bicicleta) que já foram entregues. Como proceder?,0.0,0,negativo
68112,"ao verificar o mapa no site não havia as medidas do mesmo ou seja 1,20m x 0,90cm",1.0,0,negativo
28642,"Não recebi o produto, solicito reembolso!",0.0,0,negativo
62981,"entrega rápida , produto de qualidade, e preço bom",1.0,1,positivo
87112,"A nota fiscal 000024453, enviada pelos Correios e não transportadora, não me entregaram os 4 pacotes só recebendo 3 !!! Para realizar a aplicação terei de ter mais um, conforme pedido e pagamento !!!",1.0,0,negativo
18279,Foi muito bom comprar nas Lojas lannister. Só falta receber mais um produto.,1.0,1,positivo
29422,"Muito bom, chegou no prazo. Perfeito",1.0,1,positivo
39238,Lindo amei...veio tudo certinho...precisa melhorar somente o acompanhamento da entrega online..,1.0,0,negativo
35047,FICAMOS ESPERANDO UMA ENCOMENDA PAGA QUE NUNCA CHEGOU E AINDA NÃO FOI EXTORNADO O VALOR DA COMPRA,0.0,0,negativo
84011,"Recomendo, muito ágil.",1.0,1,positivo
31659,"O PRODUTO FOI ENCOMENDADO EM DEZEMBRO, COM PREVISÃO MÁXIMA DE ENTREGA PARA 06/01. NÃO RECEBI O PRODUTO NEM RECEBI NENHUMA SATISFAÇÃO ACERCA DO PROBLEMA.",0.0,0,negativo
29830,Recebi o tamanho errado! Ja mandei 2 emails reclamando e vocês nao responderam. O telefone não reconhece nem meu pedido nem meu CPF (apesar de eu ter digitado diversas vezes corretamente). Péssimo,0.0,0,negativo
52466,nao recebi minha compra,0.0,0,negativo
64670,"Entrega realizada antes do pra si previsto, muito satisfeito.",1.0,1,positivo
89597,Ótimo produto! Entrega no prazo! Excelente!,1.0,1,positivo
22162,Não recebi o produto.,0.0,0,negativo
66634,Produto entregue dentro do prazo tudo certinho super indico.,1.0,1,positivo
56391,"Comprei o produto, com data prevista de entrega para dia 21/12, porém não recebi até a data de hoje, entrei no status de rastreamento e diz que o produto foi roubado. Entrei em contato e até agora nad",0.0,0,negativo
68161,"Gostei muito dessa experiência. E me surpreendi, pois recebi meu produto antes do prazo, e estou contente, pois achei que não o receberia antes de viajar. Super recomendo!!",1.0,1,positivo
71442,"Recebi o produto 2 semanas antes do prazo, correto e de boa qualidade.",1.0,1,positivo
86926,O vendedor não esta cumprindo com os prazos de entrega. Não irei mais comprar nada com o mesmo.,0.0,0,negativo
52498,Foi entregue no último dia. Poderia ser antes ?,1.0,0,negativo
34060,"Estou aguardando uma luminária que não chegou, só veio uma na caixa que recebi, só veio uma luminária dentro. Não obtive retorno sobre a minha reclamação.",0.0,0,negativo
29069,Recebi todos os produtos bem certinho e no prazo. O sling é lindo e de um tecido muito bom!,1.0,1,positivo
6867,"O produto é excelente, já tinha uma e adquiri outra para minha irmã. Para quem busca crescer espiritualmente na graça e no conhecimento do Senhor, é a melhor ferramenta!",1.0,1,positivo
95628,"Devido a uma irresponsabilidade da empresa o produto não chegou em minha residência, estou aguardando mais informações da empresa responsável !  Obs: já tem mais de um mês que fiz a compra.",0.0,0,negativo
1342,Super recomendo os produtos são lindos!!😍😍,1.0,1,positivo
69450,O Produto chegou 15 dias depois do pagamento e voltarei fazer outras compras desta empresa ! Vcs estão de parabéns 😍😍,1.0,1,positivo
68635,Comprei 2 produtos e $ó recebi (01) um.,0.0,0,negativo
72299,"Solicito a troca do produto pelo pedido correto . Produto comprado :Capa de máquina lava & seca LG 12Kg PRATA . Produto recebido : Capa de máquina lava & seca LG 8,5 a 10KG PRATA",0.0,0,negativo
24359,"Gostei muito pois entrega até antes do prazo determinado. Muito Bom!!!",1.0,1,positivo
24888,"Otimo produto! Lindas..",1.0,1,positivo
36359,"Gosto da loja, porém me decepcionei com o produto. Qualidade inferior do que aparenta ser na foto. Inclusive gostaria de saber o procedimento para troca!",0.0,0,negativo
11796,"Não recebi o produto na quantidade adquirida, pois somente uma embalagem (pote) invés de duas.",0.0,0,negativo
74214,"Lindo!  Pintura bem feita. Ainda não testei. Entrega rápida.",1.0,1,positivo
61582,Foi conforme solicitado e no prazo informado.,1.0,1,positivo
27898,Muito bom o produto!,1.0,1,positivo
89550,"Produto bom e entrega rápida. Preço não agradou; comprei por necessidade e falta de tempo para pesquisar outro fornecedor.",1.0,0,negativo
35844,"Excelente produto ,loja e entrega",1.0,1,positivo
88897,A entrega chegou antes do previsto.,1.0,1,positivo
87208,produto chegou muito antes do prazo. estipulado pela entrega.,1.0,1,positivo
24962,Entrega antes do prazo previsto.,1.0,1,positivo
23095,"O produto foi entregue antes do prazo nominal. Muito bom!",1.0,1,positivo
39968,"O produto é exatamente como anunciado, e a entrega foi muito antes do previsto, tudo perfeito!",1.0,1,positivo
37857,muito boa entrega. antes do marcado,1.0,1,positivo
53451,produto de qualidade,1.0,1,positivo
34244,não experimentei ainda assim que experimentar fornecerei minha opinião,1.0,0,negativo
65420,"produto muito bom, porem bem pequeno.",1.0,0,negativo
38744,"Falta de respeito com o cliente já faz mais de um mês que fiz a compra e até hoje não recebi meu produto, infelizmente nunca mais voltarei a comprar neste site.",0.0,0,negativo
28782,Produto entregue antes do previsto,1.0,1,positivo
95059,Produto mto bom,1.0,1,positivo
99201,adorei o produto,1.0,1,positivo
34646,"Olá! Comprei dois potes de whey e chegou apenas um! Não consigo rastrear o outro, pois os dois constam no mesmo número do pedido. E a nota fiscal emitida também consta como sendo dos dois produtos.",0.0,0,negativo
16412,as cores nao sao da propaganda,0.0,0,negativo
13844,Não foi entregue o produto,0.0,0,negativo
34753,Fácil de realizar a compra.produto chegou correto é antes do prazo estipulado.adorei o serviço.comprarei mais vezes e recomendado a todos,1.0,1,positivo
44887,Produto de baixa qualidade.,0.0,0,negativo
84144,\Vou esperar atraso dos correios,0.0,0,negativo
38125,"Produto entregue dentro do prazo, porém somente após receber o produto identifiquei que confundi o modelo.",1.0,0,negativo
80445,"O produto não funciona, já solicitei a devolução do dinheiro com vocês e ainda não tive retorno",0.0,0,negativo
77049,"Adoro comprar com vocês,mas dessa vez naofoi entegue no prazo.",1.0,0,negativo
66315,bom,0.0,1,positivo
40010,"Não recebi o produto ainda. Como o prazo está para até 24/11/2017, estou aguardando. Recebi apenas os 02 (dois) mix da arno",1.0,0,negativo
72505,"muito linda.Demorou muito em chegar até meu endereço ,mais valeu a pena. Linda",1.0,1,positivo
21441,OTIMA NEGOCIACAO TUDO PERFEITO ENTREGA ANTES DO PRAZO,1.0,1,positivo
19528,Não recebi o produto.,0.0,0,negativo
7717,Satisfeita,1.0,0,negativo
50780,"Já é o segundo email me perguntando se recebi o produto, uma vergonha, pois vcs nem sabem se entregaram.  Não recebi nada e nem me contacataram para falar o motivo, apesar de eu ter reclamado divers",0.0,0,negativo
51840,super recomendado.,1.0,1,positivo
30232,"Eu comprei o relogio e c 3 dias parou de funcionar,como faço p fazer troca?",0.0,0,negativo
80287,Produto e ótimo amei,1.0,1,positivo
19587,Comprei um patinete pra minha filha recebi uma escova rotatória to aguardando até agora a troca e nada,0.0,0,negativo
10275,"Passados 50 dias, não recebi o produto.",0.0,0,negativo
8586,"Não fiquei totalmente satisfeita porque esse produto não foi entregue na minha residência, pois tive que me dirigir até o correio para retirar a mercadoria.",1.0,0,negativo
66273,Amei!!!,1.0,1,positivo
78601,"o meu pedido chegou bem antes do prazo, obrigado",1.0,1,positivo
23689,Bom entregou antes do prazo.,1.0,1,positivo
48696,Produto de boa qualidade porém a água não fica com um gosto bom. Talvez pq ainda seja novo ela sai com gosto da vela.,1.0,0,negativo
61241,excelente!!,1.0,1,positivo
15045,Recomendo.,1.0,1,positivo
50350,meu produto não chegou m minha residencia. Mas até agora não chegou.,0.0,0,negativo
67050,Gostei entregou no prazo e correto,1.0,1,positivo
13599,"Eu recebi o produto sem o Pistão da cadeira, abri uma solicitação de devolução e foi cancelada pelo vendedor loja, sem nenhum motivo e vou ficar no prejuízo pois não fui atendido.",0.0,0,negativo
43676,"recomendo, produto entregue no prazo, de boa qualidade, sem avarias",1.0,1,positivo
15712,"O produto tem um preço legal, mas não entregaram. Portanto não tem como avaliar além disto",0.0,0,negativo
71354,A foto da placa com a imagem ao redor dá para entender que era grande,1.0,1,positivo
58913,excelente,1.0,0,negativo
77846,o botao liga e desliga nao funciona.,0.0,0,negativo
1038,"Gostei muito,chegou tudo certinho até antes do prazo de entrega.",1.0,1,positivo
93074,A entrega foi realizada antes do esperado. Produto de excelente qualidade.,1.0,1,positivo
78152,"Ótima loja, entrega antes do prazo!! Super recomendo",1.0,1,positivo
13257,"O produto é otimo, mas a lannister deixa muito a desejar. O produto chegou dentro do prazo, mas era 16 dias de prazo, muito tempo de espera e tambem uns dos produtos veio ERRADO.",0.0,0,negativo
53806,Produto excelente. O atraso na entrega foi culpa dos Correios.,1.0,0,negativo
4952,"O produto em questão, apresenta boa qualidade o que consequentemente me leva a recomendar o mesmo.",1.0,1,positivo
4093,"Sempre comprei no site e fique muito satisfeito infelizmente pela primeira vez aconteceu esse imprevisto  Espero que o problema seja resolvido em breve pois preciso da mercadoria",0.0,0,negativo
30709,"Achei um absurdo o produto estar disponível no site, o pagamento autorizado e debitado no cartão e a entrega não realizada por divergência no estoque segundo e mail que recebi...",0.0,0,negativo
61936,"A transação ocorreu normalmente, conforme pedido.",1.0,1,positivo
5189,Dos 7 produtos que comprei recebemos apenas 1 mandei mensagem mas até agora sem resposta,0.0,0,negativo
45778,"Rápido e simples, primeira compra feita com uma mão, pelo celular.",1.0,1,positivo
97903,"Estas empresas que mandam os produtos desmontados, mandam com o numero exato de peças, o problema quando falta... faltou uma porca",1.0,0,negativo
38617,mundo eficiente loja 100º,1.0,1,positivo
72523,"Enviei três e-maiils para a empresa afiliada às Lojas lannister sobre uma posição quanto à entrega do produto, não recebi nenhum retorno. Quem me retornou foram as Lojas lannister para me explicar.",0.0,0,negativo
54276,Parabens pela eficiencia,1.0,1,positivo
55577,Produto entregue com muita rapidez,1.0,1,positivo
25012,Produto entregue corretamente e antes do prazo informado.,1.0,1,positivo
26634,"Para mim é uma satisfação fazer compra nessa Loja Sempre gostei dos produtos. Pena que o frete é tão alto.  Conforme outros sites, poderia ser livre acima de 100,00",1.0,1,positivo
13303,"Recebi no prazo, e estou satisfeita. Recomendo o site.",1.0,1,positivo
76793,"CHEGOU ANTES DO PRAZO. Isso já conquista o cliente e o produto veio direitinho, embalado e a qualidade muito boa!",1.0,1,positivo
97077,Ótimo material,1.0,1,positivo
82498,"prazos corretos. produto de péssima qualidade.",1.0,0,negativo
28930,Otimo produto,1.0,1,positivo
24632,Bom,1.0,1,positivo
84878,"Tive que pegar nos correios, e na caixa só havia uma cadeira sendo que eu comprei duas!!! Vou processar!",0.0,0,negativo
38783,"cumpre o prometido, inclusive o prazo!!",1.0,1,positivo
2955,ADOREI O PRODUTO,1.0,1,positivo
1489,Só veio uma capa comprei 3 aí paguei. Mais de 100 reais por uma capa,0.0,0,negativo
30134,"Entrega rápida, ótimo produto",1.0,1,positivo
91022,"ÓTIMA COMPRA, ÓTIMO PRODUTO, ENTREGA DENTRO DO PRAZO. NOTA 10.",1.0,1,positivo
18769,Entregue antes do prazo é produto de acordo com a descrição do anuncio- excelente,1.0,1,positivo
77699,Ok,1.0,1,positivo
21581,"Rápida entrega Produto de qualidade",1.0,1,positivo
9153,"Adorei os livros e os cartazes, são excelentes para usarmos com nossos alunos",1.0,1,positivo
32381,no site a pulseira de cruz estava como 21 cm mas ela mede 22 cm ficou folgada e não tem como ajustar,1.0,0,negativo
8787,muito bom,1.0,1,positivo
23102,Entregou antes do prazo muito bom satisfeito,1.0,1,positivo
17119,"Muito bom o produto, só acredito que como defesa não é eficaz. Mas vale a pena ter.",1.0,1,positivo
73712,"meu produto veio com o cabo todo arranhado, produto parece usado",0.0,0,negativo
46640,O produto foi entregue bem antes do prazo e conforme solicitação. Muito obrigada.,1.0,1,positivo
70196,"O produto entregue não foi o produto comprado por mim, o pedido foi feito para o Aspirador De Pó Ph Rapid 1000N 127V e foi entregue ASP PO RAPID TURBO PAS02 127V, Desejo devolução do valor pago e reti",0.0,0,negativo
26148,"Fiz uma compra de dois produtos, um relógio no valor de 175,00 e outro no valor de 270,00 no entanto recebi um produto com valor menor q o q foi pago e o outro no valor de 270,00 não recebi",0.0,0,negativo
18261,Chegou até antes do prazo.... Muito obrigado,1.0,1,positivo
59554,Apesar da maleta ser menor do que imaginei; fiquei satisfeita! Recomendo produto!,1.0,1,positivo
30804,"Comprar um produto dia 24/04 e receber dia 13/05 é no mínimo bizarro. 19 dias nem o PAC demora. Comprei pelo Mercado Livre um HD na semana passada que saiu do interior de SP, e ele já chegou.",0.0,0,negativo
20123,"o produto q eu recebi não foi a grade turma da mônica, eles me mandaram outra grade, justificando que a outra estava com defeito, poderia ter devolvido mas com meu filho estava esperando ansiosamente",0.0,0,negativo
2528,Entrega super rápida e produto excelente,1.0,1,positivo
15306,"Estou aguardando ansiosa pela cuba, para entregar uma obra e até hoje nada o que faço para saber quando vai chegar.",0.0,0,negativo
26224,excelente,1.0,0,negativo
77344,"Negou td certinho a câmera bonitinha lá , bem só teve uma coisa a entrada para microfone e USB oi seja quem adquirir tem que comprar o adaptador mas tiramos isso a imagem e ótimo .",1.0,0,negativo
92160,Chateada com tudo isso comprei duas capas protetora de colchões e só recebi uma e ainda que agente confirme a entrega é muito sem noção!?,0.0,0,negativo
51634,Entrega rápido.. produto de boa qualidade.,1.0,1,positivo
60793,Comprei um produto e recebi outro totalmente diferente. Estou tentando a ressarcimento há dois dias e sem sucesso.,0.0,0,negativo
58299,"Tudo certo com a entrega e o produto, minha esposa esta gostando do creme",1.0,1,positivo
88331,"Gostei do Produto, veio exatamente como na imagem, bem grande e pelo preço esta muito bom. recomendaria só a troca do rolamento por um melhor quando comprarem",1.0,1,positivo
89217,"Minha opiniao: bem que poderia ter ela mais comprida tambem!  Para escolermos curta ou comprida.",1.0,1,positivo
94436,Top,1.0,1,positivo
49232,Atendeu minhas expectativas,1.0,1,positivo
69771,MUITO SATISFEITO COM QUALIDADE DE INFORMAÇÕES PASSO A PASSO ATÉ O RECEBIMENTO DO PRODUTO.,1.0,1,positivo
51538,Até hoje não recebi meu produto e nem uma resposta sobre o ressarcimento.Aguardo uma solução para que eu continue a comprar com o stark.,0.0,0,negativo
92363,"As imagens pareciam de melhor qualidade, mas pelo preço está valendo.",1.0,0,negativo
95422,Ótimo relógio recomendo a todos ótimo qualidade,1.0,1,positivo
70344,Encontrei mais barato em outras lojas depois de ter efetuado a compra :( Mas o produto em si é de qualidade.,1.0,0,negativo
24168,Produto chegou antes do prazo e era exatamente o que eu estava procurando,1.0,1,positivo
27084,"A entrega foi antes do prazo previsto, observação : comprei 4 foram entregue dois , os outros dois estão a caminho!",1.0,1,positivo
52161,"O produto é bom,só a entrega que demorou",0.0,0,negativo
6707,"Chegou antes do prazo, muito bem embalado em perfeita condições.",1.0,1,positivo
58192,Recebi o produto fora do prazo!,1.0,0,negativo
4690,produto excelente,1.0,1,positivo
75089,recomendo,1.0,1,positivo
96321,O produto veio errado. e a nota fiscal certa. Já liguei para lannister e estou esperando a resposta,0.0,0,negativo
4499,"Avental realmente bonito e diferente. Tecido bem incorpado e de boa qualidade.Cores menos viv as que no site,mas ainda assim, bonito,de  qualidade e confortável.Fecho na nuca com botões de pressão.",1.0,1,positivo
22687,"Nao gostei do boneco, achei que era original, mal pintado e tudo borrado, pessima qualidade.",0.0,0,negativo
67406,Demorou um pouco para chegar,1.0,0,negativo
6576,"Atendeu minhas expectativas, bom",1.0,1,positivo
55556,Excelente produto.,1.0,1,positivo
19694,"O PRODUTO DIZ COM CABO DE 1,60 , E O CABO É SUPER CURTO DEVER TER MAIS OU MENOS 1 M, ESTOU SOLICTANDOA DEVOLUÇÃO DO PRODUTO .",0.0,0,negativo
65812,"Na foto o modelo é sh013, recebi um sh012",0.0,0,negativo
15157,Muito bom,1.0,1,positivo
48315,Entregue no prazo.,1.0,1,positivo
77373,Muito bom produto vale a pena,1.0,1,positivo
88486,"Produto cancelado. Pior compra da minha vida, tanto por conta das lannister, como pela loja",0.0,0,negativo
79021,"Muito leve, fino e simples.",1.0,1,positivo
66214,Produto muito bom e foi entregue bem antes do prazo previsto,1.0,1,positivo
13580,"Produto atendeu bem, o seu propósito, funciona mesmo, muito bom.",1.0,1,positivo
67028,Recebi somente 1 unidade e pague por 2.,0.0,0,negativo
88909,a foto no site indicava uma unidade e nao um kit com duas delas. acabei recebendo 2 kits e tenho so 2 portas. um deles chegou entortado,0.0,0,negativo
92467,Gostei do relógio. Estava disponível antes do prazo. Parabéns pela rápida liberação.,1.0,1,positivo
15247,A ENTREGA FOI RAPIDA MUITO BOM,1.0,1,positivo
29503,"Gostei. Aplicação delicada pelos detalhes e porque comprei o menorzinho, mas deu certo.",1.0,1,positivo
97478,Ótimo produto e entrega rápida!,1.0,1,positivo
26603,frete muito caro,1.0,0,negativo
78733,Fiz a compra de 2produtos sendo um o sanitário ecopatio entregue no dia 04/02/17 podem o segundo produto que é o bebedouro não foi entregue como ficará está falta aguardo retorno !!,0.0,0,negativo
10896,"gostei chegou no prazo, preço bom",1.0,1,positivo
39131,Excelente,1.0,1,positivo
94743,Confio nas Lojas lannister. Obrigado.,1.0,1,positivo
87559,"Adorei o produto, como na imagem.",1.0,1,positivo
17952,Rapido e pratico,1.0,1,positivo
1546,Chegou muito antes do prazo!,1.0,1,positivo
54950,gostei do produto,1.0,1,positivo
53782,"Não consigo nem emitir a nota fiscal, o produto era pra ser entregue até o dia 09/08, até agora não foi nem para transportadora. Indignada com as parcerias que a lannister anda fazendo!",0.0,0,negativo
36858,rapidez na entrega...ótimo,1.0,1,positivo
1553,"Chegou antes da data prevista, tudo ok",1.0,1,positivo
21627,Compro na lannister.com há muito tempo por ser um site confiável e produtos de qualidade...,1.0,1,positivo
2463,Recebi o produto em bom estado e antes do esperado.,1.0,1,positivo
3368,já está com quase um mês que fiz o pedido e o produto ainda não chegou.,0.0,0,negativo
91882,Ótimo custo benefício!,1.0,1,positivo
3358,"Entrega no prazo, o produto correto, bem embalado e em bom estado.",1.0,1,positivo
41377,Sô lamento que paguei o carreto e tive que buscar nos Correios,0.0,0,negativo
31082,"Comprei 2 cadeiras interlocutores porem entregaram apenas 1 pacote. Pra minha surpresa, ao abrir, percebi q apenas 1 cadeira estava dentro da caixa embalada. Aguardo providências pois tenho a nota.",0.0,0,negativo
1068,Ainda não utilizei o produto,1.0,0,negativo
97919,Só achei muito pequeno e a grama MUITO ruim,1.0,0,negativo
32796,continuem assim,1.0,1,positivo
31866,Ótimo produto.,1.0,1,positivo
99515,"Comprei 2 redes e recebi apenas 1, aguardo solução.   Qualidade inferior a imaginada, tecido fino e quente.  *Frustrada",0.0,0,negativo
58421,Péssimo,0.0,0,negativo
90850,"Fui informado que o pedido foi cancelado na véspera do vencimento da entrega, sem maiores explicações.",0.0,0,negativo
93299,Produto recebido não possuía as especificações indicadas,0.0,0,negativo
52384,"Loja recomendada, produto era como anunciado e a entrega foi bem rápida.",1.0,1,positivo
94460,"Comprei para presentear meu marido e até agora não recebi, em contato com a targaryen responsável pela entrega o prazo uma resposta expirou e até agora nenhuma informação sobre a entrega do produto.",0.0,0,negativo
63869,Recebi bem antes do prazo e o produto chegou perfeito! Recomendo.,1.0,1,positivo
51547,um absurdo a baratheon não manter contato com seus parceiros liguei para informar que precisaria trocar o endereço de entrega e fui informada que o shotime não poderia fazer essa alteração...péssimo,0.0,0,negativo
37033,Meu produto não foi entregue. Como devo proceder?,0.0,0,negativo
76906,bom parceiro,1.0,1,positivo
12557,Nada a reclamar do produto adquirido.,1.0,1,positivo
21898,"O produto é totalmente de má qualidade, as bolinhas são na verdade adesivos de papel, e as latas vem completamente preta por dentro, podiam ser limpas pelo menos.",0.0,0,negativo
198,"Acho que rastreando o produto devia ser melhor e mais preciso, mas no geral foi uma ótima experiência",1.0,1,positivo
54786,"entrega no prazo, bem embalado, vlw obrigado a equipe",1.0,1,positivo
48175,"Ótimo produto, cumpre o que diz, do jeitinho do anuncio",1.0,0,negativo
15263,O frete foi muito caro,1.0,0,negativo
55122,boa...,1.0,1,positivo
74408,Comprei dois produtos iguais e so me entregaram um. Ainda estou no aguardo da entrega do segundo que nao venho.,0.0,0,negativo
32092,Muito bom recomendo!,1.0,1,positivo
41069,"vendedor rapido na entrega, o produto veio como descrito no anuncio. nota 10 pro vendedor",1.0,1,positivo
88791,Entrega dentro do prazo.,1.0,1,positivo
99291,Excelente apontador! Em 3 segundos uma ponta perfeita!,1.0,1,positivo
18142,Muito bom,1.0,1,positivo
88226,Produto de boa qualidade,1.0,1,positivo
54101,Muito bom.,1.0,1,positivo
50504,"Obg Deus abençoe.",1.0,0,negativo
51381,Chegou antes do prazo. O produto é excelente.,1.0,1,positivo
26881,adorei,1.0,1,positivo
29688,"Recebi meu produto bastante rápido, comprei em um dia e recebi no dia seguinte. Maravilha!!!!!!!",1.0,1,positivo
41558,"O produto seria mais interessante caso viesse com as instalações elétricas das lâmpadas adjacentes conectadas ao centro do pendente. Como vieram todas desconectadas, terei que pagar p/ alguém instalar",1.0,0,negativo
88979,Foi entregue no prazo,1.0,1,positivo
24000,"Dois produtos similares, de uma mesma empresa, para o mesmo endereço, com entregas separadas. É o custo desnecessário que o cliente paga pela ineficácia do fornecedor.",1.0,0,negativo
13703,recebi no prazo,1.0,1,positivo
59224,Apaixonado,1.0,1,positivo
43143,Muito bom produto e ótimo vendedor,1.0,1,positivo
63618,o produto adquirido não é o que eu esperava...,0.0,0,negativo
26418,obrigado pela entrega antes da data prevista,1.0,1,positivo
82063,Muito lindo o designer do relogio,1.0,1,positivo
55217,"Produto veio como mostra na foto,veio certinho e chegou Antes do prazo,super recomendo,amei",1.0,1,positivo
88266,Até a presente data o produto não foi entregue.,0.0,0,negativo
46963,"Recebi o produto, é muito lindo e corresponde ao anuncio.",1.0,1,positivo
9866,rapido e eficas,1.0,1,positivo
91959,"Até agora não recebi o material, isso suja o nome do stark, que sempre entregou tudo certo.",0.0,0,negativo
83289,Loja super responsável e correta recomendo,1.0,1,positivo
1978,"Recomendo , é um bons relógio, mas tinha q ter como desativar o segundo tempo, e no manual tinha q vim explicado pra q serve a função TR, fora isso eu recomendo, foi entregue bem antes do prazo",1.0,1,positivo
88160,"Não recebi o produto que paguei via boleto e até agora ninguém me respondeu, nem mesmo as lannister! Devo acionar o Procon? Quero meu dinheiro de volta ou o produto com urgência.",0.0,0,negativo
88665,"Bom dia  Acho que deveria tirar o frente.",1.0,0,negativo
97263,"Estou aguardando a encomenda.  Recebi o aviso de dificuldade na entrega, mas ninguém entrou em contato para dizer o q realmente aconteceu.",0.0,0,negativo
38959,"Produto conforme a imagem ilustrativa, super lindo.",1.0,1,positivo
8127,Ótimo,1.0,1,positivo
96938,"Muito bom, chegou bem antes do prazo",1.0,1,positivo
6210,Produto excelente,1.0,1,positivo
42934,O produto chegou sem nenhuma avaria e 15 dias antes da data prevista. Super recomendo!!,1.0,1,positivo
18228,otimo,1.0,1,positivo
64231,Recebi antes do prazo estipulado,1.0,1,positivo
76506,Chegou no prazo a mercadoria,1.0,1,positivo
85989,Recebi tudo certo em bom estado de uso,1.0,1,positivo
62558,Sempre comprei nas lannister e nuca tive problema.,1.0,1,positivo
37060,Chegou em perfeito estado e antes do prazo!,1.0,1,positivo
70817,Ótimo 👍🏼,1.0,1,positivo
51286,"produto bom , funcionou como esperado",1.0,1,positivo
18212,Recomendo este vendedor !! Pessoa muito séria . Vou voltar a comprar com ele . Entrega antes do prazo .,1.0,1,positivo
49021,Produtos entregues conforme a solicitação e exatamente iguais à proposta oferecida no site. Entrega no prazo e o produto veio embalado sem danos pelo transporte. Sem contar que as malas são lindas.,1.0,1,positivo
51651,Produto exato como o anúncio,1.0,1,positivo
2047,Produto veio certo como vi na foto e chegou antes do prazo. Gostei bastante!!!,1.0,1,positivo
28432,Loja sempre agiu com correção.,1.0,1,positivo
12342,A loja entregou a produto antes do prazo tudo certíssimo grata,1.0,1,positivo
91364,A entrega no prazo como prometido o produto é razoável.,1.0,1,positivo
8906,Ótimo produto eentregue antes do prazo.,1.0,1,positivo
18737,"loja muito responsavel,entrega muito rapido antes da data marcada..",1.0,1,positivo
42320,"Minha encomenda foi atingida por incêndio em unidade operacional dos correios. As lannister ainda não se pronunciou pelo caso, se vai mandar uma nova encomenda, se vai me devolver o dinheiro, etc.",0.0,0,negativo
10981,Recomendo o produto,1.0,1,positivo
64173,"Satisfeito com a compra, único detalhe é que o produto poderia vir com as instruções em português, no mais tudo certo, recomendo.",1.0,1,positivo
94338,"Chegou muito antes do previsto, e minha filha amou.",1.0,1,positivo
96593,Recebi o produto correto e antes mesmo da data limite do prazo de entrega! O único porém foi o estado de conservação: a caixa chegou um pouco amassada o que talvez tenha contribuído para um dano...,1.0,1,positivo
6935,"Não testei o produto ainda, mas é bem consistente. Também é muito pequeno",1.0,0,negativo
73381,"Comprei um toner samsung, paguei em 04/10/2016 e até hoje não recebi.",0.0,0,negativo
85347,O produto atende muito bem. A empresa entregou no prazo combinado.,1.0,1,positivo
5725,satisfeito,1.0,0,negativo
36841,Parabéns foi entregue antes da data prevista,1.0,1,positivo
26595,Chegou bem antes do prazo! Parabéns!,1.0,1,positivo
4946,"Efetuamos pagamento no dia 19 de fevereiro. Pedido foi confirmado no dia 20 de fevereiro.  Até hoje ( 17/03) não recebemos cartcuches. Precisamos muito esses peças urgente. Muito prejuízo pela praz",0.0,0,negativo
86723,Os potes de mantimentos são lindíssimos! Estou muito satisfeita com minha compra!,1.0,1,positivo
77901,"péssimo, além da demora ainda mandaram o produto errado.",0.0,0,negativo
15214,produto entregue conforme o anuncio,1.0,1,positivo
50530,Entregue antes do prazo,1.0,1,positivo
45655,"Não dei 5 estrelas, porque o produto ainda não foi instalado e não usei. Porém a responsabilidade com o cliente, nota 10. O produto chegou super rápido.",1.0,0,negativo
68254,O produto é de excelente qualidade. Entrega antes do prazo. Sou cliente antigo. Aqui encontro tudo que preciso e com um preço justo.,1.0,1,positivo
79824,"Bom produto, resistente, bom acabamento, ótimo espaço interno.",1.0,1,positivo
34260,não recebi a mercadoria...,0.0,0,negativo
39677,Produto não entregue após o prazo de 16 dias úteis avisaram que não vão entregar. Que não tem estoque do produto.,0.0,0,negativo
89042,Recebido e certinho.,1.0,1,positivo
61929,Foi tudo dentro do esperado!!!,1.0,1,positivo
57065,Chegou antes do prazo.,1.0,1,positivo
80453,Recebi o produto sem nenhum problema é dentro do prazo previsto.,1.0,1,positivo
67052,Amei a agilidade da entrega do produto,1.0,1,positivo
72948,"Exatamente como esperava amo comprar pelo baratheon , chegou bem antes do previsto",1.0,1,positivo
47481,"o perfume não tem nenhuma fixação não parece ORIGINAL.  Uso este perfume faz muitos anos e vi que não é normal só cheira a álcool.",0.0,0,negativo
20033,Produto bom! Entrega melhor ainda!,1.0,1,positivo
9165,"Muito bom o atendimento da lannister.com, recomendo.",1.0,1,positivo
18502,"Recebi, tudo ótimo.",1.0,1,positivo
93102,Muito bom,1.0,1,positivo
27670,"Muito bom, gostei",1.0,1,positivo
7686,"Não cumpriram o prazo de entrega,ainda não recebi o produto",0.0,0,negativo
62015,Não recebi ainda é prazo era dia 12 o que eu faço agora?,0.0,0,negativo
18270,Muito bom recomendável está loja.,1.0,1,positivo
43837,Gostei do produto atendeu minha expectativas.,1.0,1,positivo
33429,Muito bom,1.0,1,positivo
92226,ainda não testei o produto,1.0,0,negativo
55811,O produto chegou no prazo.,1.0,1,positivo
61327,Otima compra,1.0,1,positivo
21351,Sobre o produto tem dúvidas se e original,1.0,0,negativo
2208,Tudo ok,1.0,1,positivo
96103,quero saber cade o meu produto,0.0,0,negativo
68931,atrasou a entega,0.0,0,negativo
94783,As lannister estar de parabens o produto foi entregue antes do prazo previsto e o produto é muito bom eu recomendo,1.0,1,positivo
54322,Ainda nao recebi a encomenda. Nao consigo uma posição pelo rasteamento da loja.,0.0,0,negativo
48779,Produto de ótima qualidade. Ainda falta instalar. Mas é muito bonito.,1.0,1,positivo
32113,"o produto chegou perfeito, otima qualidade, so que é do menor!",1.0,0,negativo
57828,Comprei cobre leito e recebi lençol como se fosse colcha fiquei triste.Estou tentando estorna a compra ou devolver produto ou trocar ninguém retorna contato.,0.0,0,negativo
61475,"Chegou antes do prazo, parabéns.",1.0,1,positivo
94532,Eu recebi o produto no tempo certo e em boas condições!,1.0,1,positivo
51258,Gostei entrega rapida,1.0,1,positivo
7770,Muito bom o produto.,1.0,1,positivo
42259,Produto chegou antes d prazo !!!!,1.0,1,positivo
42030,O material me decepcionou um pouco pq achei um nylon muito frágil. O preço foi bom mas o frete encarece muito o produto para o material que é.,1.0,0,negativo
37873,"entrega no prazo, sem problema e boa compra.",1.0,1,positivo
78073,dentro do prazo e a qualidade rotineira,1.0,1,positivo
17831,Ja passou o prazo e não recebi o produto.,0.0,0,negativo
49507,Recomendo e se precisar voltarei à comprar.,1.0,1,positivo
62971,Tudo nós conformes,1.0,0,negativo
49943,Tive que buscar no correio maior peso 5 cadeiras e carregar pra casa,0.0,0,negativo
29201,"O produto alcançou todas minhas expectativa, e sem contar que chegou muito antes do prazo de entrega super recomendo.",1.0,1,positivo
97873,Ótimo,1.0,1,positivo
31143,"MOCHILA LINDA E SUPER CONFORTÁVEL.. AMEIIIIIIII",1.0,1,positivo
62488,"Ainda não avaliei o produto, porém se cumprir as funções previstas durante o uso, estarei bastante satisfeito com a compra.",1.0,1,positivo
73889,SOBRE A CORTINA ÓTIMA,1.0,1,positivo
72973,Linda!,1.0,1,positivo
23888,Entregou bem antes do prazo. Muito satisfeita.,1.0,1,positivo
97319,Ol,1.0,0,negativo
84482,muito bonita torneira Dourada,1.0,1,positivo
31692,Tudo ok.,1.0,1,positivo
92099,"Já comprei produtos diversos e sempre fiquei muito satisfeita com o prazo e com o produto. As entregas sempre ocorreram antes do prazo estipulado. Perfeito!",1.0,1,positivo
26520,Chegou dentro do prazo. Adorei as peças!,1.0,1,positivo
86498,"Entrega rápida, eficiente, produto de acordo com a compra.",1.0,1,positivo
89071,lannister NOTA 1.000,1.0,0,negativo
41536,"Olha comprar nas lojas lannister e bom, o problema é que a transportadora que cobra pra fazer a entrega, nao entrega o produto á gente tem que retirar no correio. E aí o valor do produto dobra...",1.0,0,negativo
30522,Rapidez na entrega,1.0,1,positivo
25970,Entregou no prazo.,1.0,1,positivo
4236,Pedi e paguei três produtos e recebi apenas 2. Quero o terceiro produto pedido e pago.,0.0,0,negativo
57806,Recomendo,1.0,1,positivo
28009,"O PRODUTO VEIO COM DEFEITO E NÃO ME DEVOLVEM O DINHEIRO. CANCELEI O PEDIDO, DEPOIS DO RECEIBIMENTO, DENTRO DOS 2 DIAS UTEIS E ATÉ AGORA NÃO FUI ATENDIDO.",0.0,0,negativo
87281,dentro do prazo e em ótimo estado,1.0,1,positivo
10967,Sempre ótimo atendimento com lojas lannister,1.0,1,positivo
70903,"Minha primeira compra de muitas!!! Deu TD certo chegou 1 semana antes da data prevista.",1.0,1,positivo
76843,"Negociação concluída com sucesso, tudo ok!",1.0,1,positivo
59526,Excelente gostei o produto chegou antes do prazo,1.0,1,positivo
20458,SÓ ACHEI QUE DEMOROU MUITO PRA ENTREGAR,1.0,0,negativo
41715,"Produto entregue antes do prazo. Eu recomendo.",1.0,1,positivo
54810,"Minha solicitação de devolução do produto não foi respondida pelo vendedor targaryen, mesmo estando dentro do prazo legal para desistência em compras on-line.",0.0,0,negativo
18811,otimo,1.0,1,positivo
21931,Totalmente frustada,0.0,0,negativo
35152,"Produto corresponde exatamente ao apresentado no anúncio, tais como cores, tamanho, textura... Muito satisfeita, recomendo!!!",1.0,1,positivo
96443,Otima loja recomendo a targaryen,1.0,1,positivo
61964,"O produto não condiz com a descrição. É de baixíssima qualidade para o preço. Coisa da China q custa 10,00 no máximo. Estou solicitando meu dinheiro de volta porém a loja não entra em contato. Péssima",0.0,0,negativo
27881,"Super indico, ótimo atendimento e entrega super rápida",1.0,1,positivo
1764,não fiquei satisfeito com o material do produto,0.0,0,negativo
39292,O produto é muito bom,1.0,1,positivo
25221,Adorei! Muito prática!,1.0,1,positivo
91856,Produto como na descrição. Mas demorou muito pra chegar.,1.0,0,negativo
36824,A entrega foi rápida e o produto veio da forma correta.,1.0,1,positivo
5313,Era duas mesas e só recebi um quando irá chegar a outra e pq não foi as duas de vez,0.0,0,negativo
26067,Não recebi o produto e ninguém me da uma posição do q vai ser feito muito triste,0.0,0,negativo
20986,tdo certo entrega correta,1.0,1,positivo
11727,Tudo que compro no stark chega antes do tempo previsto! Recomendo,1.0,1,positivo
23542,"Chegou Dentro do Prazo, não veio Amassada. Ainda Não testei mas parece ser muito boa",1.0,1,positivo
11629,excelente produto,1.0,1,positivo
88816,atendeu as necessidades,1.0,1,positivo
22731,otimo material,1.0,1,positivo
62406,Comprei um modelo e enviaram outra.,0.0,0,negativo
94099,"Produto maravilhoso ... Sem contar o cheiro que é muito bom.. Recebi antes do prazo",1.0,1,positivo
81131,"Não recebi o produto, alegaram problemas, fiquei sem entender.",0.0,0,negativo
4535,Muito bom,1.0,1,positivo
71583,Ótimo,1.0,1,positivo
72656,"ótimo produto, bom preço e a entrega , excelente como sempre. As lannister e seus parceiros são os melhores !",1.0,1,positivo
47757,"A compra foi efetuada de um produto com valor x ,a mercadoria recebida foi de um valor bem inferior do que o solicitado. Fiquei insatisfeita com a loja pois era um presente que eu iria dar.",0.0,0,negativo
76212,Não recebi esse produto apesar de informar que a entrega fói feita. O que recebi foi outro pedido referente ao teclado wifi que no pedido afirma ainda não ter sido entregue. Houve erro na entrega,0.0,0,negativo
17459,Produto excelente e entrega feita muiiiito antes do prazo!,1.0,1,positivo
17753,Primeira vez q compro e fiquei muito satisfeita.,1.0,1,positivo
65019,"demorou um pouco demais a entrega, já estava apreensiva pq o prazo estava esgotando, no mais adorei o produto",1.0,0,negativo
37032,Produto excelente qualidade. Compra chegou na data prevista.,1.0,1,positivo
68765,Otimo!,1.0,1,positivo
67188,Comprei 2 travesseiros e recebi apenas 1.,0.0,0,negativo
69404,"Muito bom, confiável,nos deixa seguro quanto a compra e nos fornece informações sobre o produto e seu destino até chegar ao consumidor.",1.0,1,positivo
88355,nada a declarar por enquanto.,1.0,0,negativo
99816,recebi meu pedido faltando um kit progressiva. ja enviei varias mensagens pelo atendimento e nao recebo resposta,0.0,0,negativo
51560,Prazo da entrega bem rápido,1.0,1,positivo
35429,adorei comprar esse produto.recomendo a todos pois chegou antes do prazo,1.0,1,positivo
84552,otima,1.0,1,positivo
74357,"Pelo código de rastreio que foi disponibilizado pra mim diz nem chegou na unidade do Correios do meu município Já passou do prazo de entrega.",0.0,0,negativo
36944,"Não entraram em contato, apenas cancelaram o meu pedido",0.0,0,negativo
20745,tudo certo....,1.0,1,positivo
23432,Estou satisfeito,1.0,1,positivo
16682,Não recebi o produto que comprei. Comprei um gravador espiao Rc609 e não me entregaram o produto certo. Recebi um gravador de voz digital S006 novacom. Gostaria de deixar a minha reclamação.,0.0,0,negativo
5940,otimo,1.0,1,positivo
68619,"A cabana é bem ventilada, muito facil de nontar e linda recomendo com certeza.",1.0,1,positivo
59400,Recebi meu produto totalmente quebrado. Não sei se o dano ocorreu nos Correios ou se me enviado assim. Uma pena. Nunca ocorreu isso. Não tô solicitando outro produto nem a devolução do meu dinheiro. A,0.0,0,negativo
38790,bom,1.0,1,positivo
77304,Pedido entregue rápido antes do prazo.,1.0,1,positivo
62288,"Excelente produto, original com caixa, manual e garantia, chegou do prazo. Gostei muito",1.0,1,positivo
73796,"Recomendo, pois são eficazes.",1.0,1,positivo
49623,Excelente,1.0,1,positivo
81859,tudo bem produto chegou é o que eu esperava,1.0,1,positivo
59276,Muito bom,1.0,1,positivo
95194,Recomendo,1.0,1,positivo
38038,"Bom produto, antes do prazo de entrega, excelente.",1.0,1,positivo
29740,Recebi todos os pedidos antes da data.,1.0,1,positivo
77695,Obrigado pela atenção,1.0,1,positivo
49467,Muito bom e no prazo,1.0,1,positivo
19102,"Não entregaram e disseram que iriam cancelar o meu pedido, mas até agora estou aguardando o cancelamento e a devolução do crédito",0.0,0,negativo
52188,excelente...produto e atendimento,1.0,1,positivo
93651,Ótimo atendimento. Entrega no prazo e produto entregue sem problemas.,1.0,1,positivo
68983,lannister ESTÁ DE PARABÉNS POR SEMPRE ENTREGAR AS MERCADORIAS ANTES DOS PRAZOS!,1.0,1,positivo
96454,Muito lindo amamos.,1.0,1,positivo
60856,Ate o presente momento so recebi um dos dois produtos q comprei,1.0,0,negativo
8066,"Ótimo produto, bons preços e entrega rápida.",1.0,1,positivo
73341,"O velcro incomoda um pouco no pescoço, mas no geral , produto muito bom",1.0,1,positivo
86213,"Atendimento, produto e entrega perfeitos",1.0,1,positivo
75851,"Material excelente, recomendo!",1.0,1,positivo
42297,"Muito bom o processo de compra, sem imprevistos, com destaque para entrega que ocorreu antes do prazo e o brinde que incluíram.",1.0,1,positivo
88671,"Já sou cliente do stark há vários anos e, por esta razão, tenho o cartão stark e sou atendida com presteza e correção, inclusive no cuidado com a embalagem. Super recomendo.",1.0,1,positivo
6953,"A tinta não é de qualidade boa, entupiu a cabeça dos bocais de tintas da impressora.",0.0,0,negativo
86384,"O produto veio todo quebrado o papel bolha marrom lotado de sombra, não recomendo a loja quero meu dinheiro de volta péssima entrega. Por ser um produto frágil, deveria vim dentro de uma caixa",0.0,0,negativo
25274,Muito bom,1.0,1,positivo
28641,Gostei muito,1.0,1,positivo
41564,"Pensava que era maior, mas tbm não tinha noção de 20 cm. Fora isso lindinha amei , tudo perfeitinho , estava pra chegar dia 09/02 mas veio dia 13/01 que bom pq eu queria pra 27/01 níver de minha filha",1.0,1,positivo
2027,"Adorei o produto, chegou antes do prazo",1.0,1,positivo
31065,Correspondeu as expectativas,0.0,1,positivo
11867,Produto ótimo muito pontuais ótimo atendimento,1.0,1,positivo
72865,"Não é muito grande, mais é lindo, do msm jeito da foto",1.0,1,positivo
9250,Produto corresponde exatamente à descrição. Material de boa qualidade; muito bonito e estiloso. Comprei para ciclismo de passeio. Veio muito bem embalado e foi entregue antes do prazo estipulado.,1.0,1,positivo
89558,"Loja entregou o produto antes do prazo, recomendo",1.0,1,positivo
97765,"Correu todo como esperado. O que foi ridículo, foi entregue os 4 produtos ( caixinhas 5x7) em 4 caixas grandes de 15x10. Todos da mesma loja.",1.0,1,positivo
2366,Comprei uma coisa e me entregaram outra e não consigo fazer a troca e não consigo falar com a central !,0.0,0,negativo
84875,Veio tudo OK!,1.0,1,positivo
75480,Tudo muito ótimo,1.0,1,positivo
76462,Bom custo benefício.,1.0,1,positivo
10419,"Na página do produto a foto mostra um produto original, com a maçã da apple. O produto chegou e não é um produto original.",0.0,0,negativo
10494,"Sempre gostei de comprar neste site, devido as divergências com o cartão stark que cobra a anuidade muito caro eu canselei o meu cartão stark e fui comprar nos concorrentes.",1.0,1,positivo
24897,Recibi antes da data prevista,1.0,1,positivo
54367,Não recebi meu produto até então,0.0,0,negativo
62999,Site confiável . Recomendo!!!,1.0,1,positivo
21318,entrega rapida,1.0,1,positivo
90283,Comprei uma escova tem mais de mês.Nunca Postaram.,0.0,0,negativo
1010,Simplesmente não recebi meu produto e nao tenho um posicionamento decente do que acontecerá.,0.0,0,negativo
98739,Relógio município e entrega rápida. Recomendo,1.0,1,positivo
47209,Produto do Paraguai,0.0,0,negativo
2126,"Chegou muito rápido, fiquei na duvida por nao conhecer o produto , mas muito bom o produto",1.0,1,positivo
86035,Excelente prestação de serviços!,1.0,1,positivo
61540,Okokokokokokokokokllpkoklkoklkoklklk) mkkkkkmkm kkkkkkkkkkkkkkkkkkkkk kkkkkkkmkkmmkkkkk bbbbbbnbnnnnnnnnnnn nnnnhgfdfhhdghfvgchhfbjvbhfcbj hgffgtdvhrchyfhyhbjrfhuy hhfghyfhyvjyvjugf ggfghgghffhhfvhggh,1.0,0,negativo
56294,"Comprei um kit de carrinho e bebê conforto, so foi entregue o carrinho, estou ha 3 dias entrando em contato por e-mail com a lojas lannister e a targaryen, até agora nem um email sequer de retorno.",0.0,0,negativo
19999,Esta falando o aparelho j7 não foi entregue,1.0,0,negativo
80239,muito satisfeito,1.0,1,positivo
49185,entao...nunca tive problemas com minhas compras...porem deste vez deixou a desejar ou seja estava agendado para ser entregue na seguinte data; 26/12/2017. ate agora nada!!!,0.0,0,negativo
21937,10,1.0,0,negativo
84921,Muito satisfeita. Entrega rapida e bom atendimento. Recomendo,1.0,1,positivo
71582,Muito satisfeito,1.0,1,positivo
6419,Qualidade no atendimento.,1.0,1,positivo
93728,Boa,1.0,1,positivo
98723,"Comprei uma saia para cama box solteiro, 100% algodão com ponto palito. Recebi ontem uma saia para cama box solteiro, 100% poliester, sem ponto palito e com elastico.Mercadoria errada.",0.0,0,negativo
8046,Super recomendo,1.0,1,positivo
77959,produto entregue no prazo conforme as especificações. Recomendo,1.0,1,positivo
21153,"Não recebi meu produto, sendo que foi postado no correio dia 24/11 e a ultima atualização foi dia 11/12 avisando que o meu pedido não chegou na unidade!",0.0,0,negativo
73087,"muito bonito, ficou charmoso. Recomendo.",1.0,1,positivo
74267,nao recebi o produto,0.0,0,negativo
83248,"Os correios alegam q o endereço estava errado, não gostaria de avaliar mal a loja, pois há relatos que o CDD da minha cidade vêm fazendo isso com as encomendas...eu coloquei o end certo...",0.0,0,negativo
27752,bom produto recomendo a todos esta loja,1.0,1,positivo
97893,Até a presente data não recebi o produto e nem nenhuma informação quanto o envio.,0.0,0,negativo
44650,"Lindo relógio, perfeito. Recomento!!!!! Chegou dentro do prazo informado.",1.0,1,positivo
56535,Boa,1.0,1,positivo
24754,"Foi entregue no prazo, adorei o produto, tá de parabéns",1.0,1,positivo
22411,Recebido conforme o pedido e dentro do prazo estabelecido. ok,1.0,0,negativo
62213,"Uma das partes veio com um amaçado que dificultou a montagem. Mas Recomendo o produto, pelo valor a qualidade me deixou satisfeito.",1.0,1,positivo
7643,Gostei do atendimento,1.0,1,positivo
30961,"Recomendo, porém um dos meus pedidos não chegou do tamanho correto. Mas no geral, foi uma boa compra.",1.0,1,positivo
80379,Relógio é lindo,1.0,1,positivo
53097,Continuar sempre assim muito obrigado,1.0,1,positivo
82034,Amei,1.0,1,positivo
12848,Dentro do combinado,1.0,0,negativo
2600,"Comprei 6 cartuchos, recebi apenas 4 unidades após o prazo de entrega, e ate hoje estou tentando entrar em contato para uma solução, mas sem sucesso.",0.0,0,negativo
87671,Não tive problema algum. Recomendo,1.0,1,positivo
64489,Serviço ótimo,1.0,1,positivo
83170,"bom preço, entrega rápida, tudo certo",1.0,1,positivo
41665,Envio rapido... Produto 100%,1.0,1,positivo
96509,Chegou o produto corretamente.,1.0,1,positivo
67216,"O produto chegou antes do prazo, é perfeita! Amei",1.0,1,positivo
50875,Mal embalado e por ser de vidro veio quebrado e estou aguardando posição do vendedor.,0.0,0,negativo
71944,Infelizmente já comprei muitos produtos mais dessa vez me sinto insatisfeito com a demora da entrega é com a comunicação para resolver esse problema tanto pelo telefone com pela internet.,0.0,0,negativo
91223,Produtos de ótima qualidade. Ajudam demais nos penteados do dia a dia!,1.0,1,positivo
18862,Não recebi o produto,0.0,0,negativo
97504,"OTIMO PRODUTO , ENTREGUE DENTRO DO PRAZO",1.0,1,positivo
70685,demorou um pouco mais deu certo e valeu a pena,1.0,1,positivo
63583,Já conhecia o produto,1.0,0,negativo
11399,Compra fácil com entrega rápida.,1.0,1,positivo
55756,Produto não entregue,0.0,0,negativo
12392,O produto nao chegou e estou aguardando a devoluçao do dinheiro,0.0,0,negativo
70870,Já fiz tal aviso com vocês e até agora nada,0.0,0,negativo
75689,"Bom produto, entregue rápido, apenas uma ressalva, não veio na cor que escolhi, fora isso tudo certo",1.0,1,positivo
42151,Nota fiscal com divergências ao pedido...de dois itens comprados veio somente um...,0.0,0,negativo
49564,Paguei pelo produto e não recebi.,0.0,0,negativo
56908,"Estou aguardando meu produto, e não tive nenhum retorno",0.0,1,positivo
2321,Recomendo a compra!,1.0,1,positivo
9821,Entrega no prazo e produto perfeito,1.0,1,positivo
24472,"extremamente rápido e eficiente.recomendo a loja entrega foi feito com quase 20 dias de antecipação tudo perfeito",1.0,1,positivo
35206,"Não recebi o produto.  Ainda não dá pra saber se fui enganado, se houve atraso da transportadora ou se o produto foi entregue no endereço.  Só sei que ainda não o recebi e aguardo solução do problem",0.0,0,negativo
65941,minha mercadoria veio errado como vcs vao resolver o meu problema,0.0,0,negativo
238,Excelente produto.,1.0,1,positivo
35617,Veio certo. Para usar em casa as brocas são muito boas.,1.0,1,positivo
76171,Muito boa,1.0,1,positivo
10787,Produto de boa qualidade e entregue antes do prazo.,1.0,1,positivo
19886,tudo ok,1.0,1,positivo
95027,"recebi o produto antes do prazo marcado,",1.0,1,positivo
79847,amei a colcha,1.0,1,positivo
58836,O celular Ótimo recomendo para todos adorei,1.0,1,positivo
77544,"Produto de acordo com o anunciado, entrega rápida.",1.0,1,positivo
61595,Acho que a lannister.com deve ter obrigação de exigir o cumprimento dos prazos.,0.0,1,positivo
14863,Chegou no prazo e muito bem embalado.,1.0,1,positivo
92934,Gostei chegou dentro do prazo,1.0,1,positivo
28168,"negociação rápida e honesta, recomendo a todos",1.0,1,positivo
82365,Pedido entregue no prazo e ótimo atendimento quando precisei tirar duvidas,1.0,1,positivo
31708,muito bom recomendo.,1.0,1,positivo
49364,Ainda nao recebi o produto,0.0,0,negativo
68779,"Ate agora nao recebi o produto, não entendo o por que disso, ja que moro em avenida principal, em casa de facil acesso e recebo sempre todas as correspondencias. Até agora não recebi o produto.",0.0,0,negativo
133,Recomendo a todos os clientes,1.0,1,positivo
83987,O produto foi entregue muito antes do prazo. Estou muito satisfeita com a empresa.,1.0,1,positivo
7969,"Pelo que parece o produto foi extraviado pelos correios / carga roubada , e simplesmente não tenho nenhuma explicação ou retorno da empresa. Já tentei contato com as lannister e protocolo.",0.0,0,negativo
43204,"Recomendo comprar nas lannister.com pois o atendimento, o compromisso com o cliente e a qualidade dos produtos são ótimos. E quanto ao livro, amei, já estou no meio da minha leitura, recomendo também",1.0,1,positivo
36524,Faltou um produto. Não recebi o jogo de chaves. E o alicate é pequeno.,0.0,0,negativo
2370,chegou correto e antes do prazo,1.0,1,positivo
39778,Tudo dentro do esperado!,1.0,1,positivo
87776,"Fornecedor excelente, super atencioso e com produto de qualidade. Eu recomendo!",1.0,1,positivo
19360,desejo receber o produto que comprei,0.0,1,positivo
49842,nao recebi o produto e tambem nao consigo saber nada a respeito do mesmo,0.0,0,negativo
2141,Muito bem atendida chegou antes do prazo,1.0,1,positivo
81665,"Excelente parceiro o stark tem! Lindo o produto, muito bem embalado e sem nenhum defeito. Recomendo a loja.",1.0,1,positivo
46595,Gostaria de saber se o produto vai ser entregue ou não? Pra mim cancelar a compra.,0.0,0,negativo
73209,Chegou no prazo.Tudo certo.,1.0,1,positivo
85814,NENHUMA ESCLARECIMENTO SOBRE ATRASO DA ENTREGA.,0.0,0,negativo
92374,"Senhores responsáveis pela empresa lannister.com. Venho por meio desta informar que o produto  Canela de velho  Remédio natural que eu Diego Machado Lopes encomendei veio errado , pois foram duas",0.0,0,negativo
65893,"Estou esperando meu estorno, a compra foi cancelada e não obtive nenhuma resposta é não recebi o estorno",0.0,0,negativo
33633,Achamos um pouco fraco o cesto de lixo,1.0,0,negativo
31288,Chegou bem antes do prazo em perfeito estado! Produto ja testado e aprovado :D,1.0,1,positivo
24361,"Recebi o produto no prazo e em perfeitas condições. Meu sobrinho gostou muito! Recomendo.",1.0,1,positivo
80729,Lindo e adequado a idade do meu pequeno que tem 02 anos,1.0,0,negativo
80601,Muito bom o atendimento,1.0,1,positivo
27934,"Quando comprei o produto e paguei envio pensei que fosse receber o mesmo em casa.  Recebi email mandando que fosse pegar nos correios. Não gostei dessa informação.  Fui buscar. Foi devilvido.",0.0,0,negativo
81984,Veio certinho e no prazo,1.0,1,positivo
31938,Adquiri 4 cartuchos 41 Canon e recebi somente 2 até o momento.,1.0,0,negativo
30775,"Ótimo produto, entregue antes do tempo previsto, super recomendo!",1.0,1,positivo
39471,Entrega no prazo o produto é ótimo. Super indico???,1.0,1,positivo
93071,Boa,1.0,1,positivo
30323,"Manta bonita e grande, exatamente como estava no site. Gostei!!!",1.0,1,positivo
71202,Dentro do combinado!,1.0,1,positivo
58097,Estou satisfeito.,1.0,1,positivo
29771,Sempre que compro mas Lojas lannister sou bem atendida,1.0,1,positivo
45739,Estou aguardando a entrega que era prevista para 30/0602017,0.0,0,negativo
57181,Ha tres días enviei o acontecido nem stark nem a targaryen deu retorno. Recebi um adesivo danificado e o outro não recebi. Solicitei cancelamento e não tive retorno? ????,0.0,0,negativo
41076,"Infelizmente as lannister junto com a targaryen, não entregaram meu pedido, foram me avisar mais de 40 dias depois que o pedido tinha dado um problema...",0.0,0,negativo
32831,A mercaduria nao fue recibida e nao te ligan para avisar da entrega. No app deles nao colocan a previsão de entrega. O que confunde muito.,0.0,0,negativo
9155,"Já havia comprado um e resolvi comprar outro para reserva, produto muito bom, entregue no prazo prometido, preço muito abaixo de de outras loja, muito satisfeita, recomendo.",1.0,1,positivo
90087,Compro sempre atraves do baratheon e nunca tive problemas,1.0,1,positivo
17681,Muito presente e correto vocês na vida do consumidor! Aguardando somente o kit colcha vermelha,1.0,1,positivo
18082,"Ainda não recebi o produto foi comprado desde fevereiro, o que houve com a entrega? Vai chegar ainda?",0.0,0,negativo
5347,"A unica reclamação enquanto a entrega, é a embalagem do produto que veio violada e mal embalada",1.0,0,negativo
69395,Produto de péssima qualidade,0.0,0,negativo
46427,Infelizmente recebi um produto bem inferior ao que comprei.,0.0,0,negativo
13505,Muito bom. Moro no Norte e sempre demora chegar as coisas por aqui. Esse foi bem Rapidão,1.0,0,negativo
15531,"Amei o bebedouro,muito eficiente cumpre o w promete!",1.0,1,positivo
38167,Recebi apenas 1 dos 3 produtos que comprei.,0.0,0,negativo
47091,Chegou antes do prazo. Achei que era maior e mais resistente mas ainda assim é bom!,1.0,1,positivo
13801,Quero o cancelamento.,0.0,0,negativo
98186,muito bom vendedor entrega o esperado e antes do prazo. recomendo,1.0,1,positivo
19592,nao recebi o produto acredito ser problema dos correios prazo de entrega expirou,0.0,0,negativo
66953,Produto muito bom,1.0,1,positivo
18411,Tudo dentro do previsto. Prazo antecipado.,1.0,1,positivo
19452,"Entregue antes do prazo, com qualidade e como especificado na publicação. Recomendo.",1.0,1,positivo
70558,Parabens targaryen,1.0,1,positivo
10625,"Boa noite! Já solicitei a troca do produto por propaganda enganosa pois a foto do site e da embalagem não correspondem com o produto que estava dentro da embalagem! Cortina horrível!",0.0,0,negativo
17190,"ERA PRA CHEGAR DIA 05/07, CHEGOU DIA 01/07, DOMINGO.",1.0,0,negativo
88053,Produto correto bom vendedor recomendo,1.0,1,positivo
2418,Material entregue no prazo .,1.0,1,positivo
86887,Entregou antes do prazo,1.0,1,positivo
92835,"entregue na data,recomendo a venda de produtos",1.0,1,positivo
92133,Tô comprando mais.,1.0,1,positivo
91055,Tudo perfeito entrega rápida,1.0,1,positivo
70550,"Comprei de presente para minha mãe que adorou , pelo preço achei que seria algo ruim mas me.surpreendi e a empresa foi rápida no envio só não chegou antes do prazo por causa dos correios.Recomendo",1.0,1,positivo
51065,foi minha primeira compra nas lannister fiquei bem satisfeito aguardo as promoçoes,1.0,1,positivo
16802,AINDA NÃO RECEBÍ O PRODUTO !!!,0.0,0,negativo
3083,"Cancelaram minha compra  Não sei nem. O motivo",0.0,0,negativo
65089,Obrigado pela atenção e o produto foi entregue no prazo e recomendo qualquer pessoa comprar pela site lannister ois é rápido e confiável.,1.0,1,positivo
57600,"Só não concordo com a política de cobrança de frete.  Pagamos e temos que ir retirar. Fiquei umas duas horas na fila do correio pra poder receber meus pedidos.",1.0,0,negativo
82720,Otimo vendedor ..,1.0,1,positivo
93098,"Valeu a pena. Como dica, deixo a sugestão de colocarem uma embalagem mais resistente, uma vez que o produto é bem pesado.",1.0,1,positivo
52273,"comprei 2 produtos so veio 1 , falta de respeito com o cliente",0.0,0,negativo
84421,Recomendo com base na minha experiência.,1.0,1,positivo
23257,"Chegou em menos de 7 dias, minha esposa adorou, perfeito!",1.0,1,positivo
61989,Nao recebei o produto até agora.,0.0,0,negativo
46698,É a quarta chave canivete que compro lannister e nenhuma delas Deu para dar ficar na minha chave do meu Vectra outra coisa quero devolver às 4 horas que comprei Que p**** é brincadeira,0.0,0,negativo
88817,Recomendo todas as lojas parceiras da americana porém só compro nesta loja online porém nunca tive nenhum desconto nenhum cupom .,1.0,0,negativo
71329,"Comprar pela lojas lannister e mais seguro, e porquê agente não conhece bem os seus parceiros más eles cumprem o quê prometem, vocês estão de parabéns a lojas lannister e seus parceiros eu indico.",1.0,0,negativo
86258,"cabo de excelente qualidade, chegou dentro do prazo.",1.0,1,positivo
1894,Estou muito satisfeita,1.0,1,positivo
47047,Não recebi minha encomenda é já mostrou pelo rastreamento q já foi entregue e até hoje nada.,0.0,0,negativo
51005,O carrinho não foi entregue.,0.0,0,negativo
33490,"Chegou dentro do prazo , porém o produto entregue não é exatamente o que foi comprado, enviaram uma outra versão.",0.0,0,negativo
25183,Satisfatório,1.0,1,positivo
6112,"Apesar dos transtornos causados, recomendo e continuo comprando nesta loja, não pode ser avaliada como não boa, imprevistos acontecem, ainda aguardo a entrega.",1.0,1,positivo
95616,Adorei muito,1.0,1,positivo
84038,"Os produtos foram bem embalados, corretos e a entrega dentro do prazo.",1.0,1,positivo
44843,Parceiro targaryen não recomendado. Produto veio errado e devolução demorada para ser resolvida. Mais de 30 dias sem solução.,0.0,0,negativo
14947,"Meu pedido foi entregue antes do prazo,excelente produto.",1.0,1,positivo
3985,"Comprei um relógio Casio e oque me foi entregue não bate com o número de série que comprei,, pelo que eu identifique parece uma réplica gostaria muito de devolver este produto",0.0,0,negativo
25887,Muito bom. adorei,1.0,1,positivo
51490,UM DOS MELHORES SERVIÇO DE ENTREGA SIMPLES PARA MIM 8 DIAS,1.0,1,positivo
4527,Entrega OK em tempo OK.,1.0,1,positivo
66145,Produto muito bom,1.0,1,positivo
96207,"Produto conforme anunciado, é entregue dentro do prazo recomendo a todos a loja e o produto!",1.0,1,positivo
32453,"Chegou em bom estado, encaixou muito bem no celular, capinha muito bonita e fina, recomendo!!!",1.0,1,positivo
24112,"Produto top pra quem que apaixonado por fazer drinks, recomendo o produto e a loja tbm que entregou no até antes do prazo.",1.0,1,positivo
12385,Nota 10,1.0,1,positivo
19549,"O material não é muito bom, e foi entregue com a almofada, com a costura toda torta, não parece que é um coração.",0.0,0,negativo
94034,Não recebi o meu pedido ate agora estou esperando e nada........foram mais d 20 dias e ainda atrasa....francamente....,0.0,0,negativo
6959,Entregue antes do prazo estipulado e em perfeitas condições.,1.0,1,positivo
59906,Ótimo,1.0,1,positivo
34356,"Fiquei extremamente satisfeito com a compra pelo site, produto entregue de acordo com o pedido, e em um detalhe, ENTREGUE 10 dias antes do prazo previsto. Excelete !!!",1.0,1,positivo
73080,"O produto é péssimo! Acabamento ruim, tecido áspero.",1.0,0,negativo
79318,satisfeito com a compra,1.0,1,positivo
91428,Achei só muito demorado o prazo para a entrega.,1.0,0,negativo
39126,Chegou tudo certinho... antes do prazo de entrega.,1.0,1,positivo
25852,Espero q retornem o meu dinheiro,1.0,0,negativo
93623,Meu filho adorou. E chegou antes do prazo final.,1.0,1,positivo
28350,.,1.0,0,negativo
60775,B,0.0,0,negativo
27109,"A loja é muito boa, porem neste caso, só recebi um dos itens do pedido e ainda não tive resposta da loja",1.0,0,negativo
13971,Produto é uma replica.,0.0,0,negativo
38576,lannister sempre sendo excelente na logística de entrega... Parabéns,1.0,1,positivo
42746,gostei do produto e do prazo cumprido.,1.0,1,positivo
63490,Estou muito satisfeita. Era o que esperava.,1.0,1,positivo
6943,Só recebi o puff a cesta não chegou e no site parece como foi entregue os dois,0.0,0,negativo
86774,"produto bonito, levíssimo e super bem acabado.",1.0,1,positivo
53106,"ENTREGUE ANTES DO PRAZO, GOSTEI",1.0,1,positivo
35525,Recomendo!!! Sempre entregam antes do prazo! E chega tudo ok.,1.0,1,positivo
76257,amei.....perfeito,1.0,1,positivo
15633,um dos cestos veio sem suporte,0.0,0,negativo
11108,O produto é de qualidade e de custo benefício,1.0,1,positivo
16329,"Adorei! Entregue no prazo determinado, em ótimo estado. Maravilhoso!",1.0,1,positivo
70458,Gostei muito de comprar na loja,1.0,1,positivo
21421,"Pendente muito bonito, como na foto e a entrega foi super rápida. Ainda não instalei, mas ficará lindo na minha cozinha.",1.0,1,positivo
14899,Difícil de montar. Depois de montada não fica firme o suficiente pois é apenas parafusada ao invés de soldada.,0.0,0,negativo
76700,.,1.0,0,negativo
94502,"Entrega super rápida, e produto de qualidade.",1.0,1,positivo
39575,O produto não funcionou,1.0,0,negativo
33284,Deu tudo certo!,1.0,1,positivo
54314,Comprei o produto não veio o modelo que eu queria,0.0,0,negativo
18848,Tudo certo! Chegou bem antes do prazo e muito bem embalado! Recomendo,1.0,1,positivo
38736,Chegou muito antes do combimado,1.0,0,negativo
43425,"Produto bem embalado. Entrega demorou mais que as concorrentes, porém foi 2 dias antes de vencer o prazo.",1.0,0,negativo
30140,"Mesmo passando do prazo de entrega do produto, gostei do atendimento via internet via internet resolvendo o problema.",1.0,1,positivo
55639,bom,1.0,1,positivo
89192,Não recebi nada. Estou aguardando contato para esclarecimentos.,0.0,0,negativo
94990,"Apesar do produto ter chegado no prazo estipulado no site, considerei muito longo. Esperava receber bem antes.",1.0,0,negativo
98229,"produto de péssima qualidade, estou aguardando contato para devolução. O tecido é transparente, mal costurado e não veio nas medidas. Não condiz com a foto, propaganda enganosa.",0.0,0,negativo
44957,Bom,1.0,1,positivo
80748,Ótimo produto,1.0,1,positivo
21205,Recomendo,1.0,1,positivo
43712,"Produto bem embalado, em perfeitas condições.",1.0,1,positivo
71382,Não testei ainda o equipamento.,1.0,0,negativo
77508,"Recebi mercadoria dentro do prazo combinado, atendentes muuito atenciosos.",1.0,1,positivo
14019,Produto bom. A cor é bem chamativa.,1.0,1,positivo
66789,Muito bom!,1.0,1,positivo
56808,"Produto foi entregue com defeito com a pulseira cortada .... mas não consigo contato adequado, não tenho retorno",0.0,0,negativo
34896,"TIVEMOS QUE BUSCAR NOS CORREIOS, ISSO É DESAGRADÁVEL POR PERDERMOS TEMPO.",1.0,0,negativo
53181,"Entrega antes do prazo, parabéns ...",1.0,1,positivo
1783,O botão para abrir o carro não está funcionando.,0.0,0,negativo
86534,"Espero que chegue o produto estou aguardando , ainda não chegou.",0.0,0,negativo
3703,"Deveria entregar na minha residência como no combinado na hora da compra, Mais infelizmente eles enganam o povo e temos que perder uma hora de trabalho para ir retirar mercadoria na Ag dos correios..",0.0,0,negativo
59052,Produto entregue em dois dias muito bom,1.0,1,positivo
88712,Eu pedi 6 trios de pendentes e vcs só M entregaram 6 unidades este não foi meu pedido nem meu pagamento,0.0,0,negativo
20165,Ainda não instalei mas está em bom estado,1.0,1,positivo
16739,"Pedido foi feito para um peso veio outro, foi pedido de um personagem veio outro...",0.0,0,negativo
96802,"Muito bonito , de qualidade.",1.0,1,positivo
70336,Melhor seria se não cobrado entrega,1.0,0,negativo
64668,Não recebi meu pedido corretamente comprei 2kits de bexigas com 5 unidades cada kit é só recebi um kit,0.0,0,negativo
39706,O stark com sua equipe está excedendo as expectativas.Parabéns.,1.0,1,positivo
10538,Recebi o produto no dia seguinte à compra. Fiquei muito satisfeito,1.0,1,positivo
65607,Há muito sou cliente de lannister.com.br e até o momento tudo transcorreu de forma tranquila.,1.0,1,positivo
37787,"O produto veio com medidas erradas. Lá informava que era Tapete pro Jimny, parece mais tapete de Scania de tão grande.",1.0,0,negativo
29224,O produto não veio conforme o anuncio,0.0,0,negativo
83837,"O prazo estava para 21 dias úteis de entrega, mas me entregaram em menos de 10 dias uteis, referente a qualidade, ñ tenho nada a reclamar, veio tudo bem embalado e atendendo minhas expectativas .",1.0,1,positivo
39510,"Um dos itens da compra foi cancelado sem que eu pedisse. Foi dito que eu solicitei o cancelamento, mas isso não ocorreu. Não fui ainda informado do por quê desse cancelamento.",0.0,0,negativo
98937,"Quase tudo ótimo mais,, o valor do frete esta de laca, comprei 2 paguei o valo de 3 bonés, me ajuda ai né...",1.0,0,negativo
1036,"Comprei dois produtos, sendo que um deles não chegou. Um cabo adaptador de áudio.",0.0,0,negativo
58093,"Comprei o produto e consta no site que foi entregue no dia 10 FEV 18, porém até hoje dia 13 de FEV 2018, o produto não foi entregue no endereço correto.",0.0,0,negativo
79708,"Excelente atendimento, e foi muito pontual!",1.0,1,positivo
95403,Excelente,1.0,1,positivo
25017,recebi esta embalado nao tenho como usar por isto e a minha devolução,1.0,0,negativo
24938,"O produto demorou aproximadamente 50 dias para ser entregue. Além disso eles me enviaram um produto de outro modelo, totalmente divergente ao anunciado. FUJAM da parceira targaryen.",0.0,0,negativo
45468,Super recomendo ... segunda vez que compro .. deu tudo certo,1.0,1,positivo
27701,otimo,1.0,1,positivo
34033,"Sempre que alguma loja envia meus produtos pelos Correios, tenho problemas. Sempre atrasa muito, quando não extravia... Nesse caso específico o status não é atualizado desde 08/01",0.0,0,negativo
53159,demora na entrega e produto de baixa qualidade,0.0,0,negativo
83037,A targaryen NÃO ENTREGA NO PRAZO PREVISTO.,0.0,0,negativo
69635,Falta de compromisso de informação da compra pedido em atraso ninguém resolve o problema ou da satisfação do ocorrido,0.0,0,negativo
93126,Gastei de ter comprado entregou no prazo,1.0,1,positivo
51168,"Produto muito bom, embalagem bem feita para o transporte.",1.0,1,positivo
70060,"O produto veio bem embalado, em perfeito estado. É um pouco complicado de montar.",1.0,1,positivo
44593,"Chegou antes do prazo, tudo tranquilo !",1.0,1,positivo
48003,Recomendo ótimo produto,1.0,1,positivo
23662,Muito bom. Pedido entregue antes do prazo e embalagem bem apresentada.,1.0,1,positivo
12297,O produto nao e original nao fala se e replica ou original...comprei na certeza achando que seria..relogio nem e aprova dagua..achei que lannister nao trabalhava com esse tipo de mercadoria...,0.0,0,negativo
85813,"Pedido realizado no dia 18/07 com previsão de entrega para o dia 26/07. Hoje é dia 30/07 e nem a NF do produto foi emitida ainda! Pior... Sem nenhuma satisfação de lannister nem targaryen... Péssimo...",0.0,0,negativo
3377,"O produto é bom pelo custo - benefício, só tive que pedir a troca por conta do tamanho que está descrito errado. O correto seria 56x40x26cm (AxLxP) contando com as rodas, só a mala de 20cm de profund.",1.0,0,negativo
41533,"Recebi super rápido, ótimo produto. Recomendo a parceira.",1.0,1,positivo
67574,"Entregaram o produto no prazo Produto é como descrito...",1.0,1,positivo
21484,O produto chegou no prazo e é de ótima qualidade,1.0,1,positivo
16219,satisfeita,1.0,0,negativo
10319,"recebi o produto praticamente um mes antes do previsto! Estou louca para usar e ver se da resultados.",1.0,1,positivo
64815,"Foi muito rápido me surpreendeu, com a rapidez!!",1.0,1,positivo
74763,Recebido com rapidez e o produto conforme anunciado.,1.0,1,positivo
21690,"Produto de ótima qualidade e beleza. Chegou bem antes do prazo estabelecido.  Parabéns.",1.0,1,positivo
21626,Muito Bom!,1.0,1,positivo
39705,Recebi corretamente e no prazo,1.0,1,positivo
98130,"A transportadora informou que eu estava ausente em casa, sendo que passo o dia todo em casa não teve nem opção de ligar para reclamar ..",0.0,0,negativo
90773,.,1.0,0,negativo
75155,recebi o produto bem antes do prazo,1.0,1,positivo
12641,boa,1.0,1,positivo
38063,"Produto excelente, bom preço, rapidez na entrega. Estou satisfeito com a compra.",1.0,1,positivo
28892,"Produto mt diferente da foto,fiquei bem decepcionada. .",0.0,0,negativo
33752,Muito bom,1.0,1,positivo
82146,"Otimo material, muito bonita e chegou bem antes do prazo",1.0,1,positivo
65585,Otimo,1.0,1,positivo
13852,"Cartucho aparenta ser bom, vamos ver com o uso.",1.0,0,negativo
87729,O produto que foi enviado não está de acordo com as descrições do produto descrito no pedido.,0.0,0,negativo
61480,"Recebi meu produto certo e antes da data prevista, bem antes.🌟🌟🌟🌟🌟",1.0,1,positivo
93931,Eu recomendo,1.0,1,positivo
40124,recebido antes do prazo,1.0,1,positivo
9447,"A loja cumpriu com o prazo bem antes da data estipulada. O único problema como sempre é o correios do RJ que vacila nas entregas, pura preguiça de trabalhar.  Indico a loja sim!!!",1.0,1,positivo
55204,PEDIDO DE ACORDO COM O SOLICITADO.,1.0,1,positivo
41818,Loja 100%,1.0,1,positivo
35622,"Produto de ótima qualidade, entregue dentro do prazo. Gostei muito.",1.0,1,positivo
27185,nao,0.0,0,negativo
12068,Muito bom compra com VCS minha patroa tá impolgada,1.0,0,negativo
44747,Ótima cadeirinha. Minha filha adorou.,1.0,1,positivo
36828,O produto chegou super rápido! Antes do que esperava! Tudo certinho com um brinde! Recomendo mto!,1.0,1,positivo
82869,"Entrega rápida,meu filho gostou do produto.",1.0,1,positivo
7444,"Chegou antes do prazo previsto, cortina de ótima qualidade na minha opinião.",1.0,1,positivo
42290,O livro é demais. Estou amando. O produto chegou antes do prazo.,1.0,1,positivo
80757,"Falta de educação! Além de não enviar em, sequer deram satisfação. Não recomendo a loja, despreparada.",0.0,0,negativo
84695,"Produto veio com o canto de plastico danificado/quebrado(plug do cabo USB), porem nao afetou o funcionamento.",0.0,0,negativo
99122,"Amei o relógio, ele só é bem pequeno, mas é lindo! E chegou bem antes do prazo. Comprarei novamente, com certeza!",1.0,1,positivo
74288,"Era pra ter chego até o dia 06/06/2018, já fui no Correios e nao esta la.",0.0,0,negativo
10482,"Entrega no prazo, muito bom",1.0,1,positivo
52117,"Produto com qualidade, recomendo.",1.0,1,positivo
95243,Preciso saber a data que será entregue,0.0,0,negativo
53446,"Maravilhoso, e a entrega super rapido, recomendo.",1.0,1,positivo
5096,Amei otimo produto entrega rápida,1.0,1,positivo
73727,Vendedor até agora não mando meu pedido,0.0,0,negativo
32364,"Infelizmente tive um problema com o aparelho,e o mesmo terá que ser feito troca.",0.0,0,negativo
69070,Recomendo,1.0,1,positivo
12982,"Comprei um controle como sendo original. Porém no controle e caixa está escrito que ele é recertificado, Ou seja, sofreu algum problema de fábrica e foi recondicionado para uso.  Decepcionado.",0.0,0,negativo
49450,"Chegou antes do prazo, muito bem embalado, voltarei a comprar com certeza. Em breve.",1.0,1,positivo
64577,O produto não chegou e já faz mais de um mês que fiz o pedido!,0.0,0,negativo
78389,bom,1.0,1,positivo
36033,Parabéns pelo atendimento!,1.0,1,positivo
95976,Perfume maravilhoso e entregue muito antes do prazo. Parabéns pela competência e compromisso com o cliente.,1.0,1,positivo
28134,Linda peça em ferro. Compra tranquila e entregue antes do prazo.,1.0,1,positivo
13055,Produto bom relativo ao preço,1.0,1,positivo
81220,REGULAR,1.0,0,negativo
34899,bom dentro das expectativas,1.0,1,positivo
20343,Gostei muito veio do jeito que estava no site a entrega foi efetuada com sucesso agradeço a loja americana e sua parceira.,1.0,1,positivo
22618,👍👍👍,1.0,1,positivo
53114,Muito bom entregou antes do prazo,1.0,1,positivo
30733,"Produto de otima qualidade, recomendo. Entrega foi bem rapida tbm.",1.0,1,positivo
90228,Pode confia,1.0,0,negativo
11647,Recebi sem problemas antes do prazo.,1.0,1,positivo
70109,"Compro várias coisas pelo baratheon e sempre chega rápido, dessa vez demorou, entendo que teve a greve dos correios mas fiz a compra 1 semana antes. Mas graças a Deus chegou!",1.0,0,negativo
74482,"Produto chegou rápido, com a qualidade esperada. Além de ser uma loja com preços muito bons e produtos interessantes.",1.0,1,positivo
26882,conforme colprado,1.0,0,negativo
90328,Exatamente o demonstrado no anúncio e entrega rápida.,1.0,1,positivo
45577,"A entrega super rápida, me deram 11 dias de prazo com 2 dias chegou o produto",1.0,1,positivo
19649,Produtos chegaram com qualidade esperada,1.0,1,positivo
31775,Ótima compra.Entrega antes do previsto.Parabéns lojas lannister pelo compromisso e sensatez com seus clientes.Grata,1.0,1,positivo
31426,Não gostei tanto assim do produto.,1.0,0,negativo
37078,"Ótima qualidade, maior do que eu esperava e muito macio. Entrega rápida. Recomendo!",1.0,1,positivo
41662,Excelente produto e prazo de entrega!,1.0,1,positivo
37494,"Vcs são sempre ótimos por isso sempre compro. Continue assim😉",1.0,1,positivo
27840,Ultima compra feita com vocês. Comprei pelo site e o endereço que foi remetido o produto foi um bem antigo. Dia 10/08 reclamei pelo site e pedi para entregar em outro endereço. Até agora nada Ridículo,0.0,0,negativo
46028,.,1.0,0,negativo
17478,Adorava,1.0,1,positivo
25545,"O produto veio com defeito, relógio soltando o fundo. A própria pulseira do relógio o fazia soltar",0.0,0,negativo
79005,Gostei muito dentro do prazo e o produto como desejava.,1.0,1,positivo
81398,"Não esperava tanto daquilo que eu tinha vista na loja, estou muito satisfeito!",1.0,1,positivo
28620,"O produto foi entregue antes do esperado e a qualidade me surpreendeu. Só não avaliei como ótimo, pois a película de vidro veio com um pequeno defeito.",1.0,1,positivo
68698,Recebi o produto dentro do prazo!!! No dia que chegou ja testei e adorei o produto!!!,1.0,1,positivo
58448,Rapido,1.0,1,positivo
34164,Otimo,1.0,1,positivo
46174,"Ótimo produto de excelente qualidade, entrega dentro do prazo determinado",1.0,1,positivo
85225,"Este fornecedor, parceiro das Lojas lannister é comprometido com seus clientes. Pois demonstrou profissionalismo e competência no prazo de entrega e na qualidade de embalar o produto do consumidor.",1.0,1,positivo
52005,"Incrível que pela primeira vez que demora pra entrega de uma compra minha, porém acredito que tem uma razão, eu ainda não recebi esta compra.",1.0,0,negativo
73707,otimo produto entrega rapida satisfeito !!!,1.0,1,positivo
89449,"Tenho um produto comprado nos EUA, vou verificar se a qualidade é a mesma.",1.0,0,negativo
64677,ainda não abri minha loja e não testei o produto.,1.0,0,negativo
19031,Excelente produto recomendo,1.0,1,positivo
56899,"Comprei otoscópio de lâmpada de LED , e recebi de lâmpada incandescente .",0.0,0,negativo
79396,"O capacete recebido foi fabricado em 2016, e a polícia diz que tem validade de cinco anos, então perdi alguns anos. Mas o capacete é se boa qualidade e recomendo.",1.0,1,positivo
94247,"Tive que usar o bônus de troca para comprar esse produto. Na verdade eu queria mesmo era ter recebido o produto que eu havia comprado originalmente, mas como sempre a lannister deu o golpe black frid",0.0,0,negativo
30128,Otimo,1.0,1,positivo
57154,"produto de excelente qualidade, loja responsavel, cumpriu o prazo determinado.",1.0,1,positivo
42601,"recebi em duas remessas, entretanto, veio exatamente o que comprei.",1.0,1,positivo
90674,Ficou perfeito e chegou antes do prazo.,1.0,1,positivo
26453,"Não posso opinar ,pois não recebi.",0.0,0,negativo
77934,produto maravilhoso e entregue antes do combinado.,1.0,0,negativo
23061,Tudo de bom!!!,1.0,1,positivo
57350,"Não recebi nem receberei minha compra, gostaria de cancelar o pedido e que o valor seja estornado, grato",0.0,1,positivo
620,Estou plenamente satisfeita com minha aquisição. E recomendo. A única coisa que não concordo é com o valor de frete. Autíssimo.,1.0,1,positivo
75930,Ótimo entregou tudo certinho e antes do prazo combinado produto otimo super recomendo tudo,1.0,1,positivo
77354,"O produto não foi entregue no prazo estipulado. Nem ao menos uma satisfação foi dada. Espero um retorno e recebimento do produto ou o estorno da alta importância gasta.",0.0,0,negativo
9809,"Foi entrega rápido, e produto de ótima qualidade valeu a pena compra . amei",1.0,1,positivo
2313,Muito bom,1.0,1,positivo
28583,Multi Bom products entregue antes do Prato recomendo,1.0,1,positivo
17397,"Gostei muito da manta, de material excelente bonito acabamento preço e prazo excelentes. Chegou certinho como combinado. Super recomendo!!",1.0,1,positivo
6300,Hh,1.0,0,negativo
81947,"Como foram dois produtos, ainda estou no aguardo do segundo item (mesa de centro) , mas o Puf já chegou e em perfeito estado.",1.0,1,positivo
64573,"Apenas um espelho veio riscado, mas, só deu para perceber depois de retirada a película",1.0,1,positivo
45494,produto entregue no prazo,1.0,1,positivo
63824,Excelente produto. Entrega feita antes do prazo.,1.0,1,positivo
23324,"Muito bom de confiança  O produto chegou perfeito sem nenhum defeito com as medidas certas Chegou até 1 semana antes do prazo  Super recomendo",1.0,1,positivo
66262,"Recebi meu produto antes do prazo , fiquei contente pois era o presente da minha esposa para o dia dos namorados e hoje certo q farei mais negócios com essa conceituada empresa obrigado ...",1.0,1,positivo
96336,"Prazo de entrega e cor diferente da que eu escolhi, mas como gostei nao reclamei.",1.0,1,positivo
53161,O produto demorou muito para chegar,1.0,0,negativo
99081,Muito satisfeita,1.0,1,positivo
68251,"Produto totalmente diferente da foto, de péssima qualidade, decepção total...",0.0,0,negativo
52125,Ótimo produto,1.0,1,positivo
26014,Foi muito bom fazer a compra,1.0,1,positivo
27620,Gostei do produto e chegou antes do prazo!,1.0,1,positivo
2052,"Muito bonito, aparenta qualidade. Ainda não o apliquei, por isso não posso falar quanto a aderência do mesmo. Pelo custo beneficio RECOMENDO.",1.0,1,positivo
89265,Entrega rápida produtos bem acondicionado embalagem lacrada e com todos os itens em perfeito estado,1.0,1,positivo
90891,Bom,1.0,1,positivo
73480,Ótima entrega. E o relógio minha filha amouuu.,1.0,1,positivo
55304,Vou comprar de novo..e top,1.0,1,positivo
10360,excelente,1.0,0,negativo
49886,"GOSTEI MUITO DO PRODUTO COMPRADO . BONITO E LEVE PARA ESSA ONDA DE CALOR.  SÓ NÃO GOSTEI PORQUE COMPREI 2 COLCHAS E ME FOI COBRADO O VALOR DE 2 FRETES. ACHEI SEM NECESSIDADE E INJUSTO",1.0,0,negativo
7485,excelente,1.0,0,negativo
72733,"Recomendo! Valeu Beijo",1.0,1,positivo
29315,Comprei um controle remoto e passados quase trinta dias ainda não o recebi.,0.0,0,negativo
39595,já está com quase um mês que fiz o pedido e o produto ainda não chegou.,0.0,0,negativo
41391,"Comprei o produto há quase um mês, o pacote teria sido postado no dia 01/02/2018, mas até agora não o recebi.",0.0,0,negativo
36090,Até agora não recebi o produto comprado.,0.0,0,negativo
10871,"macio, regulável, muito confortavel",1.0,1,positivo
86032,produto com bom preço e qualidade,1.0,1,positivo
58982,Excelente agilidade na entrega!,1.0,1,positivo
50320,gostei muito,1.0,1,positivo
25162,Muito boa mas pra quem tá iniciando melhor a fio laser,1.0,0,negativo
11006,Produto igual a foto super recomendo a entrega achei q iria demorar pela situação atual da falta de gasolina mas me surpreendeu foi rápido todos estão de parabéns as lojas lannister e o fabricante,1.0,1,positivo
65639,"Já entrei no site e fiz minha reclamação, pois, infelizmente, o produto foi mal embrulhado e a maquiagem veio quebrada e danificada. Gostaria de receber outro produto ou meu dinheiro de volta.",0.0,0,negativo
20088,Não recomendo! Estava tudo certo com a compra e faltando 2 dias da data entrega me informaram que não tinha o produto em estoque. Até hoje não recebi o dinheiro de volta e nem o vale (2 meses já).,0.0,0,negativo
83845,Material chegou antes do dia marcado,1.0,1,positivo
62509,Ótimo produto.,1.0,1,positivo
13193,"A compra desse item me lembra uma música: Não era amor era: C I L A D A",0.0,1,positivo
7199,obrigado,0.0,1,positivo
58316,"O cubo é muito maleável, sua cores são maravilhosas. Recomendo muito.",1.0,1,positivo
65293,ótimo,1.0,1,positivo
98180,Ótimo produto eu recomendo,1.0,1,positivo
56549,"Produto veio certinho, e entregue antes do prazo",1.0,1,positivo
89593,Entregue dentro do prazo direitinho só acho que está com defeito pq coloquei p carregar uma noite ineira e não funcionou. Queria saber como trocar.,1.0,0,negativo
59394,"Recomendo,produto de boa qualidade.",1.0,1,positivo
82373,Adorei o produto... Mto bom...,1.0,1,positivo
40677,"Comprei dois produtos e ambos, mesmo enviados em dias diferentes, estão como em dificuldade na entrega segundo o rastreamento dos Correios. O que nunca me aconteceu antes.",0.0,0,negativo
74692,Espero que me envie meu pedido o mais rápido possível para que eu possa avaliar o trabalho de vocês,0.0,1,positivo
12933,Bom,1.0,1,positivo
10223,"Estou muito satisfeita com este parceiro de vcs que me enviou este produto, e também com a Empresa lannister",1.0,0,negativo
22227,"Produto muito bonito, possui detalhes no tecido, mas não parece ser resistente.",1.0,0,negativo
54543,"SO TIVE UM PROBLEMINHA COM A CAEIRA, QUE DEPOIS DE MONTADA ELA FICOU BAMBA",1.0,0,negativo
95165,Entregaram produto differente. Quero recever de volta o dinheiro ou o produto conforme meu pedido.,0.0,0,negativo
88848,Recebido no prazo e conforme especificações. Recomendo.,1.0,1,positivo
31291,Até agora eles só emitiram a nota fiscal e nada do meu produto chegar. Pedi em novembro.,0.0,0,negativo
5023,"facil acesso no site, entrega no tempo estipulado.  PERFEITO!!!",1.0,1,positivo
77594,"Recomendo , top o produto",1.0,1,positivo
26219,"Mto bom, parabéns",1.0,1,positivo
79975,"continue assim, o prazo superou as expectativas",1.0,1,positivo
40492,Super recomendo,1.0,1,positivo
55519,"Péssima qualidade ! Esperava por algo melhor, Mais pelo preço também enfim .... Não gostei muito Não veio riscada apareceria de velha, sei lá , estranho ....",0.0,0,negativo
76773,Nota 10,1.0,1,positivo
1684,"Gostei bastante do tecido, bem macio",1.0,1,positivo
87887,INFORMO QUE NÃO RECEBI MEU PRODUTO E ESTOU MUITO INSATISFEITA,0.0,0,negativo
29727,"Passei o endereço certo e colocaram errado , confirmei tudo certinho mais mesmo assim nada , o produto volto pra onde veio e eu ja tinha parcelado a compra achei muiitan sacanagem",0.0,0,negativo
43822,Rápido e correto. Recomendo.,1.0,1,positivo
897,fornecedor não enviou o produto correto. solicitei o sabor chocolate e me foi enviado outro sabor.,0.0,0,negativo
95779,TUdo OK,1.0,1,positivo
60092,Atendimento péssimo. Vendem um produto que não possuem. Jamais voltarei a comprar nesse site. Nenhuma estrela. Só foi uma porque fui obrigado a marcar para enviar a resposta. Zero p stark.,0.0,0,negativo
63235,muito bom,1.0,1,positivo
67585,"GOSTEI DO TRATAMENTO COM O CLIENTE, SÃO ATENCIOSOS. PRODUTO DE BOA QUALIDADE.",1.0,1,positivo
63126,Otimo,1.0,1,positivo
39907,"Entrega muito rápida! Quanto ao produto em si, seria melhor verificarem como estão guardando no estoque pois chegou com cheiro, como se estivesse sido guardado há tempos em ambiente empoeirado.",1.0,0,negativo
5004,"Recebi o produto mais veio errado, ainda não recebi nenhum contato da empresa!",0.0,0,negativo
26392,"Entrega ok. Produto de boa qualidade !",1.0,1,positivo
19124,super recomento recebi antes do prazo veio tudo certo fiquei satisfeito loja nota 10,1.0,1,positivo
89270,"Produto veio bem embalado, antes do prazo, com uma carta de dicas.",1.0,1,positivo
56233,"Do pedido o mini berço foi entregue,os dois kits mini berço ainda não.",1.0,0,negativo
60806,não recebi o produto,0.0,0,negativo
35403,"comprei um relógio ,não entregaram no meu enderenço eu tive que pegar nos correios,a caixa do relógio estava aberta ,com o relógio fora da caixa bem desagradável ........não gostei ..",0.0,0,negativo
57788,"lannister.com (atendimento@lannister.com)  Boa tarde para minha decepção fiz a troca produto ruim.ou seja fui trocar o tambor e o toner, toner vazio e tambor vazio.",0.0,0,negativo
51129,"A descrição do produto não condiz com o que é! Na descrição da compra está: Composição: 100% Algodão. No entanto, na embalagem do produto a descrição é 80% algodão, 20% poliester.",0.0,0,negativo
81364,Gostei muito do produto,1.0,1,positivo
4531,"O produto realmente foi entregue no prazo, entretanto chegou todo quebrado creio que por causa do acondicionamento",0.0,0,negativo
24625,"Não gostei do produto, pq ele é muito grande, mas é de ótima qualidade, só não é o q eu procurava...",1.0,0,negativo
69953,"apenas um dos fones chegou com a parte de cima um pouco folgada, mais acredito que não vai influência no produto.",1.0,0,negativo
73158,"Cuba impressionante de bela, nas lojas aqui custam cerca de 220,00, vale muito a pena!!!",1.0,1,positivo
303,Mercadoria certa entregue no prazo combinado. Grata,1.0,1,positivo
83537,Muito bom!!,1.0,1,positivo
75058,"O pedido foi entregue no prazo Mais o pedido tem o acabamento e a qualidade ruim e a mala pequena veio com defeito",0.0,0,negativo
35272,"Modelo lindo, vale a pena comprar.",1.0,1,positivo
73109,Atendeu minhas expectativas. Recomendo.,1.0,1,positivo
70638,Produto correto e entrega dentro do prazo.,1.0,1,positivo
75421,Infelizmente o produto veio com defeito,1.0,0,negativo
61193,"Entrega rápida, segura, bem embalado. O produto é bem bonito e de boa qualidade.",1.0,1,positivo
81741,Ótimo produto,1.0,1,positivo
26747,Muito bom,1.0,1,positivo
67504,Chegou bem antes do prazo. Muito bom.,1.0,1,positivo
9292,"o produto que comprei chegou antes do prazo e da forma como mostra as ilustrações do site, muito bom, recomendo a todos que querem agradar alguém especial.",1.0,1,positivo
56408,"Gostei do produto  Muito lindo  Entrega bem antes do prazo",1.0,1,positivo
30575,Comprei o produto no inicio de fevereiro e ainda não recebi e não houve posicionamento da loja,0.0,0,negativo
45172,MT bom prazo e entrega. Produto exelente,1.0,1,positivo
16654,"Super indico, empresa top...",1.0,1,positivo
89790,Perfeito!!! entrega muitíssimo antes do previsto. produto muito bonito e com qualidade.,1.0,1,positivo
13151,rapidos e praticos,1.0,1,positivo
75618,Conforme vendido eu o recebi,1.0,1,positivo
99150,Prazo de entrega cumprido!,1.0,1,positivo
36292,"Entregue no prazo , sem problemas",1.0,1,positivo
74470,"Acho q a empresa poderia colocar a temperatura na especificação do produto, algo como: atinge a temperatura X em tanto tempo, Ou pelo menos, a temperatura máxima atingida, bem como o consumo em KW/h",1.0,0,negativo
29804,"não posso confirmar a entrega da mercadoria pois estou viajando só retorno dia 18/6, vou ligar para saber se foi entregue pois tem uma pessoa para receber, mas já ocorreu entrega em outro endereço.",1.0,0,negativo
24413,Show entregue antes do tempo parabéns.,1.0,1,positivo
72775,Bem rápido.,1.0,1,positivo
1654,"De forma geral o produto é bom, porém, som sai muito baixo o que torna produto em um produto de média qualidade.",1.0,0,negativo
27135,"Vcs estão de parabéns, produto top . deis já agradeçovcs",1.0,0,negativo
96068,Recebi bem antes do prazo um produto de qualidade e Ben entregue.,1.0,1,positivo
66946,"Prazo, produto e entrega, todo ok.",1.0,1,positivo
51149,"Gostei do produto, entregue no prazo",1.0,1,positivo
3349,Nem a nota foi emitida. Cansei e solicitei ao stark o cancelamento e devolução do meu cupom de 100 reais. Recebi um cupom no valor total da com. Serei obrigado a comprar algo que não preciso. Lixo,0.0,0,negativo
72312,muito bom . recomendo a todos,1.0,1,positivo
32041,Muito bom,1.0,1,positivo
75127,boa,1.0,1,positivo
95287,Muito bom.,1.0,1,positivo
23313,Bom,1.0,1,positivo
19801,"Recebi no prazo e como queria,recomendo o produto e a loja!",1.0,1,positivo
57849,Adorei muito o produto,1.0,1,positivo
76808,Muito comfiavel,1.0,1,positivo
75847,serviço ruim,0.0,0,negativo
94779,perfeito,1.0,1,positivo
56161,Excelente !! Chegou antes do prazo determinado!,1.0,1,positivo
46413,Excelente produto,1.0,1,positivo
48747,otimo,1.0,1,positivo
520,Otimo produto porem caro demais !!!,1.0,0,negativo
60996,O VALOR DO PRODUTO É ÓTIMO E A QUALIDADE 100%,1.0,1,positivo
49173,Lindas,1.0,1,positivo
95698,Produto como descrito.,1.0,1,positivo
45316,"Bm produto, bem reforçado. A entrega ocorreu antes do prazo final.",1.0,1,positivo
38879,Entrega antes do prazo,1.0,1,positivo
5272,Recebi o produto corretamente e dentro do prazo definido.,1.0,1,positivo
33837,Preciso conhecer mais. Dessa vez foi tudo certo. Obrigada.,1.0,1,positivo
86223,Ótimo produto Boa qualidade rápida entrega adorei!!!,1.0,1,positivo
19550,Entrega é produto conforme combinado,1.0,1,positivo
7654,Tudo perfeito.,1.0,1,positivo
23307,Maravilhoso acabei de adquirir mais espaço em meu armário!,1.0,0,negativo
77739,Muito bom,1.0,1,positivo
88100,Veio dentro do prazo e em ótimo estado,1.0,0,negativo
22395,NÃO TENHO NOTÍCIA DO PRODUTO COMPRADO,0.0,0,negativo
67679,"Comprei um módulo de controle para LEDs e recebi uma sauna, sim, uma sauna!!!!! Já fazem 4 dias e até agora não recebi um contato da loja!!!! Não recomendo.",0.0,0,negativo
18098,Ótimo !!!,1.0,1,positivo
62108,produto entregue antes do prazo e em perfeita condição. Recomendo.,1.0,1,positivo
35243,"Película de tamaño MUITO menor que a tela, sequer cobre a parte escura da tela, torta, além de passar raiva de receber um produto de de péssima qualidade terei que ir até os correios devolver.",0.0,0,negativo
52654,"O produto é bom, mas solta muito pelo. já lavei duas vezes e os pelos não param de soltar. Suja o quarto e a casa toda enche de pelos do cobertor.",1.0,0,negativo
79579,Recomendo.,1.0,1,positivo
5038,Produto perfeito e entrega super rápida!,1.0,1,positivo
55775,Não recebi o produto e ja paguei a primeira parcela,1.0,0,negativo
1027,Recebi o produto que eh falso quero meu dinheiro de volta,1.0,0,negativo
94128,Excelente produto.,1.0,1,positivo
87897,nao posso avaliar nada ate hj na recebi nada,0.0,0,negativo
51377,nao recebi meu produto,0.0,0,negativo
68180,Ótimo produto/lindo.,1.0,1,positivo
74676,otimo produto,1.0,1,positivo
230,Entrega antes do prazo. Produto muito prático e de fácil manuseio.,1.0,1,positivo
97754,Boa produto bom,1.0,1,positivo
16216,me entregaram antes do prazo,1.0,1,positivo
75283,Só falta o chá verde,1.0,1,positivo
18216,Não chega no prazo e ainda não dão informações,0.0,0,negativo
7997,"Cortina horrível, super fina e transparente, não fica bonita na sala, muito diferente da foto, material feio, me arrependi totalmente, tive q improvisar colocando outro tecido q eu tinha. péssimo!",0.0,0,negativo
59683,Recebi o produto conforme o descrito e antes do tempo empresa Boa e séria,1.0,1,positivo
68260,"sou cliente da lannister há muitos anos, é um site de confiança, sempre respeitou os prazos e os produtos vieram sempre como escolhido, estou muito satisfeito.",1.0,1,positivo
41516,Entrega feira antes do prazo. Maravilha!!!!,1.0,1,positivo
44336,Paguei o frete é não recebi o produto no endereço indicado. Tive que pagar táxi pra ir buscar no correio.,0.0,0,negativo
78669,Muito bom o produto. Entregue dentro do prazo previsto.,1.0,1,positivo
90611,Entregue antes do prazo. Produto conforme especificações.,1.0,1,positivo
47126,"Loja:Produto entregue com rapidez, processo ágil c/ entrega antes do prazo previsto sem nenhum problema, Produto de aparência ótima. Vou instalar ainda, Produto recomendado por confiança no fabricante",1.0,1,positivo
23183,a encomenda tem prazo para chegar até 02-01-2018 e não posso avaliar nada pois estão dentro do prazo!,1.0,1,positivo
98889,Produto de muito boa qualidade. Vou comprar mais!,1.0,1,positivo
91386,"Perguntei se era entregue pelos correios ou transportadora, disseram que era transportadora por isso comprei. Porém não foi, tive que ir buscar em um correio super longe da minha residência.",0.0,0,negativo
45879,"Eu acabei com o preconceito de comprar na internet, está compra será a primeira de muitas",1.0,1,positivo
35762,"Eu recomendo, seca bem rápido os cabelos e deixa bem macios também, faz um barulho alto, o material é um pouco frágil, mas atendeu minhas expectativas.",1.0,1,positivo
37355,PRODUTO ERA PRA TER CHEGADO DIA 6/6 E NÃO CHEGOU AINDA,0.0,0,negativo
18592,Boa noite os produtos são de ótima qualidade sem falar da pontualidade obrigado equipe das lojas lannister e as empresas responsáveis.,1.0,1,positivo
93874,"Tudo perfeito, produto, prazo e principalmente o preço!!",1.0,1,positivo
59486,O óculos veio com as lentes arranhadas e tive que ir nos Correios retirar a mercadoria. Essa loja nunca mais.,0.0,0,negativo
79814,Entregue super rápido.,1.0,1,positivo
35083,Tudo Ok,1.0,1,positivo
45109,Indo a todos foi conforme eu esperava entrega rápida super indocado,1.0,1,positivo
59006,"Gostei muito,satisfez minhas espectativas",1.0,1,positivo
35411,Ótimo,1.0,1,positivo
42002,Recomendo,1.0,1,positivo
62493,Ótimo,1.0,1,positivo
45445,Muito bom o atendimento.,1.0,1,positivo
89732,Foi o produto correto,1.0,1,positivo
65024,Comprei 3 unidades do produto vieram 2 unidades que não corresponde com o que comprei. Devido a minha opinião é negativa com relação a esse vendedor pois não não cumpriu com o prometido na venda.,0.0,0,negativo
40810,O frete poderia ser mais barato.,1.0,0,negativo
41406,os produtos entregues não são os funko pops originais. são claramente uma cópia. quero meu dinheiro de volta e a devolução destes produtos,0.0,0,negativo
80428,"Efetuei a compra de 3 pendentes. Ocorre que recebi o pedido INCOMPLETO, dos 3 pendentes recebi APENAS 2, já enviei 2 e-mails para lannister e até agora não obtive nenhum retorno.",0.0,0,negativo
46704,muito bom eu tenho comercio aqui gostaria de saber se você vende em atacado.se vende qual a porcentagem obrigado.,1.0,1,positivo
99342,Tudo otimo,1.0,1,positivo
23223,"Estou muito satisfeito,sempre compro com vocês e nunca tive problemas entrega sempre antes do prazo.",1.0,1,positivo
52645,muito satisfeito nota 10,1.0,1,positivo
47692,foi uma boa compra o produto estava de acordo,1.0,1,positivo
35080,Comprarei sempre nas lojas lannister.,1.0,0,negativo
92891,Ainda nas mãos do correio,0.0,0,negativo
51137,Só o frete que está muito caro pelo valor da compra.,1.0,0,negativo
98176,Entrega nota 10,1.0,1,positivo
13460,Produto chegou certinho .Recomendo a todos,1.0,1,positivo
48622,Ótimo,1.0,1,positivo
57457,otimo,1.0,1,positivo
35545,Chegou antes do prazo. Boa qualidade.,1.0,1,positivo
91513,"Produto sem detalhes. Muito bom e bonito. Alem de que a entrega foi muito rapida. Estava prevista para o dia 17 e foi entregue dia 01... Produto resistente e bem aderente.",1.0,1,positivo
74865,"Péssimo serviço nunca mais o site do shopptime, segunda compra que realizo e a segunda que da erro!!!!",0.0,0,negativo
26190,"Não recebi o produto ainda, sabem que o correios é uma porcaria e insistem em fazer esse tipo de envio????",0.0,0,negativo
64824,Entrega muito rápida,1.0,1,positivo
40474,"Prazo de entrega um pouco longo, mas sem surpresas desagradáveis.",1.0,1,positivo
3767,Muito boa compra,1.0,1,positivo
27353,Produto de acordo com o anunciado.,1.0,1,positivo
99830,"loja super atenciosa,competente.Dá prazer em comprar.",1.0,1,positivo
88088,"muito rapido a compra, e a entrega tambem",1.0,1,positivo
31284,Parabéns.,1.0,1,positivo
89860,"Vou comentar uma falta de profissionalismo , uma vergonha.",0.0,0,negativo
94387,Comprei um produto e recebi outro,0.0,0,negativo
21890,Excelente,1.0,1,positivo
44841,"Produto enviado dentro do prazo. Como ainda não tive contato com a mercadoria, não posso opinar em relação à qualidade.",1.0,1,positivo
44092,Gostei do produto,1.0,1,positivo
90881,"O produto ainda não foi usado, mas como primeiro teste, está dentro do esperado. Já o prazo de entrega foi excelente, chegou antes do previsto.",1.0,1,positivo
98639,PARABÉNS!,1.0,1,positivo
26180,"Comprei 02 produtos (lonas para esteiras LX 150 da MOVEMENT) faturados no meu cartão de crédito e apenas 01 chegou na minha residência. Tenho a nota fiscal. Se quiser envio.",0.0,0,negativo
17480,Amei comprar com vcs receber bem antes do prazo,1.0,1,positivo
87510,Fiquei muito satisfeita.,1.0,1,positivo
68853,Assim que receber posso avaliar,0.0,0,negativo
2230,Otimo,1.0,1,positivo
1177,"Produto de qualidade, preço justo, entrega dentro do prazo. O produto atendeu as minhas expectativas. Recomendo o vendedor.",1.0,1,positivo
78605,"Foi uma ótima compra, chegou rapidinho e com toda garantia....",1.0,1,positivo
85368,Ok,1.0,1,positivo
64420,Estou muito satisfeita e recomendo.,1.0,1,positivo
1507,"Muito frágil, mas funciona certinho.",1.0,1,positivo
67367,A mamae aqui deu conta direiritinho da monstagem. Ele é bom forte e já vem adesivado. AMEI!,1.0,1,positivo
21023,"Pagamos caro para receber em casa (frete de R$95,00) e ainda não recebi o produto, não consigo retirar nos correios pois não deixaram o papel de retirada na minha casa. INSATISFEITA!!!!!",0.0,0,negativo
5064,"Eu adoro fazer compra na baratheon, mas tem uns parceiros dela que deixa a desejar.Meu carregador até agora nada.",0.0,0,negativo
24331,entregarão bem antes do prazo.,1.0,1,positivo
74463,Ótimo produto. Custo e benefício.,1.0,1,positivo
98855,Ja tentei entrar em contato várias vezes com as lannister e nada !,0.0,0,negativo
92916,"Trabalho excelente, dentro do prazo e você consegue monitorar desde o inicio da compra até o produto chegar na sua casa. Muito bom, recomendo a todos comprar no lannister.com!",1.0,1,positivo
28298,Meu esposo amou o relógio. Teve um problema na primeira tentativa de entrega. Mais a loja targaryen resolveu td. Estão de parabéns 👏👏👏👏👏👏👏👏👏👏👏,1.0,1,positivo
51150,Ótima entrega,1.0,1,positivo
72119,excelente atendimento,1.0,1,positivo
31092,"bom dia , recebir meu produto antes do prazo e estou muito satisfeita com a compra obg !",1.0,1,positivo
55854,"Comprei dois escapulario, mais esta empresa mandou apenas um e agora eu nem seu se vou receber o outro ou ter o meu dinheiro de volta. Que merda esta situação",0.0,0,negativo
65863,bom,1.0,1,positivo
65778,"Realizei a compra e antes de receber me informaram que o produto não seria entregue, acho que por ser uma loja virtual não poderiam fazer isso, agora não consigo resgatar o valor pago.",0.0,0,negativo
22382,Ótimo produto,1.0,1,positivo
18750,otima loja,1.0,1,positivo
98488,Goste e comprei mais duas pra organizar meus Vinhos.,1.0,1,positivo
77966,produto entregue com qualidade,1.0,1,positivo
16895,Xxx,0.0,0,negativo
29996,É uma ótima capa e vem com a pelicula,1.0,1,positivo
35464,meu pedido nao foi entregue ligo pra vcs e nao consigop falar quero uma solução urgente ...vcs podem atender pelo menos o telefone na central de atendimento por favor,0.0,0,negativo
84769,"Excelente ,entrega antes do prazo ,ótimo atendimento.",1.0,1,positivo
19932,"Só fiz a compra, foi entregue em outro lugar, mas acredito que esteja tudo certo. Obrigada",1.0,1,positivo
31617,Bom,1.0,1,positivo
36087,Tudo certo com o produto comprado,1.0,1,positivo
45903,"satisfeito, ótimo",1.0,1,positivo
77249,entrega rápida e o produto é maravilhoso,1.0,1,positivo
45806,"Bom dia!  Ao abrir a caixa, verifiquei que o pedido Brinco De Gancho Pendurado Chapeado De Prata Cristal Orelha Prata 5 estava faltando e estava sendo especificado na nota fiscal.",0.0,0,negativo
99977,"Produto original,prazo de entrega rápido.Super satisfeito.",1.0,1,positivo
71607,Estou muito satisfeita com o a entrega foi muito antes do esperado não gostei da luz do relógio e um laranja estranho que não clareia nada e outra tive que ver um tutorial de como ajustar a hora,1.0,0,negativo
47870,O produto chegou quebrado quero por favor meu dinheiro de volta e o que faço para devolver o produto.,0.0,0,negativo
25219,"Não recebi,e também NÃO CANCELEI,ASSIM COMO APARECEU NO STATUS...EU QUERO O MEU PRODUTO,POR FAVOR ENVIAR O MEU PRODUTO.",0.0,0,negativo
89000,já tem mais de um mês que efetuei a compra e ainda o produto não chegou,0.0,0,negativo
91284,muito boa a logistica da empresa produto dentro das caracteristicas,1.0,1,positivo
55653,ATRASO NA ENTREGA,0.0,0,negativo
99748,"Foi uma compra com sucesso ,conforme o pedido foi feito foi entregue no prazo👍👍👍",1.0,1,positivo
37901,"Dentro do anunciado, produto e entrega com qualidade.",1.0,1,positivo
27769,Produto muito bom e chegou mto antes do prazo . Recomendo o produto e o vendedor.,1.0,1,positivo
45107,recebi dentro do prazo,1.0,1,positivo
98195,comprei vei certinho esse pedido mas umas banquetas que comprei antes desse pedido agora não chegou falaram que entregou mas eu n recebi comprei antes desse pedido e nao chegou,1.0,0,negativo
40438,"Chegou antes do prazo, tudo certinho.",1.0,1,positivo
2465,Adorei,1.0,1,positivo
32707,"Foi entregue apenas parte do pedido, a saia para cama box não veio.",1.0,0,negativo
6223,Cadiveu é maravilhoso!!!,1.0,1,positivo
92253,18/06 já tinha sido entregue,1.0,0,negativo
54335,"O produto e o baratheon foram ótimos porém o produto ficou preso nos correios dependendo de segurança, enviaram para o CDE local e eu tive que ir buscar. Eu paguei pra ser entregue em casa.",1.0,0,negativo
50781,"Nao recebi o produto conforme anunciado,",0.0,0,negativo
30746,Boa,1.0,1,positivo
71635,Ótimo,1.0,1,positivo
26089,Entrega antes do previsto. Excelente serviço.,1.0,1,positivo
88922,Produto de ótima qualidade!,1.0,1,positivo
13651,Gostei chegou no prazo sem burocracia,1.0,1,positivo
29102,"Como sempre, as lannister me surpreende, com sua entrega. Recebi meu produto, praticamente, 15 dias antes do prazo estipulado pela loja. Super recomendo as compras pelo site das lannister.com!",1.0,1,positivo
10851,"Muito satisfeito, produto de ótima qualidade e rapidez na entrega.recomendo sim essa loja, continue assim sempre melhorando cada vez mais.",1.0,1,positivo
22224,"Chegou muito antes do prazo, ainda n usei o produto mas chegou td certinho.",1.0,1,positivo
26218,Otimo,1.0,1,positivo
6374,"Estou a dias esperando a mercadoria , já fui no correios , e não deixaram retirar !!!",0.0,0,negativo
83808,Preciso devolver o produto pois essa compra havia sido cancelada. Acredito que tenha sido problema do sistema. Estou aguardando resposta para devolver e pegar o dinheiro de volta,1.0,0,negativo
48807,o produto chegou 20 dias antes do prazo,1.0,1,positivo
55888,Não dão a menor satisfação para o cliente a entrega estava prevista para 13/03/17 e foi a única comunicação que tive enviei email e não fui atendida no dia 10/03 me avisaram q. O pedido seria cancelad,1.0,0,negativo
33192,Ótimo custo x benefício.,1.0,1,positivo
31349,"Comprei dois produtos e ambos, mesmo enviados em dias diferentes, estão como em dificuldade na entrega segundo o rastreamento dos Correios. O que nunca me aconteceu antes.",0.0,0,negativo
99529,Ainda não recebi a blusa na entrega,1.0,0,negativo
38076,Muito bom goste,1.0,1,positivo
77345,otimo,1.0,1,positivo
79940,O produto chegou no prazo e parece ser ótimo. Custo benefício excelente,1.0,1,positivo
63663,"muito bom ,entregue no prazo. Estou satisfeita!!!",1.0,1,positivo
57741,"O pedido já atrasou 8 dias, e até agora não recebi nenhuma satisfação da parte da loja ( o que eu acho particularmente um absurdo com os clientes). Dependendo das próximas compras, mudo de opinião.",0.0,0,negativo
14377,Muito bom,1.0,1,positivo
29213,Recebi os produtos,1.0,1,positivo
67831,Só não achei justo ter que pagar dois fretes pra mesmo local porque comprei dois produtos.,1.0,0,negativo
90186,"Recebi o produto no prazo correto.  Produto de ótima qualidade",1.0,1,positivo
65345,"A entrega foi correta ,porém vocês entregaram em duplicidade é passaram duas vezes o meu cartão,quero ver como podemos resolver isso ,pq eu não preciso de 2 Fico no aguardo",1.0,0,negativo
44882,Recebi produto errado e não consigo retorno da loja! Continuo sem meu produto!,0.0,0,negativo
63408,Entrega no prazo e produto atendeu minhas espectativas,1.0,1,positivo
3,Recebi bem antes do prazo estipulado.,1.0,1,positivo
7390,"Produto excelente e prazo de entrega ótimo. Recomendo. Parabéns pela seriedade e compromisso.",1.0,1,positivo
6811,"Foi entregue somente a capa do celular, faltando a película que foi comprada juntamente com a capa.",0.0,0,negativo
98661,Produto chegou super rápido. Recomendo a todos.,1.0,1,positivo
91051,"Produto excelente, em ótimo estado e entregue antes do prazo! Ótimo.",1.0,1,positivo
54689,Produto bom!,1.0,1,positivo
23968,Deveria ter frete grátis,1.0,0,negativo
94036,Produto de qualidade recebi antes do prazo parabéns!,1.0,1,positivo
90466,"Excelente produto, chegou antes do previsto. Satisfeita com o produto!",1.0,1,positivo
37689,muito bom,1.0,1,positivo
25898,Ótimo produto e de boa qualidade.,1.0,1,positivo
83694,"Seguro, rápido e ágil.",1.0,1,positivo
39817,Não seria justo não recomendar a loja pois não recebi o produto pois o Correios não entregou. Talvez seria interessante a loja utilizar outra transportadora.,0.0,0,negativo
58420,Muito bom limpa mesmo,1.0,1,positivo
61319,"Entrega muito rápido, bem antes do prazo previsto.",1.0,1,positivo
67815,"Infelizmente o meu quadro veio com a moldura quebrada, danificando a tela. Deu trabalho para concertar",0.0,0,negativo
71403,Tudo entregue em perfeitas condições.,1.0,1,positivo
45593,produto de boa qualidade e entregue antes da data,1.0,1,positivo
55975,Super indico tanto a loja como o prpduto máquina leve sem barulho trabalho perfeito entregue antes do prazo amei 👏👏👏👏👏,1.0,1,positivo
64446,Recebi 01 item apenas.,0.0,1,positivo
66126,Recomendo a loja.,1.0,1,positivo
61534,reocomendo,1.0,1,positivo
84419,"Prático, pequeno, leve, testei pouco mas por enquanto estou gostando muito.",1.0,0,negativo
50806,"Produto chegou no prazo e tudo OK. Recomendo. Poderiam ter enviado uma cópia da NF junto, pois a mesma foi recebida apenas eletronicamente.",1.0,0,negativo
56319,Produto entregue antes do prazo,1.0,1,positivo
82131,Relógio não valeu o que paguei. Material de baixa qualidade. Creio que as Lojas lannister não deveriam vender relógios como os de camelôs.,0.0,0,negativo
76488,"Entrega rápida, profuto devidamente embalado. Produto ok e acompanha pilha.",1.0,1,positivo
80839,O produto foi entregue em 2 dias úteis.,1.0,1,positivo
42975,No site estava dizendo que seria 2 litros porém me foi enviado um frasco de 500 ml,0.0,0,negativo
97256,Há divergência entre o produto apresentado e o entregue.,1.0,0,negativo
45120,"Não entregam os produtos comprados!!! Não tem respeito com o cliente.",0.0,0,negativo
41657,"Ainda não recebi o produto nem qualquer satisfação. Por favor, entreguem logo.",0.0,0,negativo
49763,Entrega bem antes do prazo. Produto de acordo às especificações.,1.0,1,positivo
18124,Conforme combinado e no prazo estabelecido.,1.0,1,positivo
67576,"Os lustres vieram numa cor totalmente diferente do anunciado. Pedi troca através do site, recebi o e-mail de confirmação dizendo que entrariam em contato comigo em até 48 horas, porém até agora nada !",0.0,0,negativo
50388,adorei o producto recomendo,1.0,1,positivo
78109,Muito bom,1.0,1,positivo
98269,sempre um bom atendimento,1.0,1,positivo
23383,Dentro do prazo,1.0,1,positivo
14680,Produto não chegou na data.,0.0,0,negativo
23805,"Meu pedido era pra ter chegado até no máximo dia 20 de março, hoje já é dia 22 de março e ainda não chegou!!! Estou bastante desepcionado com a loja.",0.0,0,negativo
39136,Produto entregue antes do prazo e tudo de acordo com o que pedi.,1.0,1,positivo
10545,Entrega rápida dentro do prazo,1.0,1,positivo
92449,excelente,1.0,0,negativo
15427,Ótima entrega!,1.0,1,positivo
23493,"Recebemos o produto, o boneco que comprei com fala, mas o botão veio quebrado, não produz a fala.  Preciso da troca imediata do produto",0.0,0,negativo
1193,Produto simples e bonito,1.0,1,positivo
45298,Péssimo atendimento,0.0,0,negativo
48013,Produto nao chegou até agora. Uma vergonha.. Não recomendo!,0.0,0,negativo
29944,Produto bom.,1.0,1,positivo
14130,"demora um pouco pra chegar , mas o produto é excelente",1.0,1,positivo
45216,"A targaryen estabeleceu um prazo um pouco longo de entrega, mas conseguiu entregar a encomenda antes do mesmo. Entrega ok!",1.0,1,positivo
71432,muio bom,1.0,0,negativo
32239,"Dentro do esperado. Já realizei várias compras nas lannister, nunca tive problema.",1.0,1,positivo
78139,Compro a varios anos não tenho do que reclamar.,1.0,1,positivo
90453,"Ainda não recebi o produto.Estou insatisfeita com essa compra, pois esperava receber no tempo determinado.",0.0,0,negativo
93253,"Boa tarde. Até hoje ainda não recebi a minha compra. Tentei entrarem contato com vocês e não consegui. Quero que seja devolvido o valor pago, ou a mercadoria com urgência.  Aguardando o retorno.",0.0,0,negativo
3898,"Entrega rápida antes do prazo, recomendo!",1.0,1,positivo
5543,Mandei um email até agora não obtive resposta. Meu produto não chegou...,0.0,0,negativo
74452,Atendeu minhas espectativas,1.0,1,positivo
63600,"Atendeu minhas expectativas, tem qualidade recomendo.",1.0,1,positivo
99881,"Produto veio em otimo estado, tudo certo",1.0,1,positivo
34028,Produto diferente do anunciado,0.0,0,negativo
89623,comprei o produto e ate hj não recebir,0.0,0,negativo
96262,O produto chegou tudo corretamente.,1.0,1,positivo
6804,Bom,0.0,1,positivo
55745,"Achei o tecido um pouco fino, mas acho que atendeu em parte minha expectativa",1.0,0,negativo
26107,"E muito bom poder confiar em uma loja virtual produto de boa qualidade e muito rápido a entrega ,ótimo trabalho!",1.0,1,positivo
82333,"Produto muito bom, eu recomendo.",1.0,1,positivo
39833,"Entrega muito rápida, produto conforme o esperado.",1.0,1,positivo
82317,Produto muito bom pelo preço que é cobrado. Vale a pena e produto foi entregue antes da data prevista!,1.0,1,positivo
89573,Atendeu às expectativas e a necessidade do momento.,1.0,1,positivo
25284,"A entrega ocorreu dentro do prazo esperado, dentro da qualidade pretendida. Tudo Ok!.",1.0,1,positivo
62675,"Muito bom, entregue antes do prazo.",1.0,1,positivo
6906,"Recebi o e-mail perguntando se eu recebi meu produto, porem já passou do prazo de entrega e ainda NÃO recebi meu produto, e diz que se eu não responder o e-mail seria dado como produto entregue.",0.0,0,negativo
26466,"Achei muito parecidos alguns produtos, mas ainda assim super indico. São de otima qualidades",1.0,1,positivo
70282,Obrigado,1.0,1,positivo
53342,"Produto muito bom, chegou antes do prazo e realmente atende as especificações eu recomendo.",1.0,1,positivo
95908,Até ligaram pra mim para confirmar. Excelente,1.0,1,positivo
64448,"PRAZO DE ENTREGA OK QUALIDADE DO PRODUTO OK  FALTOU APENAS A FICHA DO DEALER A QUAL CONSTA NA CAIXA E NÃO CHEGOU.",1.0,0,negativo
13024,"Aborrecido, muito decepcionado. Até o presente momento sem informações para que possa ser resolvido. Procuro evitar o PROCON, mas acho que não terá outra solução.",0.0,0,negativo
68272,"Produto entregue antes do prazo,",1.0,1,positivo
88050,Entrega antes do prazo previsto. Parabens,1.0,1,positivo
66272,"O único problema foi que me cobraram um frete absurdo, para não entregarem na minha residência.",0.0,0,negativo
41129,Muito bonita,1.0,1,positivo
55218,satisfatória.,1.0,1,positivo
49354,Muito bom,1.0,1,positivo
76491,PRODUTO ENTREGUE CONFORME ANUNCIADO.,1.0,1,positivo
52700,Recebi tudo em dia e todos os produtos de boa qualidade!,1.0,1,positivo
83481,tudo tranquilo,1.0,1,positivo
60122,Meu Produto não foi entregue.,0.0,0,negativo
86338,tudo certo com o produto. Mas a loja exagerou na embalagem. Muito plástico e papelão. Cade a preocupação com a sustentabilidade?,1.0,0,negativo
78388,Não houve a entrega de tds os profutos,0.0,0,negativo
1666,"Ainda não recebi um dos relógios, ainda aguardando...obrigada!",1.0,1,positivo
48216,Excelente,1.0,1,positivo
8771,Gosto muito de comprar na loja americas,1.0,1,positivo
85866,Nota 10,1.0,1,positivo
12098,MUITO BOM,1.0,1,positivo
83548,Gosto muito de fazer compras nesta loja. Produto de boa qualidade e a entrega é rápida.,1.0,1,positivo
1145,"Chegou um pouco antes do prazo, isso é bom",1.0,1,positivo
10853,"produto recebido e funcionando, muito bom.",1.0,1,positivo
51102,Atendimento de primeira.,1.0,1,positivo
51505,"A loja entregou o produto com coesão, dentro do prazo estipulado e com embalagem em bom estado. Recomendo.",1.0,1,positivo
97260,"Excelente, tanto o produto quanto a entrega! Apresentei minha sobrinha (9 anos) e ela adorou!",1.0,1,positivo
60099,recebi antes do prazo....produto maravilhoso.,1.0,1,positivo
3672,Comprei um recibie outro,0.0,0,negativo
1157,Atendeu as expectativas,1.0,1,positivo
84055,Entrega rápida...,1.0,1,positivo
67640,Fiquei mto satisfeita com a compra.,1.0,1,positivo
30582,Nota 10 para entrega super rápida com certeza já indiquei e indico agilidade estao de parabéns,1.0,1,positivo
75756,Veio tudo ok em bom estado e o relógio é muito bonito,1.0,1,positivo
52581,"Foi entregue no prazo, recomendo sim",1.0,1,positivo
7264,Lindo lindo! Amei!,1.0,1,positivo
5677,Sei que o atraso da entrega ocorreu em virtude da paralisação.,1.0,0,negativo
55448,Produto conforme anunciado.,1.0,1,positivo
76521,"entrega rápida, e atendimento excelente",1.0,1,positivo
76994,Tudo certo,1.0,1,positivo
9915,Tudo ok! Recomendo!,1.0,1,positivo
79718,ENtrega super rapida.,1.0,1,positivo
69209,"Produto ótimo! Só não achei que foi embalado tão adequadamente. E descobri, pelo endereço do fornecedor, que ele está próximo de onde moro. Logo, poderia ter tido opção de buscar sem frete.",1.0,1,positivo
93982,"Amei o produto, e recomendo.",1.0,1,positivo
35331,"Excelente perfume, estou muitíssimo satisfeito com o produto ,foi entregue muito antes do prazo, só tenho a parabenizar vcs.",1.0,1,positivo
33409,o produto veio antes do prazo muito bom e confiável essa compra,1.0,1,positivo
65063,Além da qualidade do produto e eficiência na logistica da entrega,1.0,1,positivo
9561,Ótimo atendimento,1.0,1,positivo
90922,gostei do produto e da entrega,1.0,1,positivo
42971,Excelente produto,1.0,1,positivo
77405,Tudo Ok.,0.0,1,positivo
38661,Gostei do produto e chegou bem antes do prazo!,1.0,1,positivo
23114,Foi uma experiência sem nenhum fato negativo.,1.0,1,positivo
72272,Material bom.,1.0,1,positivo
3439,Superou!!!,1.0,1,positivo
31913,Oi boa noite - ainda falta 01 item da compra feita.,0.0,0,negativo
8615,"Relógio lindo, entrega bem antes do prazo.",1.0,1,positivo
94336,"Produto de ótima qualidade, entregue dentro do prazo desejado.",1.0,1,positivo
80987,É SEMPRE O PRAZER COMPRAR NA AS lannister......,1.0,0,negativo
68125,"Segundo o codigo do correio, o produto foi entregue em endereço errado",0.0,0,negativo
95528,"Não recomendo a compra nesta loja, primeiro falaram 14 dias e já estão chegando a 1 mês e nada!",0.0,0,negativo
11777,Muito bom! Recomendaria.Foi entregue antes do prazo.,1.0,1,positivo
39796,"O produto funciona bem, é um pouco duro os botões , demorou a entrega por ser final de ano, mas já comprei outros produtos e a entrega é qualidade são bons.",1.0,1,positivo
48745,entrega errada!!,0.0,0,negativo
75522,"Gostei do produto, bonito, boa qualidade... como está no site. Não teve nenhuma intercorrencia com o vendedor, tudo certinho.",1.0,1,positivo
4920,Entregue no prazo e produto atende bem a necessidade!,1.0,1,positivo
24981,adorei meu produto,1.0,1,positivo
66100,Muito confortável,1.0,1,positivo
49453,O produto tem ótimo acabamento e é ideal para levar refeição para qualquer lugar sem decepcionar. A entrega ocorreu dentro do prazo previsto e chegou bem acondicionado.,1.0,1,positivo
12350,Realizei minha compra no dia 10/10 porém só chegou 1 produto sendo que paguei por 3 unidades MOP Spray. Estou muito insatisfeita inclusive com o atendimento.,0.0,0,negativo
38315,"Serviços todos ótimos, porém achei só o fecho um pouco frágil!!recomendo!",1.0,1,positivo
28666,vale o custo benefício,1.0,1,positivo
86604,O produto chegou em bom estado. Estou satisfeita.,1.0,1,positivo
8514,"O produto chegou rapidamente, até mesmo antes do prazo e muito bem embalado.",1.0,1,positivo
33218,"Devido incompatibilidade vou devolver, ótimo produto!",1.0,1,positivo
40798,"AO CONTRÁRIO da loja LADY HAIR PROFISSIONAL que me enviou produto com prazo de validade com menos de um mês (comprei em setembro e produto expira em outubro).  Esta loja eu recomendo",1.0,0,negativo
55500,Boa,1.0,1,positivo
60472,"Gosto muito de comprar no baratheon,recebo nos prazos e perfeito, recomendo sim.",1.0,1,positivo
78195,Bons vendedores...recomendo demais.,1.0,1,positivo
26293,"O produto corresponde ao anúncio, qualidade muito boa preço até inferior à ela. O prazo de entrega previsto foi bastante antecipado, pedido chegou na hora que mais precisava do produto. Sou agradecid",1.0,1,positivo
43656,"Produto em ótimo estado, funcionando e entregue antes do prazo. Ótima loja, obrigado.",1.0,1,positivo
48029,"Nao recebi o produto que pedi, o que veio foi um pouco de creme em um pote de plastico",0.0,0,negativo
16783,"satisfeita com produto eu já conhecia quando vi baratheon por esse valor corri comprar ,recomendo a todas mulheres , o perfume é suave, bom é bem de meu gosto, permanece no corpo por bom tempo, espet",1.0,1,positivo
83953,Tudo como combinado recomendo,1.0,1,positivo
34516,Produto entregue no prazo,1.0,1,positivo
5224,Top,1.0,1,positivo
33595,"Produto entregue muito antes do prometido, e o que foi anunciado,muito bom, recomendo o fornecedor é o produto",1.0,1,positivo
32452,"O prazo de entrega é um pouco extenso, porém foi entregue dentro do prazo acordado",1.0,1,positivo
16746,depois de pago o boleto sem o produto tem que ficar ate o praso de entrega pra saber que nao tem o que comprou.,0.0,0,negativo
6571,O produto veio com a solda solta ... quando chegou tive que mandar soldar!,0.0,0,negativo
33781,O cabo de ligação da guitarra no amplificador esta com mau contato (falhando).,1.0,0,negativo
94591,"Produto entregue em perfeito estado, muito bem embalado e dentro do prazo estipulado! Super indico!",1.0,1,positivo
57611,Satisfeita com o produto!,1.0,1,positivo
33695,A EMPRESA FAZ PROPAGANDA ENGANOSA EM SEU SITE. NÃO RECEBI A MERCADORIA COMPRADA. ESCREVI E-MAIL RECLAMANDO E SEQUER RECEBI UMA RESPOSTA DO MOTIVO DO ATRASO. ESTOU INDIGNADA COM A targaryen E COM A AMERICA,0.0,0,negativo
54848,Muito bom,1.0,1,positivo
29248,"Produto de ótima qualidade, linda exatamente como na foto. Ficou perfeita. Amei. Recomendo a todos",1.0,1,positivo
53760,"Muito Bom, Recomendo!",1.0,1,positivo
9038,O produto chegou dentro do prazo previsto e conforme solicitado.,1.0,1,positivo
50960,Não gostei porque a empresa enviou um envelope vazio.,0.0,0,negativo
18243,Atende ao esperado,1.0,1,positivo
53178,"O produto veio com com uma caixa de outro boneco , manchado , arranhado sem as garras, produto não é original.ja pedi o cancelamento do produto.realmente decepcionado com a lojas lannister.",0.0,0,negativo
48475,Produto entregue muito rápido. Fiquei muito satisfeita!Obrigada.,1.0,0,negativo
35877,"O produto chegou de forma correta, embora o Correios da minha cidade não tenha um bom serviço, a compra feita no site foi sem problema algum. O produto chegou em bom estado e é melhor que esperado.",1.0,1,positivo
40730,"Recebi dentro do prazo estabelecido, adorei os produtos",1.0,1,positivo
70293,Bom,1.0,1,positivo
36810,"Otima qualidade e entrega antes do esperado, recomendo!!!",1.0,1,positivo
54209,foi otimo,1.0,1,positivo
13826,muito muito bom,1.0,1,positivo
45352,Gosto muito de comprar online pela lojas lannister sempre com um atendimento excelente nota 10.saudações.,1.0,1,positivo
63769,recebi dentro do prazo e sem defeitos,1.0,1,positivo
83135,Comora segura e agil,1.0,1,positivo
62336,"ótimo serviço, entrega antecipada e produto correto",1.0,1,positivo
907,"bom , foi o que esperava.",1.0,1,positivo
12869,Entrega antes do prazo produto ótimo recomendo!,1.0,1,positivo
95818,Muito lindo! Amei!,1.0,1,positivo
40245,"Entrega do produto diferente do solicitado Aguardo orientação para a troca",0.0,0,negativo
38041,Recebido antes do prazo e em perfeitas condições.,1.0,1,positivo
88126,"ótima compra, entrega rápida. recomendo",1.0,1,positivo
55070,"Preço bom, prazo de entrega curto e produto entregue corretamente sem defeitos aparentes.",1.0,1,positivo
97459,"Recebi meus produtos no prazo estimado. Super feliz!!!! Recomendo as compras no site da baratheon.",1.0,1,positivo
65138,O pedido veio em tempo recorde!,1.0,1,positivo
24657,otimo,1.0,1,positivo
55681,Seria melhor se o prazo não fosse tão longo. Mas chegou antes da data prevista!,1.0,1,positivo
33653,Muito bom chegou bem antes do prazo,1.0,1,positivo
8720,"Excelente loja, sempre compro na americana, entrega rápida.",1.0,1,positivo
80927,Vendedor cumpriu o que estava no anúncio. Óculos atende o esperado.,1.0,1,positivo
88986,Muito bom,1.0,1,positivo
93362,"Recomendo, sim!",1.0,1,positivo
74991,"Desde o primeiro contato até o recebimento do produto, tudo perfeito. .Parabéns a todos os envolvidos no processo.",1.0,1,positivo
66050,Preciso de uma posição sobre o produto ou quero que me devolveram o dinheiro pois já foi efetuado o pagamento via cartão.,0.0,0,negativo
33840,OK,1.0,1,positivo
5963,Ótima loja. Recomendo a todos.,1.0,1,positivo
95505,Amei o produto,1.0,1,positivo
96292,Gostei muito e recomendo pra todas minhas amigas,1.0,1,positivo
93708,mto bom,1.0,1,positivo
70785,"Super recomendo, chegou rápido.",1.0,1,positivo
69998,Atendimento muito bom.,1.0,1,positivo
93095,entrega rápida,1.0,1,positivo
43722,Produto muito bem feito! Recomendo,1.0,1,positivo
93435,"Rastreamento: PP 272 681 476 BR Ainda não chegou na unidade do Correios, em Porto Alegre.",0.0,0,negativo
35351,Entrega antes do prazo.,1.0,1,positivo
65833,Recebi antes do prazo previsto,1.0,1,positivo
14594,O cartucho não é original fiz o cancelamento e estou aguardando a devolução do valor o cartucho não funciona.,0.0,0,negativo
80236,rápida entrega é bom atendimento,1.0,1,positivo
89698,Faltou a FLANGE da cadeira que e considerada a peça mais importante.,0.0,0,negativo
72084,Mas pena que o drone não funciona,0.0,0,negativo
24484,Boa. Entrega rápida.,1.0,1,positivo
88802,Eu não recebi o meu produto e também não consigo entrar em contato com a loja. Absurdo!!!,0.0,0,negativo
36186,Gostaria de um retorno o quanto antes da situação da compra. Obrigada,0.0,1,positivo
24379,"Muito bom , entrega rapido e dentro do prazo. Recomendo!! Muito satisfeita.",1.0,0,negativo
96955,Foi um presente de casamento o casal adorou.,1.0,1,positivo
43809,não chegou,0.0,0,negativo
49261,O produto chegou bem antes do prazo e atendeu bem as minhas expectativas. Valeu + esta!,1.0,1,positivo
1879,Excelente.,1.0,1,positivo
67762,"Recebi o produto antes do combinado, estou satisfeitíssimo com o produto , a loja e a entrega... parabéns continuem assim.",1.0,1,positivo
9669,ate o momento nao recebi o produto,0.0,0,negativo
43626,Meu produto não foi entregue!,0.0,0,negativo
65695,"Fiquei com dúvidas por causa dos comentários, mas o produto chegou em ótimo estado na caixa",1.0,1,positivo
25722,"Produto em ordem. Mas um pouco de demora no processamento e envio de informações (separação no estoque,preparação pra envio, nota fiscal) antes da entraga à transportadora.",1.0,0,negativo
32904,"Bom produto, chegou no tempo certo!",1.0,1,positivo
31691,o produto não chegou.,0.0,0,negativo
31784,Adorei o produto e a entrega foi rápida,1.0,1,positivo
48563,Superou minhas expectativa recebi muito antes do previsto,1.0,1,positivo
53611,"Bom mas parece ser muito áspero, pode machucar um bebê",1.0,0,negativo
74740,Produto com caixa violada e amassada. O frete mais caro que o produto. Precisa melhorar bastante. Pior que nao foi a primeira vez.😠,0.0,0,negativo
35279,Missão Comprida !!,1.0,1,positivo
26124,COMPRO NAS LOJAS AMERICANOS PELA CONFIANÇA NO ESTABELECIMENTO.,1.0,1,positivo
5111,Fiquei muito satisfeita com a qualidade deste produto e achei lindos os 2 jogos. E comprei com excelente preço. Super recomendo.,1.0,1,positivo
86099,Fiquei surpreso com a rapidez da entrega do meu produto chegou bem antes do prazo vcs estão de parabéns,1.0,1,positivo
96735,Muito bom adorei o produto super recomendo. Chegou bem rápido.,1.0,1,positivo
81671,"Recomendo, chegou muito antes do prazo.",1.0,1,positivo
16473,Chegou antes da data. Já usei .,1.0,1,positivo
34162,"Ótimo atendimento, recebi o produto 10 dias antes do previsto",1.0,1,positivo
75673,Excelente produto,1.0,1,positivo
20724,Conforme anunciado chegou antes do prazo,1.0,1,positivo
9052,"Só chegou uma licença com o selo da Microsoft e a outra veio impressa na nota fiscal, o que achei muito estranho. Além disso a licença não funciona.",0.0,0,negativo
20041,"O produto foi enviado rapidamente, loja eficiente na entrega! Recomendo a loja a todos!",1.0,1,positivo
67654,"Não recebi meu produto , o prazo máximo de entrega foi dia 26/03/17 realizei a compra no dia 18/3 e até o momento não recebi nenhum posicionamento por parte da empresa , descaso total , indignada",0.0,0,negativo
91341,"Atendimento muito rápido, super simpática. Na verdade eles estavam em falta do Ganesha mas a peça da Lakshmi que peguei no lugar é muito linda e ainda ganhei outra peça de brinde. Recomendo.",1.0,1,positivo
74542,"Pedi dois kit veio so um, fora que eu paguei pelos dois",0.0,0,negativo
14197,"Recomendo  Muito bom",1.0,1,positivo
55739,Entrega antes do prazo,1.0,1,positivo
10276,Muito rapido,1.0,1,positivo
46812,otimo,1.0,1,positivo
88558,top,1.0,0,negativo
1534,"O correio nao entregou no endereço, tivemos que retirar, a caixa estava aberta e a churrasqueira amassada",0.0,0,negativo
42132,"Eu cancelei o pedido por me avisarem que nao tinha o produto que eu queria, dizendo ter saido de linha apesar de o produto estar disponivel no site! Ja se passou 1 mes a ainda nao estornaram o valor .",0.0,0,negativo
13644,"Como sempre, ótimo atendimento....",1.0,1,positivo
63745,Super indico o produto chegou certo e antes do prazo,1.0,1,positivo
36401,Produto não chegou ainda 30/12/17,0.0,0,negativo
28637,farei novas compras,1.0,1,positivo
70183,"Aí, adorei, chegou bem antes do prazo, e a armação é lindaaaaa, do jeitinho que eu queria",1.0,1,positivo
47315,AMEI O PREDUTO!,1.0,0,negativo
33516,Mt bem embalado.,1.0,1,positivo
12937,Não consigo falar com vocês.,1.0,0,negativo
79646,Produto chegou no prazo.,1.0,1,positivo
44594,Olha estou muito decepcionado pq sempre comprei pelo site e sempre veio os produtos certinhos agora foi uma sacanagem que fizeram comigo anunciaram a foto de um produto é mandaram outro,0.0,0,negativo
81915,Gostei muitoa película protege e não prejudica nada na sensibilidade do touch,1.0,1,positivo
99782,Muito bom,1.0,1,positivo
82879,Vendedor entregou o produto antes do prazo. Recomendo.,1.0,1,positivo
37485,"Produto entregue antes da data programada, excelente.",1.0,1,positivo
20353,total-mente satisfeito,1.0,1,positivo
30373,Até agora o serviço foi ótimo!,1.0,1,positivo
62247,"Muito bom, no prazo certo",1.0,1,positivo
29920,"Não vale a pena, produto muito aquém do esperado",0.0,0,negativo
37182,recomendo de +,1.0,1,positivo
78461,Recebi o produto antes do prazo... é realmente o que eu esperava... ótima qualidade!!! Adorei!!!,1.0,1,positivo
13880,Tudo certo e entrega antes do prazo.,1.0,1,positivo
32614,"Comprei um ultrabook e foi enviado um celular, mandei de volta, mais o ultrabook até o momento não recebi, como fica isso.",0.0,0,negativo
67677,"COMOREI 4 VIDROS DE VITAMINA D3 PAGUEI UM FRETE CARO E SÓ RECEBI 3 VIDROS. QUERO RECEBER O QUARTO QUE TUDO CUSTOU R$ 260,00",0.0,0,negativo
51550,"Ótimo fone, Ótima velocidade de postagem/entrega, único ponto é q achei ele um pouco desconfortável",1.0,0,negativo
53153,ok,1.0,1,positivo
69379,Ótimo,1.0,1,positivo
14541,Ótimo produto. Eu recomendo.,1.0,1,positivo
76208,BOM E BONITO,1.0,1,positivo
36785,Ótimo atendimento,1.0,1,positivo
44835,"Produto entregue conforme compra, dentro do prazo, e muito bem embalado.",1.0,1,positivo
66432,o produto e bom de mais!!!!,1.0,1,positivo
95318,"Recebi dentro do prazo, antes do esperado. Produto certo .",1.0,1,positivo
72984,Muito bom muito obrigado.,1.0,1,positivo
82476,"Produto atendeu as minhas espectativas, de qualidade, como descrito.",1.0,1,positivo
38742,Excelente produto,1.0,1,positivo
35416,Amei tudo de bom,1.0,1,positivo
99713,Celular é bom só não gostei do carregador poque tem que ser uma tomada com entrada grande,1.0,0,negativo
14221,Correu tudo perfeitamente.,1.0,1,positivo
26378,"Não fiquei satisfeita; propaganda enganosa pois, disseram que era luminoso e na verdade NÃO É.E agora? Eu preciso que seja luminoso à noite lógico para aplicação de remédios tipo insulina,Vainia Lúcia",0.0,0,negativo
99475,"Pontual como sempre, produto de ótima qualidade. Recomendo.",1.0,1,positivo
46470,"Foi entregue apenas 1 e eu comprei 2. Conforme nota",0.0,0,negativo
91980,"Comprei pela primeira vez, e estou satisfeito com a loja",1.0,1,positivo
65268,Entregue antes do prazo,1.0,1,positivo
53874,"Preciso devolver o produto, nem abri a caixa, comprei para minha filha, olhando pelo site ela não quer porque quer placas e não quadro. Como faço para devolver?",1.0,0,negativo
96486,Quero troca meu produto.,0.0,0,negativo
93237,ainda não recebi o outro produto,1.0,0,negativo
57321,"Entrega rápida, produto correto. A stark está de parabéns!",1.0,1,positivo
64469,A compra realizada foi de 6 caixas organizadoras marfim e 6 Caixas organizadoras malancia. Infelizmente só foram entregues 6 caixas organizadoras marfim!Quero os produtos ou o dinheiro de volta!!!,0.0,0,negativo
91292,Produto com defeito!,0.0,0,negativo
13162,Produto de ótima qualidade preço justo,1.0,1,positivo
65139,"Entrega bem antes do prazo, material bom, gostei muito e recomendo.",1.0,1,positivo
97798,"Até agora não recebir meu produto na minha residência.  Fico muito triste pois essa é minha primeira compra pelo baratheon e fiquei insatisfeita.",0.0,0,negativo
31781,"É bastante seguro pra mim é nota dez, muito obrigado.",1.0,1,positivo
24579,Gostei muito.,1.0,1,positivo
93703,"Entregou o produto de forma correta e antes do prazo, muito eficiente.",1.0,1,positivo
99021,Nota 10,1.0,1,positivo
50958,"Parceria péssima prazo para entrega com + de 2 meses, acabei cancelando o produto, felizmente me devolveram o produto.",0.0,0,negativo
3271,super agil na entraga,1.0,1,positivo
62701,Entrega antes do prazo!,1.0,1,positivo
36531,Ótima loja para compra online pois fazem a entrega bem rápida,1.0,1,positivo
54654,"Bom atendimento, recebi antes do previsto , chegou em perfeitas condições",1.0,1,positivo
1862,Produto entregue dentro do prazo previsto,1.0,1,positivo
12218,Preciso de uma posição pois não recebi o mesmo.,0.0,0,negativo
29,Não gostei ! Comprei gato por lebre,0.0,0,negativo
38831,Excelente,1.0,1,positivo
81691,O Produto Chegou Rápido...,1.0,1,positivo
13789,Não passou o prazo ainda.,0.0,0,negativo
11216,"Não tenho como dizer o quanto estou satisfeita com o produto entrega e atendimento.  Amei!!",1.0,1,positivo
33715,Super recomendo super atenciosos obrigada adorei,1.0,1,positivo
94825,Muito obrigado pela a excelência entrega sempre no prazo,1.0,1,positivo
27812,"Foi anunciado um produto e veio outro, totalmente inferior ao que eu comprei, enviei um e-mail para lannister e até agora não se resolveu nada !!!!!",0.0,0,negativo
60058,"o produto entregue é de péssima qualidade. ontem, quando recebi, imediatamente solicitei o cancelamento e devolução dos produtos, bem como o imediato estorno do cartão de crédito. aguardo retorno.",0.0,0,negativo
33331,Demorou muito mas a capinha é boa.,1.0,1,positivo
81905,Produto de ótima qualidade veio antes do prazo,1.0,1,positivo
50193,"Pronta entrega, antes do prazo",1.0,1,positivo
31822,"Muito demorado para fazer o estorno do dinheiro,para comunicar que o produto não está disponível, fiquei muito chateada, desorganizado.Gostaria que fizessem o meu estorno o quanto antes e que isso nã",0.0,0,negativo
28445,Sempre me sinto realizada com vcs.,1.0,1,positivo
25809,Qualidade excelente,1.0,1,positivo
4211,A única questão foi um comunicado que recebi dizendo que não receberia o produto e até mesmo um link para cancelar a compra.,1.0,0,negativo
72808,Compraria novamente pq cumprem com o prazo de entrega e os produtos vem super embalados,1.0,1,positivo
92743,"O produto um pouco fraco,mas muito bonito",1.0,0,negativo
22463,"Produto maravilhoso. Lojas lannister nota 10.",1.0,1,positivo
3285,"O produto chegou bem antes do prazo estimado. Em relação a qualidade, esperava ser um pouco melhor, mas é muito bonita....",1.0,1,positivo
8713,"Entrega no prazo, obrigado.",1.0,1,positivo
4339,Não me.enviaram as porca me dando muito trabalho para adotar outras no lugar,0.0,0,negativo
32056,"Produto chegou direitinho e antes, muuuito antes do prazo! Superou minhas expectativas!",1.0,1,positivo
6200,Produto muito bom...,1.0,1,positivo
95209,"O produto chegou bem lacrado e em perfeito estado, mas houve demora na entrega.. Passou do prazo previsto.",1.0,0,negativo
63926,Muito lindo meu pendente! Recomendo!,1.0,1,positivo
4795,Ótimo produto e entregue antes do prazo.,1.0,1,positivo
38231,Excelente...Tudo!!!!,1.0,1,positivo
3107,Muito o produto... Apenas veio um trincado na parte plástica aonde emenda ... Mas tudo bem,1.0,1,positivo
36753,"Ótimo produto, ótima loja.",1.0,1,positivo
59753,"Amei ... Chegou bem antes do braço, recomendo",1.0,1,positivo
44943,"A qualidade poderia ser bem melhor,e a cor não é tão bonita quanto na imagem",0.0,0,negativo
60870,Chegou muito rapido..lindos,1.0,1,positivo
28079,Chegou direitinho dentro do prazo estipulado.,1.0,1,positivo
81226,10,1.0,0,negativo
74281,Adorei entrega rápida e mercadoria certa.,1.0,1,positivo
8290,"Produto correto, entrega feito antes do prazo estou muito satisfeito",1.0,1,positivo
11025,"Pensei que os bodys fossem de algodão, mas, é um tecido sintético e a impressão que imaginei ser um silk de qualidade, é uma sublimação. Enfim, tecido ruim. Não deixa a pele respirar. Não recomendo.",0.0,0,negativo
98476,"Todos produtos chegaram muito antes do combinado, super índico.",1.0,1,positivo
87472,Excelente mercadoria. MT bem embalado.,1.0,1,positivo
13538,Atendimento rápido e no prazo!,1.0,1,positivo
76484,"Deu tudo certo, houve só uma demora dos correios",1.0,1,positivo
85957,Muito bom,1.0,1,positivo
79664,Amei,1.0,1,positivo
76921,Recebi antes do prazo. Recomendo. produto bom,1.0,1,positivo
63850,Tudo entregue certinho e antes do prazo... Recomendo!,1.0,1,positivo
80038,"Cadeira fácil de montar, confortável. A entrega é um pouco demorada, mas mesmo assim chegou antes do prazo.",1.0,1,positivo
40220,Perfeito,1.0,1,positivo
55509,Bom produto bem bonito e muito bem acabado......,1.0,1,positivo
89575,"Péssima qualidade do produto. O cobre leito esta parecendo um lençol com babado. Já comprei cobre leito no baratheon e parecia quase um edredom. Vcs deveriam escolher melhor os logistas participantes.",0.0,0,negativo
93738,Produto entregue antes do prazo e em ótimas condições.,1.0,1,positivo
93507,"entrega antes do prazo previsto, muito bom.",1.0,1,positivo
73991,"Muito bom. Super recomendo, e o produto chegou antes do prazo combinado que é melhor ainda!",1.0,1,positivo
60133,muiyo bom entregue antes do prazo,1.0,1,positivo
62901,Foi bem legal obrigado,1.0,1,positivo
99595,"Loja melhor só na Irineu, vc não sabe nem eu",1.0,0,negativo
36335,chegou tudo certinho,1.0,1,positivo
9213,Todos os produtos chegaram quebrados e um absurdo isso eles foram muito mau embalados e não tinha especificação na caixa falando q era produto frágil as 3 panelas de barro q comprei chegaram quebradas,0.0,0,negativo
78665,Foi cobrado frete e a mercadoria não chegou até minha casa. Tive que retirar nos correios .,0.0,0,negativo
82349,"excelente produto, liguei um ar condicionado portátil de 12.000 BTus. Tudo OK.",1.0,1,positivo
92567,"Recebi a mercadoria com prazo 14 dias de antecipação,muito bem embalada. Amei e fiquei muito feliz. Obrigada.!!",1.0,1,positivo
99464,gostei muito linda,1.0,1,positivo
33694,Chegou rápido. Produto de qualidade,1.0,1,positivo
1061,"Obrigada pela qualidade do produto, e pela entrega tbm que era previsto para 10/08 e chegou dia 22/07. Adorei. Parabéns.",1.0,1,positivo
50244,Excelente,1.0,1,positivo
81039,Produto ótimo recomendo,1.0,1,positivo
85263,"Bonito, porem bem pequeno",1.0,0,negativo
24927,Produto entregue antes do prazo. Recomendo com certeza,1.0,1,positivo
79513,"Comprei esse produto que se dizia ter em estoque efetuei a forma de pagamento tudo ok e dps eles n tinham mais o produto e ate agora nao me falaram nada a respeito, se vou ter reembolso ou outra forma",0.0,0,negativo
8195,Eu amei minha toalha muito boa,1.0,1,positivo
50405,"Não compre com esta empresa targaryen que faz a entrega. Eles enviam pelo correio e como o correio está uma merda, o produto não chega nunca.",0.0,0,negativo
5083,"Produto igual descrito na imagem, entrega realizada antes do prazo.. Muito bom, recomendo!",1.0,1,positivo
66564,"na verdade nem abri a caixa, mas está escrito sombrite!!",1.0,0,negativo
72538,Gentileza entrar em contato URGENTE (71) 98500-7952,0.0,0,negativo
46340,produto chegou noprazo certo em otimo estado,1.0,1,positivo
81494,Muito bom,1.0,1,positivo
20589,"Tênis muito confortável, resistente, bem acabado, recomendo a todos.",1.0,1,positivo
37743,"Eu, queria comprar duas camas , achei o frete um absurdo o frete mais caro que as camas. A antena até que deu pra comprar foi otimo",1.0,0,negativo
22398,Pontualidade e confiança,1.0,1,positivo
96676,Produto com boa qualidade e entregue antes do prazo.,1.0,1,positivo
17770,Uma excelente ferramenta.,1.0,1,positivo
58977,bao,1.0,0,negativo
16290,"Produto de acordo com a postagem . Entrega rápida e antes do prazo.",1.0,1,positivo
52565,"ENTREGA ANTES DO PRAZO, RÁPIDO E PERFEITA.",1.0,1,positivo
87401,SEM OPINAR,0.0,0,negativo
40075,"Entrega rápida em perfeitas condições, bem embalado. Recomendo.",1.0,1,positivo
82088,"Suporte diferenciado, pois permite depois que já apertou os parafuso, apenas encaixar a TV na parte do suporte da parede.",1.0,1,positivo
20737,Muito boa! Chegou mt rápido,1.0,1,positivo
65186,Excelente,1.0,1,positivo
55088,Produto. Veio enrolado em plastico bolha,0.0,0,negativo
4202,"Ótimo atendimento, gostei",1.0,1,positivo
41187,"Ainda não recebi meu produto, já faz 20 dias de comprei e até agora não chegou",0.0,0,negativo
70230,prod entregue sem problemas. recomendo.,1.0,1,positivo
73467,"Houve o atraso da entrega , mais o produto é perfeito!",1.0,0,negativo
24315,Boa,1.0,1,positivo
48692,Produto foi entregue no dia 03.03. e estarei testando a eficiencia do mesmo. Espero que realmente produza o efeito esperado.,1.0,1,positivo
44187,"Produto chegou antes do prazo previsto para entrega e em perfeito estado, com as características iguais as da imagem. Recomendo!",1.0,1,positivo
2973,Cadeira chegou em perfeito estado. Muito boa!,1.0,1,positivo
71485,MEU PEDIDO NÃO FOI ENTREGUE E NÃO FOI DADA NENHUMA SATISTAÇÃO,0.0,0,negativo
42717,Não entregaram então não tenho como avaliar o produto.,0.0,0,negativo
5009,"O parceiro não mostrou interesse em localizar o endereço que estava corretíssimo e fácil de ser encontrado. Devolveu o produto à loja, sem sequer telefonar para a interessada.Compra estressante.",0.0,0,negativo
18152,O produto chegou rápido e correto. Recomendo,1.0,1,positivo
56147,"Depois que paguei, a loja falou que não tinha o produto,isso foi ridículo,perdi tempo e dinheiro",0.0,0,negativo
28689,O produto é de boa qualidade e chegou no prazo. Só ficou um pouco grande pro meu notebook.,1.0,1,positivo
18912,"O carregador anunciado não confere com o entregue, na caixa do produto vem até escrito a amperagem qual eu necessitava ,porém no carregador consta metade da amperagem oferecida pelo vendedor",0.0,0,negativo
15837,Super indico,1.0,1,positivo
3589,Recomendo pontual,1.0,1,positivo
53341,Eu não recebi este produto e eu gostaria de cancelar o pedido.,0.0,0,negativo
96587,"paguei 80 rreais de frete, quero esse produro na minha porta",0.0,0,negativo
88738,Produto excelente chegou no prazo e perfeito,1.0,1,positivo
34912,"Só o cabo da Tv q veio com a entrada quebrada.  Mas o mais tudo blz",1.0,0,negativo
17007,BOM ATENDIMENTO,1.0,1,positivo
94551,Nunca recomendaria esse site alguém pois achei uma falta de respeito da falta de vcs não estregaram meu produto e nem se quer deram satisfação porcaria de site nunca mais vou comprar dia 11 ganho bebe,0.0,0,negativo
17779,"Ótima relação custo x benefício. Produto conforme o esperado. O manual de instruções poderia ser disponibilizado em pdf, pois é uma simples impressão. A entrega demorou muito.",1.0,0,negativo
47549,Meu produto era pra ter chegado dia 17/04.. E nao chegou. E nem si quer tive uma resposta da loja que fiz a compra..,0.0,0,negativo
6939,"Paguei pelo produto e não recebi mas no sistema está como produto entregue em São Paulo e moro em Faxinla dos Guedes -SC.  como assim ???? quero meu dinheiro devolta",0.0,0,negativo
9202,Muito bom o produto que comprei,1.0,1,positivo
46767,"veio no prazo,o que pedi e na cor certa,gostei do produto,muito bom.",1.0,1,positivo
63576,"Recebi o produto correto e dentro do pazo. Satisfeita com a compra, com a mercadoria e com a lojas lannister.",1.0,1,positivo
51006,"infelizmente não fui feliz ao realizar essa compra, pois ate hoje a minha encomenda se encontra parada nas agencias dos Correios",0.0,0,negativo
95296,"Entrega rápida e relogio muito bonito. Porém eu comprei com os números na cor azul e veio na verde, mas como também gostei, nao fiz a troca. O relógio nao fica muito grande no braço!",1.0,0,negativo
94259,"Venho somente um produto, são 4.",0.0,0,negativo
76799,demora no atendimento.,0.0,0,negativo
71005,"Produto disponível para compra, porém na hora da entrega não está mais",0.0,0,negativo
93009,Comprei dois produtos e recebi apenas um dentro da caixa!! Há anos compro na lannister e isso nunca tinha me acontecido. Não consigo falar sobre o problema no telefone informado.,0.0,0,negativo
40593,"Relógio bonito, design moderno e resistente. Apenas o ponteiro de temperatura não veio funcionando.",1.0,0,negativo
12505,"Fiquei feliz pelo produto, e gostei muito da velocidade.",1.0,1,positivo
97341,"Amei, ficou muito bonito no meu braço",1.0,1,positivo
57095,Ótimo produto,1.0,1,positivo
77996,Bom,1.0,1,positivo
62950,"O prazo de entrega e tudo veio em perfeitas ordens. O único problema é que o prazo demora mesmo. Demorou cerca de 14 dias para chegar. Tirando isso, nota dez a todos os envolvidos da venda.",1.0,1,positivo
35586,Não recomendo uns loja online que descumpre prazos e não fornece um atendimento ao consumidor satisfatório,0.0,0,negativo
72401,Peço um produto por um código e vem outro totalmente diferente.,0.0,0,negativo
1681,"Ótima entrega, rápida e objetiva",1.0,1,positivo
96560,Fiz o pedido em Novembro. Já foi descontado no cartão de crédito e não recebi. Não recebi um email justificando a demora. Falta de compromisso com os clientes. Odiei a experiência.,0.0,0,negativo
71113,"Não recebi o produto, na hora da compra não percebi que não era das lannister. Odeio entregas pelo correio, péssimo.",0.0,0,negativo
29860,Loja excelente.,1.0,1,positivo
96836,acima do esperado.,1.0,1,positivo
51769,O produto não é original trata-se de uma réplica.. estou me sentindo um trouxa pq confiei no nome da loja e me dei mal,0.0,0,negativo
11029,Excelente. Recomendo sem dúvidas.,1.0,1,positivo
49233,excelente atendimento recomendo a todos,1.0,1,positivo
35498,"Falta de respeito com o consumidor, um dia antes de fechar o prazo máximo de entrega os status mudaram para produto indisponível, falta de respeito é pouco, não recebi uma ligação ou contato da loja",0.0,0,negativo
90924,foi uma compra muito boa e a entrega me surpreendeu estou muito satisfeita com meu produto,1.0,1,positivo
33975,Não recebi o produto escolhido. Pedi na cor vermelha e me mandaram uma na cor preta. Para calar a minha boca me mandaram um brinde. Seria mais honesto avisar indisponibilidade dessa cor. Decepcao .,0.0,0,negativo
53120,Sempre compro na lannister pela pontualidade na entrega!,1.0,1,positivo
44977,Enviei e-mail ontem e estou aguardando p/ ver o procedimento p/ fazer devolução. Entrei em contato com o responsável da nota e o mesmo diz que mandaria uma resistência para fazermos a troca. Incorreto,0.0,0,negativo
38567,"Chegou mais cedo do que imaginei e de acordo com o escolhido. Mas poderia ser maior. Pena que eu escolhi errado, mas isso não me impediu de ajustá-lo para que pudesse utilizar e está sensacional!!",1.0,1,positivo
14316,Entrega no prazo produto igual da foto ótimo qualidade comprem não vão se arrepender parabéns baratheon pela parrceria comprarei outras vezes com serteza,1.0,1,positivo
62539,"Recebi antes do prazo , só tive que retirar na agência do correio mais foi rápido , recomendo obrigado.",1.0,1,positivo
46793,Muito Obrigado,1.0,1,positivo
17939,satisfeita e recomendo,1.0,1,positivo
93598,Otimo,1.0,1,positivo
62177,"eu ja estava esperando uma mochila pequena ms não minuscula, não cabe o livro vou ter que compra uma pasta. E bonita , meu filho amou!",1.0,1,positivo
79437,gostei muito de comprar e vou continuar comprando e ou falar para os meus amigos.,1.0,1,positivo
20390,Desde janeiro tento comprar essa caixa e ela sempre volta. Eu já comprei uma vez pelo site lannister e o produto chegou na minha casa e bem rápido. Pq agora não estão conseguindo encontrar?,0.0,0,negativo
68332,Produto bom corta bem os pelos,1.0,1,positivo
30680,"Recebi o produto muito antes do prazo, bem embalado e o rastreio foi perfeito! Excelente!!",1.0,1,positivo
97627,excelente,1.0,0,negativo
39211,não tenho opinião,1.0,0,negativo
65513,"Muito satisfeito!!! Entrega super rápido, excelente atendimento. Empresa comprometida com à satisfação do seu cliente!",1.0,1,positivo
41963,"Não recebi a mercadoria, mandei um e-mail para empresa pois estava com problema de entrega, mas não recebi nenhuma resposta.",0.0,0,negativo
24553,pedi três cactineas e chegou tres canela de velh,0.0,0,negativo
34660,"Produto chegou em 3 dias, muito rápido, a princípio está funcionamento bem, mas ainda não utilizei.",1.0,1,positivo
95700,Meu filho amou o relógio! E mais bonito que na foto. Chegou bem antes do previsto. Super recomendo.,1.0,1,positivo
52146,"Comprei 2 araras de roupas no dia 18/03 , no entanto no dia 04/04 recebi apenas 1 . Mas na nota estão me cobrando pelas duas.",0.0,0,negativo
55777,"Lindo, amei.",1.0,1,positivo
69084,"O entregador contratado não permitiu a conferenciado produto antes da assinatura do boleto. Ameaçou levar a entrega embora. Assim q assinei, saiu correndo. Não entregou a NF. Extremamente grossei",0.0,0,negativo
51282,Muito bom produto!,1.0,1,positivo
25375,Gostei muito! Logo vou adquir o de maiorr volume! Parabéns!,1.0,1,positivo
20319,Ainda não recebi. Já paguei! Absurdo! Falta de consideração pelo consumidor ... Procon,0.0,0,negativo
74279,Produto não chegou ainda,0.0,0,negativo
16976,So fiquei na dúvida em relação a outros itens...pw comprei 4 ...chegou 2...cd produto tem um número é isso???Ainda faltam 2...como fiz a compra junto pensei Q chegariam juntos...mas estou satisfeita👍,1.0,1,positivo
73302,o produto chegou com quase 15 dias de antecedência.,1.0,1,positivo
37245,"produto muito bom, conforme anúncio e qualidade muito boa",1.0,1,positivo
90169,Ainda aguardando entrega do pedido. Necessito solução urgente.,0.0,0,negativo
61494,"Ótimo Produto,chegou antes da data prevista",1.0,1,positivo
50001,Produto excelente e entrega super rápida.,1.0,1,positivo
17185,"Chegou muito antes do prazo limite, parabéns a equipe!",1.0,1,positivo
58058,Entregue na data recomendo!,1.0,1,positivo
75067,Já recebi o produto em perfeitas condições.Recomendo a loja.Obrigado MARILEIDE.,1.0,1,positivo
18408,"Lamento muito, mas eu tinha cancelado um pedido. Errei no computador e fiz o mesmo pedido duas vezes sem querer. Cancelei um, mas não adintou, madaram os dois, é lamentável",0.0,0,negativo
8186,como se esperava,1.0,1,positivo
37092,.,1.0,0,negativo
2663,Excelente,1.0,1,positivo
13916,Otimo,1.0,1,positivo
47959,"Produto conforme o anuncio,adorei o tamanho é muito bom,chegou antes do prazo",1.0,1,positivo
75820,Room 25 é extremamento divertido!,1.0,1,positivo
58011,"Absurdo! Venderam o produto, paguei e, sem nenhuma explicação cancelaram a compra!!! Fiquei extremamente frustrado. Não volto a comprar nessa loja!!!",0.0,0,negativo
11501,"Produto entregue conforme anunciado, tudo ok.",1.0,1,positivo
77555,"muito bom entrega antes do prazo, recomendo",1.0,1,positivo
91769,"Houve um pequeno problema de entrega, mas ACHO QUE O PROBLEMA FOI DO CORREIO QUE ESTÁ EM GREVE PARCIAL",1.0,1,positivo
90383,"Não me enviaram o produto, só me enviaram uma nota fiscal estou sendo roubado e ninguém resolve meu problema.",0.0,0,negativo
73442,Ótima loja. Entrega no prazo. Produtos corretos.,1.0,1,positivo
39360,"Recebi o recado que não viria o brinquedo ,quero meu dinheiro restituido",1.0,0,negativo
26113,"Demorou um pouco pra chegar, mas veio dentro do prazo",1.0,1,positivo
85922,Recebi dentro do prazo produto excelente,1.0,1,positivo
81117,"Produto bom, de acordo com a descrição",1.0,1,positivo
42544,Muito Bom. Chegou direitinho. Recomendo!,1.0,1,positivo
77287,Muito bom,1.0,1,positivo
1937,Sistema operacional de compra fácil de ser manuseado e compreendido. Entrega rápida e o metros comprado corresponde com o da propaganda. Compraria novamente .,1.0,1,positivo
50305,"Não posso dizer que gostei dessa loja ou que recomendaria ela pra um amigo, sendo que o meu pedido não chegou no prazo e nem uma explicação recebi. CONTINUO ESPERANDO O MEU PEDIDO . ESPERO RECEBER.",0.0,0,negativo
51494,"Produto super facil de compra pelo site, e entrega em 3 dias...muito bom!!!",1.0,1,positivo
96328,"O erro foi dos correios,que entregou o pacote no prédio em frente ao meu.Mas deu tudo certo.Muito obrigado.",1.0,1,positivo
51582,Recomendo,1.0,1,positivo
68049,"Comprei 3 bases para guarda sol e chegou apenas 1. A Nota Fiscal mostra 3, mas só veio 1 unidade",0.0,0,negativo
73102,A EMPRESA NÃO ENTREGOU MEU PRODUTO. ESPEROU PASSAR 20 DIAS PARA AVISAR QUE NÃO TINHA PEÇAS DISPONÍVEIS PARA VENDA. TENHO MAIS DE UMA SEMANA AGUARDANDO ESTORNAREM A COMPRA NO CARTÃO.,0.0,0,negativo
97528,"Foi feito o pedido do produto,mas houve problemas com a targaryen e o mesmo foi cancelado",1.0,0,negativo
20364,O produto me chegou divergindo em relação ao informado no site sobre o funcionamento do mesmo. Falta o botão redutor de velocidade,0.0,0,negativo
30308,Ótimo serviço,1.0,1,positivo
17721,"Já tinha um desses. Muito bom  Pode até colocar controle remoto que funciona perfeitamente.",1.0,1,positivo
42032,Sempre comprei pela lannister.Nunca tive problema. Recomendo.,1.0,1,positivo
60689,"Produto dentro do esperado, conforme anúncio",1.0,1,positivo
2536,"Gostei do Fone pois tem uma boa qualidade som, fiquei algumas horas (+ ou - 3h) com ele conectado celular e nada de pedir pra carregar. Ainda não testei o radio, mas acredito que esta ok.",1.0,1,positivo
4077,"A luminária é linda, tem um tamanho excelente e o acabamento é bem bom.",1.0,1,positivo
47573,preço e prazo da entrega satisfatórios.,1.0,1,positivo
42124,muito satisfeitaaaa,1.0,1,positivo
53072,Pensei que seria entregue antes do prazo mas nenhuma coisa nenhuma outra,0.0,0,negativo
93130,"Os pincéis são ótimos, flexíveis e tem boa absorção,o que facilita espalhar bem os produtos. As cerdas não soltam. Tamanhos perfeitos. A entrega foi feita antes mesmo do prazo dado. Recomendo!",1.0,1,positivo
20988,Produto veio de acordo com solicitado e dentro do prazo,1.0,1,positivo
89242,Ainda não recebeu nem a capa do tablet nem o hd externo.,0.0,0,negativo
3241,como posso avaliar o produto? só posso avaliar o tempo de entrega que por sinal está atrasado.,0.0,0,negativo
15445,Muito satisfeita,1.0,1,positivo
50471,"Produto conforme especificado, entrega dentro do prazo.",1.0,1,positivo
26324,"Compra muito segura e foi entregue antes do prazo de entrega! Parabéns a todos!",1.0,1,positivo
75896,"Sempre adquiro produtos das lannister e nunca, nunca, nunca tive problemas...",1.0,0,negativo
23260,Amei! Muito macio,1.0,1,positivo
58585,Recebi o produto bem embalado e dentro do prazo informado.,1.0,1,positivo
9019,"adorei o produto , Boa qualidade , a entrega foi feita antes do prazo. estou muito satisfeita e comprarei de novo com certeza.",1.0,1,positivo
86121,"Recomendo, entrega super rápida",1.0,1,positivo
99820,"Boa qualidade da mercadoria, pontualidade e preço justo.",1.0,1,positivo
38186,Excelente o processo de compra e entrega do produto. Recomendo.,1.0,1,positivo
17223,Fiz ótima compra,1.0,1,positivo
9560,Chegou muito rápido,1.0,1,positivo
95834,SUPER RÁPIDO NA ENTREGA.,1.0,1,positivo
948,Recebi antes do prazo estimado.,1.0,1,positivo
78483,"Foi entregue só uma cortina e eu comprei duas,tô aguardando a segunda e um feedback do vendedor se vai enviar....",0.0,0,negativo
95338,"O produto chegou dentro do prazo, bem embalado e sem avaria ou defeitos.",1.0,1,positivo
56912,EXTREMAMENTE SATISFEITA COM O SERVIÇO PRESTADO.,1.0,1,positivo
78925,"Não foi enviado o pedido completo, somente uma parte",0.0,0,negativo
72361,Maravilhoso e pratico em sua colocação.,1.0,1,positivo
12226,"entrega no prazo ,bom produto",1.0,1,positivo
69658,"Só não recebeu 05 estrelas porque não enviou a nota fiscal em PDF não emitimos nota então consigo ter acesso a DANFE. Gostaria que me enviasse, Grata.",1.0,1,positivo
65496,como eu esperaca,1.0,0,negativo
51826,O produto está com defeito e estou aguardando a loja entrar em contato comigo este tempo todo e até hoje nada...,0.0,0,negativo
92439,Comprei duas mochilas e recebi somente um produto é o valor vocês estão cobrando de dois produtos queto devolução do produto é meu ressarcimento,0.0,0,negativo
22905,"Touca chegou com furo e um risco que falta pouco pra rasgar também.  Nas instruções de uso do produto diz que não pode ser usado se estiver rasgado, sendo assim não poderei usar o produto comprado.",0.0,0,negativo
34594,"Entrega rápida, produto muito Bom!! Vale muito a pena; eu super recomendo.",1.0,1,positivo
85095,A cor é um pouco mais clara q a foto ... mas é lindo....,1.0,1,positivo
76588,"Entrega antes da data, muito bom",1.0,1,positivo
25838,Produto entrega no prazo ainda não utizei a mercadoria mas estou satisfeito,1.0,1,positivo
7899,Produto chegou antes da data prevista.,1.0,1,positivo
49737,estou satisfeita,1.0,1,positivo
53248,Ótimo produto!,1.0,1,positivo
16092,Desde o pedido até a entrega foi tudo tranquilo e correto.Material entregue perfeitamente.,1.0,1,positivo
32607,"Exatamente como no anúncio . Entrega rápida. Muito satisfeito",1.0,1,positivo
36016,Muito bom o produto.,1.0,1,positivo
76202,Como sempre prazo de entrega e qualidade do produto.,1.0,1,positivo
18374,"Comprei 2 cartuchos  Recebi apenas 1 cartucho",0.0,0,negativo
98264,Ótimo,1.0,1,positivo
29873,Ótima compra,0.0,1,positivo
95439,Muito bom,1.0,1,positivo
7296,"Produto ótimo, entrega rápida, muito bom!",1.0,1,positivo
11634,"produto de qualidade, entrega rápida, recomendo à todos.",1.0,1,positivo
51765,a loja é boa mas o produto deixa a desejar pois ele vive travando se abertos muitas portas usb,1.0,0,negativo
96863,além da demora a caixa veio violada e faltando itens,0.0,0,negativo
75965,"dentro do prazo, produto ok.",1.0,1,positivo
6158,"Gostei muito, obrigado...",1.0,1,positivo
6538,"Parabéns!! Tudo certo, entrega dentro do prazo!",1.0,1,positivo
52187,"Minha primeira compra online , tive uma boa experiência .",1.0,1,positivo
99134,"Na minha opinião o pessoal e muito eficiente, de maneira tal que recebi meu produto antes do prazo informado. Excelente",1.0,1,positivo
8171,Feliz com a aquisição.,1.0,1,positivo
64218,Produto cumpre o que promete,1.0,1,positivo
36436,Produto ótima qualidade super rápido a entrega,1.0,1,positivo
6043,"Comprei cartucho compatível com a impressora Deskjet 4580 , cartucho colorido 21 ml. Recebi com 17 ml e na embalagem não consta o número de minha Deskjet. . O que faço ?",1.0,0,negativo
34395,Tudo certo!,1.0,1,positivo
49550,"Material bom, ótimo produto. Recomendo.",1.0,1,positivo
89096,"Entrega super rápida, amei o produto.",1.0,1,positivo
56013,Nota 10 no atendimento.,1.0,0,negativo
52038,Entrega antes do prazo. Excelente.,1.0,1,positivo
4294,Não me entregaram o pedido tive que ir buscar no correio.,0.0,0,negativo
41087,"meu produto foi violado entao nao recebi o mesmo  peço que me envie outro",0.0,0,negativo
3364,Gostei muito,1.0,1,positivo
26168,Muito inferior este produto Não gostei,0.0,0,negativo
26761,Nossa muito bom recebi antes do prazo de entrega adorei bem bonitas as bolsas recomendo,1.0,1,positivo
64589,"Entrega lenta, frete caro e com prazo alto, já se passaram 5 dias do limite, somando 25 dias de espera e ate agora nada.",0.0,0,negativo
74930,"recomendo a loja; produto como solicitado, entregue no prazo.",1.0,1,positivo
26274,mercadoria boa,1.0,1,positivo
27728,"Gostei, pequeno, delicado e lindo!",1.0,1,positivo
26239,Lojas ótimas e de confiança. Recomendo sim. Compro a anos e é de confiança. Obrigada pelo atendimentos e a atenção.,1.0,1,positivo
71551,Satisfeito com o produto até o presente momento.,1.0,1,positivo
34828,"Muita falta de atenção, pedi as toalhas pretas e vieram brancas.",0.0,0,negativo
98289,Ótimo,1.0,1,positivo
82738,A entrega foi bem antes de o esperado! Mas o produto é menor do que medi e imaginei...,1.0,0,negativo
27443,"A capa vendida não é igual à apresentada na foto... Tudo diferente... Furação, textura, acabamento, forma/design... É lamentável como a turma aqui nesse país gosta de passar a perna...",0.0,0,negativo
94329,Produto não chegou.não posso avaliar,0.0,0,negativo
70347,bom,1.0,1,positivo
1877,Ou a película é errada ou o modelo não protege toda a frente,1.0,0,negativo
52181,Tudo de bom,1.0,1,positivo
35379,tudo ótimo! recebi o produto antes da data prevista. em perfeitas condições. nota 1000.🤗,1.0,1,positivo
39,Nada de chegar o meu pedido.,0.0,0,negativo
1395,Muito bom recomendo,1.0,1,positivo
97379,Ótimo produto!,1.0,1,positivo
67673,entrega dentro do contratado,1.0,1,positivo
30215,Não recebi o produto até o momento e não tive explicação da loja! Absurdo!,0.0,0,negativo
62876,O produto não foi entregado no prazo determinado.,0.0,0,negativo
46967,"Estou avaliando o fator entrega de mercadoria, ainda não instalei o produto para ter uma avaliação completa",1.0,0,negativo
37462,"O vendedor cumpriu o que prometeu, Além disso, o produto adquirido é bonito e tem.boa qualidade",1.0,1,positivo
52591,Recebi tudo certinho,1.0,1,positivo
79148,Recomendo!!,1.0,1,positivo
14011,Gostei! Linda!,1.0,1,positivo
75360,Tudo certinho ! Entregue no prazo ! Amei,1.0,1,positivo
7513,"De acordo com o solicitado , atendeu tds as minhas espectativas .",1.0,1,positivo
14691,Chegou antes do prazo previsto.,1.0,1,positivo
21965,"muito rapido ,dentro do esperado .",1.0,1,positivo
77537,"Bom produto, vendedor celere é profissional",1.0,1,positivo
43710,Produto de qualidade excelente!,1.0,1,positivo
43688,Não recebi o produto na data prometida,0.0,0,negativo
46598,ótima sempre volto a comprar,1.0,1,positivo
16885,Foi pago o frete para entrega em casa porém foi entregue no correio,1.0,0,negativo
45531,prazo muito longo de entrega,1.0,0,negativo
12438,Parabéns pela Qualidade! o produto chegou antes do que eu esperava. fiquei impressionado. eu agora quero sempre comprar na stark,1.0,1,positivo
20444,Os pincéis são lindos e de muita qualidade.,1.0,1,positivo
69645,Recebi antes do prazo e o produto é melhor do que eu esperava.,1.0,1,positivo
29846,"Como podem emitir uma nota com os dois produtos e só enviarem 1 pedi a troca explicando o.motivo ,mas até agora nada",0.0,0,negativo
84569,compra entrege no prazo e produto ok,1.0,1,positivo
89668,"Parabéns  Qualidade com muita perfeição, comprarei mais. Obrigada  Janieide",1.0,1,positivo
63819,"Produtos lindos super da hora, chegaram em menos de 5 dias da data da compra e a previsão eram quase 30 dias , qualidade super boa , super indico",1.0,1,positivo
36131,paguei e já venceu a data de entrega e ainda não recebi.,0.0,0,negativo
5495,"Mochila grande e boa qualidade, poucas divisões s compartimentos.  Bom custo beneficio",1.0,1,positivo
38694,Recebi o meu produto correto e no prazo adorei,1.0,1,positivo
63530,"gostei muito da compra, veio um caba do força que eu nem esperava, e tudo ok.",1.0,1,positivo
58436,"Òtimo site, chegou muito rápido, nunca tive problemas.",1.0,1,positivo
58659,"Chegou antes do esperado, me ligaram informando que não teriam a cor que pedi e se podia ser outra, disse que sim!",1.0,1,positivo
29387,muito bom,1.0,1,positivo
84723,"O timos Produtos esto muito contente com Tudos que já Compre ate agora! tudo de O Timas Qualidade , Recomendo muito! compro sempre são excelente vendedores , ótimo atendimento.",1.0,1,positivo
12580,"Perfeito, chegou antes do previsto. Eu índico, chega certinho. Obrigada lannister pela eficiência.",1.0,1,positivo
51859,A entrega foi muito antes do prazo o produto veio muito bem embalado e de ótima qualidade recomendo a todos.,1.0,1,positivo
50787,perfeito,1.0,1,positivo
78943,Produto muito bom,1.0,1,positivo
29007,"Super recomendo, ficou perfeito.",1.0,1,positivo
63755,Produto de acordo o anúncio. Muito bom,1.0,1,positivo
18430,Muito bom,1.0,1,positivo
27889,Não recebi o rpoduto,0.0,0,negativo
2227,"Almofada linda, cor linda e grandona. Fiz uma excelente compra.",1.0,0,negativo
76598,Até agora não tive problemas com entrega.Compro pelo site não é a primeira vez e sempre fui bem acompanhada.,1.0,1,positivo
42273,tudo ok,1.0,1,positivo
11954,Boa compra.,1.0,1,positivo
76376,prazo de entrega e produto excelente,1.0,1,positivo
63952,A caixa que veio o produto poderia ter sido mais resistente a caixa chegou praticamente acabada mas o produto não chegou a sofrer nenhum problema,1.0,1,positivo
26645,Muito bom o serviço prestado.,1.0,1,positivo
40886,"Errei na hora de inserir o endereço, informei o acontecido por antendimento email, e no final recebi o produto no prazo. Uma sugestão seria que funcionalidade de rastreio funcione tmb nos imprevistos.",1.0,1,positivo
30993,Valeu a compra.,1.0,1,positivo
19961,Recebi o produto com defeito e estou aguardando a resposta do fornecedor do que devo fazer....,0.0,0,negativo
40535,A entrega foi de troca do prazo e o produto estava bem embalado. Espero que funcione para o tratamento do alcoolismo.,1.0,1,positivo
43939,"Fiquei muito satisfeita com minha compra, o produto foi entregue antes do prazo.",1.0,1,positivo
42576,Produto entregue corretamente e antes do prazo marcado.,1.0,1,positivo
74767,"Bom dia, a entrega foi muito rápido e o produto de excelente qualidade.",1.0,1,positivo
60258,Ótimo produto e entrega super rápida... Amei.,1.0,1,positivo
24048,Muito bom,1.0,1,positivo
95897,Produto não foi entregue ainda pelos Correios no último rastreio ainda ta em Florianópolis SC por que foi enviado para o local errado a cidade certa e salvador já entrei em contato com vcs e me pedira,0.0,0,negativo
85258,Ótimo produto. Comprei na terça e chegou na sexta ! Recomendo!,1.0,1,positivo
57097,Bem construído e cumpre o prometido!,1.0,1,positivo
55632,Ótima qualidade e linda,1.0,1,positivo
32980,entrega feita antes do previsto. gostei!!!,1.0,1,positivo
44863,"O produto veio bem embalado, não sofreu nenhum dano no trajeto. Veio conforme eu havia escolhido.",1.0,1,positivo
95634,Fiz o pedido e não veio.,0.0,0,negativo
80701,Recebi o produto conforme anunciado e bem antes do prazo previsto.,1.0,1,positivo
66821,Comprei uma marca e veio outro bem inferior. Já pedi p devolver. Estou aguardando.,0.0,0,negativo
34968,Show de bola continuem assim,1.0,1,positivo
3126,"Gostei muito do produto, tamanho, qualidade,porem a cor interna da luminária não foi conforme descrito, não gostei da cor.",1.0,0,negativo
59130,chegou antes do prazo,1.0,1,positivo
48295,Recebi dentro do prazo estimado...Muito bom recomendo.,1.0,1,positivo
9765,"Comprei um Shampoo e um pente para barba, me mandaram apenas o Shampoo e até agora nada do pente... estou bem irritado e se nao me enviarem meu pedido corretamente eu vou entrar na justiça.",0.0,0,negativo
84494,Solicitei a devolução porém não recebi os procedimentos... Produto diferente da foto no site,1.0,0,negativo
71530,lannister ajudou muito pelo preocupação.,1.0,1,positivo
14399,Muito bom o atendimento a entrega foi rápida e o produto foi entregue.,1.0,1,positivo
35171,"O produto não foi entregue no endereço solcoitado. Recebi aviso para retirada na agência dos correios, em vez da minha residência, conforme prometido.",0.0,0,negativo
29463,Produto conforme o combinado,1.0,1,positivo
37545,"Recebi a mochila antes mesmo do prazo estabelecido. Produto excelente, segue exatamente o que está no anúncio.",1.0,1,positivo
47910,"Simplesmente recebi um produto na cor errada, no modelo errado do comprado, barulho de peças miúdas soltas dentro dele, além de ter a tensão errada, 220V. Portanto não veio o produto que foi comprado",0.0,0,negativo
72866,"recebi a placa, já substituí e funciona corretamente",1.0,1,positivo
39797,"Relógio lindo, entregue antes do prazo!",1.0,1,positivo
79447,"Ótimo produto, compensar muito. Comprarei mais pares de pantufas",1.0,1,positivo
61933,Satisfação garantida,1.0,1,positivo
88340,rewcomendo a loja,1.0,1,positivo
46689,Chegou quebrada.,0.0,0,negativo
86255,"NÃO RECEBI MEU PRODUTO, E A LOJA NÃO SABE NEM ONDE SE ENCONTRA O PRODUTO. PÉSSIMO ATENDIMENTO TAMBÉM NO SAC DA lannister.",0.0,0,negativo
55027,Sempre dentro do prazo! Recomendo!,1.0,1,positivo
9014,"Muito bom, estou satisfeita..rapidez na entrega, produto excelente. Chegou antes do previsto.",1.0,1,positivo
77099,Tudo certo!,1.0,1,positivo
88518,chegou antes do previsto adorei,1.0,1,positivo
74344,"esta faltando o outro cor dourado, quando chegara?",1.0,0,negativo
76401,produto bom,1.0,1,positivo
38813,"O produto não é de boa qualidade. Estou arrependida em ter adquirido toalhas tão ruins. Estou acostumada com buddemeyer. Nao recomendo as toalhas citadas.",0.0,0,negativo
85205,Fiz uma ótima compra,1.0,1,positivo
13839,"Tudo ok , como sempre na lannister. Parceiros excelentes honram o nome da empresa. Obrigado",1.0,1,positivo
16801,Entregue ok! Produto superando expectativas!,1.0,1,positivo
1249,Parabéns,1.0,1,positivo
22479,Foi entregue no período mencionado. Veio embalado e seguro. E veio o produto certo.,1.0,1,positivo
99100,"Segue eu fiz o cancelamento de compra desse produto, solicito que não sera mais necessário, pois foi eu que não soube mexer com o relógio, esta funcionando perfeitamente tudo certo obrigado.",1.0,0,negativo
47200,"Bom produto, recomendo o vendedor. Mais nada pra comentar do produto e do vendedor também.",0.0,1,positivo
10636,Está dentro do que eu esperava.,1.0,1,positivo
31780,"Recebi o pedido faltando 1 intem Colar Lol Kindred Os Caçadores Eternos League Of Legends Azu, gostaria que o problema fosse resolvido.",0.0,0,negativo
11861,"Amei era do jeito que esperava,chegou antes do prazo",1.0,1,positivo
98102,Perfeito,1.0,1,positivo
60186,Só que nao cabe sacola de supermercado conforme falado na descrição. Em geral um excelente produto.,1.0,0,negativo
66750,Tudo ok.,1.0,1,positivo
82680,"Os produtos vieram certinhos, pague bem barato e fiquei com medo de ser ruim, mas é da HP mesmo. A entrega estava marcada para até dia 14/02, porém chegou dia 26/02, 2dias após a compra.",1.0,0,negativo
74098,"Muito bom vendedor chegou o produto certinho, lacrado , e no prazo , gostei muito e com certeza ja virei cliente , obrigada.",1.0,1,positivo
25533,Bom produto,1.0,1,positivo
51946,"Só queria trocar a máscara,pois eu comprei errado.",1.0,0,negativo
19972,"adorei a minha pasta multi-uso,chegou rapido",1.0,1,positivo
82358,"Não recebi o produto, enviei vários e-mails questionando e não fui respondido. Tenho tudo documentado e vou entrar com um processo contra o stark no PROCON e na Justiça Comum.",0.0,0,negativo
49533,"1 mês que comprei o produto e até agora não recebi, ninguém dá uma posição do do que você pode fazer. Quando receber eu classifico novamente.",0.0,0,negativo
93625,Recebi anotes da data marcada em ótimo estado. Muito obrigada,1.0,1,positivo
28946,adorei a boneca a minha filha mais ainda,1.0,1,positivo
31750,Produto entregue no prazo,1.0,1,positivo
37016,"Deveriam abrir mais opções para rastreamento, pois só é informado o prazo de entrega e não tem como saber se a compra será entrega antes do previsto.",1.0,0,negativo
31212,"Tapete é fino, mas bonito",1.0,1,positivo
64518,Gostaria de saber quando vai chegar meu produto?,0.0,0,negativo
50200,Nada de produto!!,0.0,0,negativo
67434,"Amei o produto, material bom. Ótimo vendedor, atencioso e esclarecido. Recomendo com certeza!",1.0,1,positivo
2899,"Sempre me atendendo com maior responsabilidade esse site, adorooo.",1.0,1,positivo
48105,Comprei 4 fatiadores e recebi somente 2. E agora ??? Como devo proceder???,0.0,0,negativo
60417,nao compre,0.0,0,negativo
10777,Sempre é bom comprar nas lannister,1.0,0,negativo
11112,Recomendo,1.0,1,positivo
5555,Recomendo produto muito bom,1.0,1,positivo
58578,"Deveriam reduzir o prazo de entrega, muito longo.",1.0,0,negativo
5519,Recomendo.,1.0,1,positivo
75114,Muito bom!,1.0,1,positivo
86254,bom de mais,1.0,1,positivo
9489,Recebido antes do prazo previsto pela loja e chegou em perfeitas condições,1.0,1,positivo
90249,O PRODUTO É BONITO.,1.0,1,positivo
40321,"Chegou antes do prazo, produto de boa qualidade e exatamente como descrito",1.0,1,positivo
3205,"Tudo certo, chegou no tempo certo e veio tudo ok",1.0,1,positivo
57921,Produto sem previsao de entrega.,0.0,0,negativo
33309,"De todas minhas compras que fiz tive sucesso, nunca tive problemas algum, recomendo.",1.0,1,positivo
42608,"O produto que adquiri e de excelente qualidade, veio muito bem embalado, entrega foi bem antes do prazo. Gostei muito.",1.0,1,positivo
79056,ótimo!,1.0,1,positivo
19569,"A marca cassio sempre foi excelente, estou aguardando a chegada do produto para fazer a reavaliação do Revendedor.",1.0,1,positivo
90484,Produto com atraso. Não por causa de greve de caminhoneiros pois comprei um outro produto igual em outra loja e já recebi.,0.0,0,negativo
5969,Foi me enviado apenas um dos itens. A colcha Fantasy roxa não foi enviada.,0.0,0,negativo
52186,Cumpriu o prometido.,1.0,1,positivo
52315,"Produto de ótima qualidade, ótimo acabamento e é lindíssimo, recebi antes do prazo é irei comprar a segunda peça! Está aprovado!",1.0,1,positivo
17333,"Mandou produto errado, comprei com ilhoes prata e veio branco, com costura se desfazendo. Agora vou ter que trocar os ilhoes pra ficar igual as outras. Não recomendado é não compro nada dela",0.0,0,negativo
77535,"O produto ainda não foi entregue, por responsabilidade dos correios. Porém a loja poderia tê-lo enviado antes de modo a se antecipar a eventuais imprevistos. Continuo a esperar.",0.0,0,negativo
17661,Ainda não utilizei o produto mas comprei corretamente o mesmo.,1.0,0,negativo
49736,"Entrega e produto conformes. No entanto, a tesoura é muito pesada e estou solicitando devolução para compra de uma menor e mais leve.",1.0,0,negativo
81297,O produto entregue pela targaryen foi entregue antes do programado. Ainda não recebi o outro produto. Vamos aguardar para concluir a avaliação,1.0,0,negativo
24847,"esta faltando o outro cor dourado, quando chegara?",1.0,0,negativo
31028,Sempre compro tudo que preciso nas lannister.com pela qualidade dos produtos e pela rapidez das entregas estão de parabéns.,1.0,1,positivo
12576,Recomendo pela pontualidade em todas as compras que já fiz.,1.0,1,positivo
17506,Produto adaquirido chegou muito antes do prazo.,1.0,1,positivo
71860,"Entrega muita rápida, recomendo a todos.",1.0,1,positivo
44243,Muito bom,1.0,1,positivo
14951,"nunca me decepciono com o stark. produto entregue no prazo, correto sem dor de cabeca.",1.0,1,positivo
68822,"Fiz a compra de uma cabo para HD externo de 80 cm, mas me enviaram um com 50cm e ainda por cima consta na nota que o babo é de 80cm!",0.0,0,negativo
41324,"O único problema que eu tive é que veio uma lente meio frouxa,nada demais.",1.0,1,positivo
19723,Falta de respeito com o cliente,0.0,0,negativo
15120,Chegou antes da data prevista....está d parabéns...minha filha amou o presente :),1.0,1,positivo
36834,Poderia ter chegado mais rápido.,1.0,0,negativo
91779,Produto excelente... principalmente pra quem é alérgico a pouco e ácaro fácil de higienizar...excelente qualidade.,1.0,1,positivo
6914,O produto chegou com a caixa amassada,0.0,0,negativo
59708,Anúncio e venda de produtos indisponíveis,0.0,0,negativo
17861,Adorei!,1.0,1,positivo
48320,"Comprei um caminhão brutus vermelho de presente para meu filho e recebi uma escova de dentes. Quero que esta situação se resolva o mais rápido possível, pois o aniversário do meu menino já foi e a fru",0.0,0,negativo
99999,"meu produto chegou e ja tenho que devolver, pois está com defeito , não segurar carga",0.0,0,negativo
24034,"produto não correspondeu as expectativas. não funciona ...",0.0,0,negativo
21801,"Recebi no prazo. Infelizmente a americana não me permiti comprar mais, pois não aprovou meu cartão de compras da loja, sendo que sempre compro no site.",1.0,0,negativo
1593,Não recebi o produto que comprei e paguei.,0.0,0,negativo
99461,"Adorei a cadeira, bonita, confortável e fácil de montar. Eu mesma montei. Obrigada!",1.0,1,positivo
8967,"Recebi antes do prazo. Muito bom.",1.0,1,positivo
88627,Não foi entregue o produto!!,0.0,0,negativo
62899,Custo benefício ótimo. O tamanho e a qualidade são execelentes,1.0,1,positivo
20545,muito bonito.,1.0,1,positivo
3847,"Comprei 02 computadores, e um deles veio com defeito. Mesmo abrindo 02 reclamações, nem a baratheon e nem a targaryen sequer responderam as minhas reclamações",0.0,0,negativo
88812,"Produto chegou antes do prazo, de boa qualidade, e essa é uma loja que eu recomendaria aos amigos. E tenho certeza que muitas outras compras virão, não só pelo bom atendimento, como pela facilidade.OK",1.0,1,positivo
36513,Não recebi mercadoria,0.0,0,negativo
57130,"Produto entregue antes do prazo, atendeu minhas expectativas, recomendo.",1.0,1,positivo
83908,Produto atendeu as expectativas. recomendo,1.0,1,positivo
64005,kd o produto companheiro,0.0,0,negativo
50505,"A única coisa errada foi dizer que o Manual viria em Português, e ele veio em Inglês e estou com dificuldade de manusear o aparelho devido a isso. Peço que me envie um MANUAL EM PORTUGUÊS.",1.0,0,negativo
25065,"atrasou a entrega 1 dia, porem acho que os correios não ajudam, e poderiam contratar uma empresa privada.",1.0,0,negativo
8275,Ótimo produto,1.0,1,positivo
27044,Fiz pedido de 6 produtos e só recebi 2.,0.0,0,negativo
77017,"Produto excelente, entrega rápida",1.0,1,positivo
58560,"Embora a estampa seja a mesma do anunciado, o tecido do produto nao é percal 180 fios, é puro poliéster, que eu jamais compraria. Propaganda enganosa! Desrespeito ao cliente! Surpreso com o stark",0.0,0,negativo
88177,O produto chegou antes do prazo previsto.,1.0,1,positivo
90504,"muito bom, veio certinho",1.0,1,positivo
76223,Mto bom e entregue antes do prazo,1.0,1,positivo
86944,Produto excelente,1.0,1,positivo
22416,Frete muito caro!!!!,1.0,0,negativo
89817,"Comprei oito fronhas, mas chegaram apenas quatro.",0.0,0,negativo
6901,"Não usei o machado ainda, mas parece em ordem e a entrega foi rápida.",1.0,1,positivo
63360,Super recomendo....,1.0,1,positivo
74378,eu sempre comprei na lannister e sempre recebi na data certa mais esse ano estou vendo que minha filha vai ficar sem o presente do papai noel vou espera ate quinta dia 21 se nao vou cancelar .,0.0,0,negativo
74750,"Produto chegou bem embalado, chegou no prazo e por isso recomendo",1.0,1,positivo
41072,O produto chegou antes do prazo. Recomendo o Vendedor. Obrigado.,1.0,1,positivo
6472,Ótima qualidade,1.0,1,positivo
74348,Sem o produto nao recebido,0.0,0,negativo
3594,"Estou satisfeito com o produto e o prazo de entrega foi cumprido , eu recomendo.",1.0,1,positivo
15132,Fiz um pedido com 2kits para dois celulares. Paguei pelos dois e só recebi um.,0.0,0,negativo
19277,O produto ainda não chegou na minha casa.,0.0,0,negativo
13652,"Excelente  chegou super rápido e o produto é ótimo",1.0,1,positivo
28742,"Produto lindo, todas as peças perfeitamente colocadas e novinhas, produto cumpre o anúncio descrito e a entrega foi rápida! 👍🏻",1.0,1,positivo
16729,Boa,1.0,1,positivo
20489,"Muito linda tecido excelente recomendado. A única coisa que não gostei foi do valor dos fretes. Podia ser frete único e mais em conta.",1.0,0,negativo
22857,Estou aguardando o envio,0.0,0,negativo
39641,tudo correto. sem reclamações.,1.0,1,positivo
55520,"Produto foi entregue dentro do prazo, superando minhas expectativas. Veio bem embalado e sem avarias, apesar da caixa amassada.",1.0,1,positivo
75632,Chegou bem rápido,1.0,1,positivo
82346,Entrega 100% no prazo....mas veio com pequeno defeito e não estou conseguindo vazer a troca ....preciso de ajuda,1.0,0,negativo
15145,Não enviaram produto conforme o anuncio.A targaryen anuncia um kit e so te enviam um produto,0.0,0,negativo
50533,Entregue bem antes do prazo. Produto aprovado!,1.0,1,positivo
69417,"Muito bom o trabalho de vocês, tudo rápido ágil e com dedicação aos clientes, amei obrigado",1.0,1,positivo
25142,"perfeito entregue dentro do prazo, toalhas bonita mais fina so espero q seque ,,,,",1.0,1,positivo
58736,otimo produto chegou dentro do prazo. adorei!!!!,1.0,1,positivo
84239,Produto excelente minha amiga amou,1.0,1,positivo
23452,Faltaram 2 parafusos do encosto da cadeira,1.0,0,negativo
4887,"Parabéns a encomenda chegou antes do previsto , obrigado pela atenção,,",1.0,1,positivo
22030,recebi antes do prazo. produto excelente,1.0,1,positivo
46341,Cadê meu pedido????,0.0,0,negativo
7893,"Produto entregue antes do prazo, bem embalado com muito cuidado, recomendo muito.",1.0,1,positivo
49981,Muito bom,1.0,1,positivo
16253,Gostei muito. Cumpriu com as caracteristicas do produto e entrega muito antes do prazo proposto.,1.0,1,positivo
22555,Recebido as películas mas não a capa,0.0,0,negativo
6421,Recebi o produto em ótimas condições.,1.0,1,positivo
15966,"Recomendo. a entrega foi feita antes do prazo, o produto e de otima qualidade",1.0,1,positivo
39914,"Não entendi, o pedido foi de três unidades, e veio apenas uma. Gostaria de uma explicação, ou o dinheiro de volta. Ainda recomento a loja porque foi a primeira vez que isso aconteceu. Obrigado.",0.0,0,negativo
53821,Não funciona,0.0,0,negativo
62978,Ruim,0.0,0,negativo
26478,"aprovação do crédito rápida, entrega bem antes da data limite, produto muito bom, nota 10.",1.0,1,positivo
72214,entrega feita antes do prazo estabelecido,1.0,1,positivo
7461,RECUSEI A ENTREGA DO PRODUTO PORQUE CHEGOU TODO QUEBRADO ESTOU NO AGUARDO DO RESSARCIMENTO DO VALOR.,0.0,0,negativo
62679,otimo,1.0,1,positivo
96020,"Muito bom, rápido e eficiente.",1.0,1,positivo
34984,Produto entregue antes da data prevista.,1.0,1,positivo
56538,"Produto Bom, e foi entregue antes do Esperado.",1.0,1,positivo
46955,"Gostei muito, pois entregaram antes do prazo.E o produto de ótima qualidade.",1.0,1,positivo
26383,"Recebido, tudo certinho!",1.0,1,positivo
42160,Super recomendo,1.0,1,positivo
32060,confiável,1.0,1,positivo
9094,Bons panos de pratos !,1.0,1,positivo
91891,100%,1.0,1,positivo
62190,bom atendimento,1.0,1,positivo
42832,Achei apenas que o tecido fosse mais confortavel pela foto... Achei ele nao tao elastico.,1.0,1,positivo
52944,Sempre compro pois é muito confiável produtos no prazo,1.0,1,positivo
18823,"A configuração estava 3.4 ghz e me entregaram 3.1 driver antigos 2015, processador segunda geração antigo e ultrapassado, lento e não suporta o windows 10.",0.0,0,negativo
27649,Mercadoria bem embalada e chegou antes do prazo.,1.0,1,positivo
52959,"não recebi a encomenda descrita, encomendei a esquerda e veio a direita, sendo que estava descrito no titulo Esquerda",0.0,0,negativo
16483,"Pedi voltagem 110v  enviaram 220v não recomendo",0.0,0,negativo
24858,"Recebemos o produto antes do prazer estimado para entrega, dentro das especificações.",1.0,1,positivo
97034,Obrigada produto chegou de acordo,1.0,1,positivo
22151,.,1.0,0,negativo
34410,produto otimo p decoraçao,1.0,1,positivo
43100,Compra tranpquila e envio rapdio,1.0,1,positivo
74291,Tudo certo,1.0,1,positivo
61941,"Estou muito chateado com a minha última compra no site,hoje já é dia 26 e ainda não recebi meu produto.",0.0,0,negativo
21954,"Havia pedido duas unidades , e chegaram em dias diferentes .  Achei q nao viria a outra , mas hoje chegou . Td certo  Obrigada",1.0,1,positivo
76752,O produto não é muito bom.,0.0,0,negativo
28994,"Adorei o produto, chegou bem antes do prazo, recomendo.",1.0,1,positivo
81254,"Produto chegou corretamente e sem complicações. Design elegante e discreto. Obs.: Possui um leve relevo no vidro, uma espécie de pirâmide octogonal. Muito bonito.",1.0,1,positivo
8194,Obrigada pelo excelente atendimento e seriedade,1.0,1,positivo
78570,Não posso esperar além do prazo informado na entrega. Por isso estou solicitando o cancelamento.,0.0,0,negativo
40111,"bom produto, entrega antes do previsto, embalagem ok.",1.0,1,positivo
81939,"Recomendaria pela entrega feita, prazo... mas a anterior a essa que comprei a Fidget Spinner Morcego Do Batman preto, veio com as roldaninhas enferrujadas e logo que abrimos a caixinha, soltou a peça",1.0,0,negativo
69514,O produto mesmo depois de quase dois meses do pedido nao chegou.,0.0,0,negativo
15958,Chegou rápido e bem embalado.,1.0,1,positivo
84858,tudo certinho,1.0,1,positivo
27798,muito boa a empresa que entrega,1.0,1,positivo
44909,Tudo de bom,1.0,1,positivo
6670,Eu recomendo muito bom,1.0,1,positivo
12619,Qualidade inferior ao mostrado nas imagens!,0.0,0,negativo
36645,Encomendei o kit bolsa maternidade para meu filho (a). E o produto foi entregue antes do prazo. Além do que veio o produto que eu pedi e lindo e bem embalado. Amei comprar pelo baratheon.,1.0,1,positivo
86569,"Ainda não recebi o produto, mas acredito que a demora seja por conta da greve dos caminhoneiros. Então, não posso opinar sobre a qualidade dos serviços.",0.0,0,negativo
28721,"entrega no prazo, e tudo certinho gostei",1.0,1,positivo
24842,produto de boa qualidade,1.0,1,positivo
94971,"Excelente, muito bonito. Apenas atrasou a entrega",1.0,0,negativo
63939,"recebi, mas não gostei do produto, achei de muito pouca qualidade. quero devolver.",0.0,0,negativo
42564,"Só o produto tem uma voz irritante ao mudar entre os modos, o rádio FM não funciona no Brasil, os cabos de energia e conector são curtos e não existe botão de liga/desliga.",1.0,0,negativo
21094,Comprei duas unidades do produto só recebi uma. Aguardo o envio ou informações sobre a segunda..,0.0,0,negativo
69146,Amei a atenção dada pelo fornecedor!!,1.0,1,positivo
5561,muito bom e ainda mandaram um brinde lindinho junto!! RECOMENDO.,1.0,1,positivo
11876,A caneta espiã não funciona queria que vocês manda se outra para mim pôquer que vocês mandou não funciona não carrega não posso ficar com ela sim,0.0,0,negativo
53589,Gostei da eficiência da entrega.,1.0,1,positivo
13776,"O produto atende as maiorias das configurações originais, sendo que a função memória não funciona como deveria.",1.0,0,negativo
14828,Mto boa,1.0,1,positivo
39741,"O produto chegou certinho e dentro do prazo, tudo como esperado",1.0,1,positivo
79638,"Produto 100 % falsificado , nojento e vergonhoso",0.0,0,negativo
91498,Produto conforme anunciado e entrega rápida. Recomendo!,1.0,1,positivo
84333,Melhor preço. Melhor prazo.,1.0,1,positivo
60782,"Entregue no prazo, tudo certo",1.0,1,positivo
90351,boa,1.0,1,positivo
16935,Bom produto,1.0,1,positivo
33110,Até o momento o produto não chegou na minha residência e a loja não entra em contato,0.0,0,negativo
36836,Apesar do atraso...Recomendo,1.0,0,negativo
92121,"O cartucho veio com problema, foi testado e jogado fora. Não recomendo compra de cartucho hp.",0.0,0,negativo
22553,"O produto é bom, quebra bem o galho, mas o frete saiu caro",1.0,0,negativo
80684,Preço bom porém entrega um pouco demorada apesar de dentro do prazo.,1.0,0,negativo
34343,Bom,1.0,1,positivo
63096,Por ser um produto bem mais caro que as outras películas não podia ter detalhes como o aproveitamento da película na tela que não é total. Claro que a tela é curva na lateral. Mas sobrou espaço.,1.0,0,negativo
68264,"PRODUTO LINDO, DE ÓTIMA QUALIDADE.",1.0,1,positivo
14435,Adorei a mercadoria com certeza vou comprar mais.,1.0,1,positivo
53174,Bom dia. Ainda não recebi o produto.,0.0,0,negativo
31246,Vlw entregue na data e correto horas.. vlw,1.0,0,negativo
17775,Muito bom o Produto e chegou antes do prazo previsto.. vendedor muito atencioso com o cliente,1.0,1,positivo
8126,"Á Logística targaryen é ótima, á dificuldade em Itatiba é o serviço PÉSSIMO DOS CORREIOS.",1.0,0,negativo
75376,"Gostei do produto , recomendo, chegou antes do prazo e de boa qualidade.",1.0,1,positivo
4087,"BOM PRODUTO, ENTREGA RÁPIDA!",1.0,1,positivo
63195,A única reclamação que tenho é que geralmente enviam um e-mail avisando que o produto está a caminho do endereço e desta vez chegou tão rápido que não tinha ninguém pra receber.Mas busquei no correio.,1.0,0,negativo
89349,"O Pedido e pagamento foram efetuados dia 06/10/2016,com entrega em 26 dias,dia 09/11/2016(33 dias após a compra)recebo um Email cancelando por falta no estoque,Um absurdo vender e não ter para entrega",0.0,0,negativo
86615,"Adorei fazer a compra, veio no prazo direitinho, só acho que a peça do liquidificador tinha que vir com a borracha de vedação.",1.0,1,positivo
22575,O produtor chegou antes da data,1.0,1,positivo
77186,"Entrega rápida, produto bom.",1.0,1,positivo
12181,"Foi enviado produto Diferente daquele do anúncio. Solicitei devolver o produto e receber o valor pago, porém ainda não tive resposta. Espero resolver este desagradável problema de forma consensual.",0.0,0,negativo
71172,Produto entregue antes dá data prometida!,1.0,1,positivo
35039,Muito rápida entrega,1.0,1,positivo
23651,O produto foi entregue beeeem rápido e o mesmo é ótimo possui exatamente a cor que procurava a máscara é puxada para o vinho com traços de roxo ?,1.0,1,positivo
71913,Não recebi o produto e também não está disponível nos correios da minha cidade.,0.0,0,negativo
11550,"Entregarão antes do prazo, ameiiiii",1.0,0,negativo
22087,gosto de comprar por este sait produtos sempre entregue ate antes do prazo de entrega,1.0,1,positivo
29465,"Atendimento horrível, fiquei esperando o produto por mais de um mês, não recomendo pra ninguém",0.0,0,negativo
88607,Tudo certo,1.0,1,positivo
83030,Ótimo produto. O produto chegou intacto. Recomendo esta loja.,1.0,1,positivo
15845,"A cor veio diferente. Eu pedi AMARELO e veio VERMELHO!! Solicito que façam a troca o mais RÁPIDO possivel!!",0.0,0,negativo
22670,Produto de excelente qualidade.,1.0,1,positivo
69565,Produto fora da específicação.,0.0,0,negativo
29755,Entrega no prazo excelente recomendo,1.0,1,positivo
72082,Eu recomendo o produto ameiii,1.0,0,negativo
91092,sem comentario,1.0,0,negativo
73897,Otimo,1.0,1,positivo
73775,"Meu filho adorou a mochila, peço mais uma vez desculpas pelo transtorno na entrega pois estava viajando",1.0,1,positivo
81041,Tudo dentro do combinado e do prazo.,1.0,1,positivo
92116,"Palhaçada mais de um mês é ainda não chegou, deram um prazo mas já passou faz tempo e nada. É o pior é que já paguei indignada.",0.0,0,negativo
35314,Preciso que devolvam meu dinheiro. Pedi um produto é veio outro,0.0,0,negativo
24479,Ótima compra.,1.0,1,positivo
34642,"Após 20 dias aguardando a entrega, a compra foi cancelada. A loja oferece produtos por um preco baixo, mas não entrega e faz o cliente esperar prazos absurdos . Não recomendo esta loja.",0.0,0,negativo
3746,"Satisfeito com o produto , perfeitamente o que eu procurava. Quanto a entrega como sempre rápida.",1.0,1,positivo
35415,"Produto de excelente qualidade,entrega bem antes do prazo. Cabe muita coisa na bolsa,promete o que cumpre, além de ser linda.",1.0,1,positivo
73121,"Não gostei da primeira compra que fiz , pois veio faltando 8 metros de cabo , pois comprei 100 MTS e só veio 92 MTS , e reclamei e ainda não resolveram meu problema e me sinto lesado pela a lannister",0.0,0,negativo
20546,Muito bom,1.0,1,positivo
36460,Comprei o produto e está com 5 dias de atraso na entrega e ninguém entra em contato para explicar. Eu não consigo contato com a loja.,0.0,0,negativo
46711,entrega rápida,1.0,1,positivo
76266,"Modelo excelente, ergonômico de verdade. A entrega foi bem antes do prazo.  Muito satisfeita",1.0,1,positivo
44975,Eu acho um bom local para comprar minha compra chegou certinha,1.0,1,positivo
14839,A entrega foi muito rápida.,1.0,1,positivo
87156,So achei complicado porque veio desmontado e isso nao dizia no anuncio. E deu muito trabalho montar!!,1.0,0,negativo
59469,Fui muito bem atendido. O produto chegou antes do prazo estipulado. Agradeço a atenção.,1.0,1,positivo
46930,Muito lindo mais do que eu esperava.Amei,1.0,1,positivo
75442,Atendeu minhas espectativas! Produto muito bom. Ficou ótimo na minha cama. Compraria novamente.,1.0,1,positivo
45546,Muito boa.,1.0,1,positivo
18422,"Produto não entregue no prazo determinado.  Aguardando produto.",0.0,0,negativo
26461,"PRODUTO ENTREGUE CERTINHO, ANTES DO PRAZO,... ADOREI !!!",1.0,1,positivo
96451,Produto Excelente! E ainda mandaram brinde dentro da caixa.. Amamos.,1.0,1,positivo
46741,Entrega rapida e tudo certinho,1.0,1,positivo
99735,Bom,1.0,1,positivo
35305,Tudo entregue a data prevista!,1.0,1,positivo
11598,"O relógio é lindo e a entrega foi muito rápida, ele foi postado dia 24 e chegou dia 30, sendo que era frete comum e para o nordeste. Comprarei mais vezes!",1.0,1,positivo
30175,"Só faltou o home-theater.  Prazo vencido. É para uma escola, tinha urgência.",0.0,0,negativo
73007,Não recebi esse produto.. e sem previsão de chegar..,0.0,0,negativo
45045,Produto entregue dentro do prazo.,1.0,1,positivo
10525,Cortina igual a pra foto. Bonita e entrega bem rápida. Recomendo o produto e a loja.,1.0,1,positivo
66030,não recebi meu produto.ainda,0.0,0,negativo
5624,"embalagem apropriada, entregue dentro do prazo",1.0,1,positivo
59909,Muito bom mesmo chegou com 7 dias,1.0,1,positivo
23396,"Entrei em contato solicitando a entrega um pouco antes do prazo estimado, pois não teria ninguém para receber no prazo, eles responderam minha solicitação e o produto chegou bem antes que o esperado.",1.0,1,positivo
13431,Como sempre a entrega antes do prazo e um ótimo atendimento,1.0,1,positivo
99597,"Entrega rápida, produto perfeito.",1.0,1,positivo
2852,produto perfeito,1.0,1,positivo
18820,O produto foi entregue antes do prazo . Obrigada por acatar nosso apelo. Nota 10.,1.0,1,positivo
18486,"As tesouras são de péssima qualidade, de alumínio batido, se forçar ela entorta de tão frágil, mal corta e ainda tive que arrumar pois estava torta.",0.0,0,negativo
93341,Amei a qualidade e o designer!!!,1.0,1,positivo
37846,"Excelente produto, de excelente qualidade. Nota 10",1.0,1,positivo
14920,"Parece plástico de encapar caderno, muito fino, não parece em nada com o descrito e não é blackout. O desenho parece que foi impresso errado e com resto de tinta, é todo falhado. PÉSSIMO NAO RECOMENDO",0.0,0,negativo
9847,"Produto chegou em ordem, vendedor cumpriu o anúncio. Muito agradecido",1.0,1,positivo
29964,NADA A DIZER,1.0,0,negativo
51925,Muito bom,1.0,1,positivo
21660,Produto certo e entregue no prazo,1.0,1,positivo
31153,Meu produto nao foi entregue,0.0,0,negativo
90496,"Só achei muito demorado a entrega, msm estando dentro do prazo. Do dia 02/01 que foi postado no Sul e sair para Belo Horizonte no dia 14/01 muito estranho essa demora.",1.0,0,negativo
22901,Não houve nenhum comunicado sobre o atraso,0.0,0,negativo
63962,"Boa noite, o produto veio com defeito, em uma hora de uso percebi que um dos botões não estava mais no relógio (soltou), muito frágil, led AM não esta acendendo, os números 7 e 8 acendem juntos",0.0,0,negativo
40402,Tudo ok,1.0,1,positivo
83781,Enselente,1.0,0,negativo
11825,Recomendo. Chegou antes do prazo,1.0,1,positivo
94668,"pedi o cancelamento da compra,após informada que não havia deste produto no estoque.",0.0,0,negativo
44374,produto otimo,1.0,1,positivo
91030,"Comprei a capa da ABC design para um carrinho da Graco, modelo Gotham. Ficou muito bom. Os dois assentos estão bem protegidos. Além disso, o produto foi entregue antes do prazo. Recomendo!",1.0,1,positivo
91120,Good. Very good.,1.0,1,positivo
83035,"apenas não achei errado pois no site informava q funcionava com pressão, e pessoalmente não é bem assim, a barra precisa ser fixada de forma firme.",1.0,0,negativo
79116,A entrega mais uma vez ocorreu antes do prazo e o produto e otimo,1.0,1,positivo
87359,Ainda não recebi o produto.,0.0,0,negativo
30670,estou gostando de realizar compras pelo site,1.0,1,positivo
65090,"A luva veio muito grande e não é igual da foto, pedi tamanho 12oz e parece que veio 14oz",0.0,0,negativo
17392,Parabéns chegou dentro do prazo e produto de qualidades,1.0,1,positivo
27217,O produto não foi entregue conforme o anúncio. Foi entregue um produto diferente e de menor qualidade. Aguardando contato da loja para esclarecimentos do ocorrido e orientações para a troca.,0.0,0,negativo
88415,"Comprei o produto me mandaram fora da embalagem original, dentro de a caixa avulsa tudo solto, não me mandaram a nota fiscal, nem o manual,",0.0,0,negativo
87798,comprei um produto do anuncio me enviaram outro diferente.,0.0,0,negativo
73865,"Chegou a mesa lateral cromada. Perfeita!!!! exatamente igual a imagem, quem estiver na dúvida porque a cor mostra água, pode comprar sem medo porque ela é cromada mesmo.",1.0,1,positivo
35595,"Produto muito útil e de excelente qualidade. Entrega antes do prazo e segura.",1.0,1,positivo
41891,"Produto chegou mais de uma semana antes da data de previsão de entrega. Obrigada!",1.0,1,positivo
6644,"Gostei do kit, acho interessante fazer outros kits da mesma marca com outros produtos, assim poderei analisar os kits para ter sempre o produto em casa evitando assim gastos com o fretes.",1.0,1,positivo
49859,"Ja recebi os outros produtos, que comprei junto com esse. mas esse ainda nao chegou.",0.0,0,negativo
24611,"Ótimo Atendimento !!! Cumpre o prometido, superando.",1.0,1,positivo
10187,Muito bom,1.0,1,positivo
97669,o produto recebir com defeito a cortina desfiada e aoutra erada,1.0,0,negativo
54097,Gosto muito de comprar nessa loja.,1.0,1,positivo
57731,Não tive até o momento um retorno do que preciso fazer para receber o produto que comprei e que esta preso na fiscalização.,0.0,0,negativo
28394,"O produto foi entregue de forma, e a condição do é impecável. É possível notar o carinho que eles fizeram a almofada pela costura perfeita e o cheirinho de bebe. Minha sobrinha vai amar.",1.0,1,positivo
62127,"Bom,eu recomendo o vendedor!!",1.0,1,positivo
95632,o produto não tem efeito como descrito .. vem num recipiente de acrilico então não da pra saber se é original.. não gostei,0.0,0,negativo
92043,Além de não entregarem.não fui avisada nem reembolsada.,0.0,0,negativo
65500,Foto não corresponde ao produto. Apesar de conter medidas que não dão a noção do tamanho do produto.,0.0,0,negativo
84207,Ótimo produto,1.0,1,positivo
77472,"Ao colocar a película, as laterais ficaram sem a proteção  pergunta : a película foi embalada incorretamente (apesar de constar como xperia xz), ou a película é deste modo mesmo (menor que a tela)",0.0,0,negativo
25489,Adorei o produto,1.0,1,positivo
68799,otimo produto com preço bom e entrega rapida recomendo,1.0,1,positivo
82539,Ótimo,1.0,1,positivo
90137,e lindo,1.0,0,negativo
71976,"Qualidade, preço e prazo! parabéns, continuem nesse caminho. Muito obrigado!",1.0,1,positivo
16957,"Bom, sempre compro da lannister e NUNCA tive problemas com entrega... Quanto ao produto era o que queríamos, já conheço a marca ;)",1.0,1,positivo
67818,"Regular enviei o produto de volta tapete veio errado me,coloquei como PAC só que eles não me passaram o código de postagem eu tive que pagar 18 reais para enviar agora tô na espera o correto.",0.0,0,negativo
3250,"Pela experiencia de compras no Mercado Livre, acho que a entrega via Correios poeria ser mais rápida(postagem).",1.0,1,positivo
83061,Uma das melhores lojas da internet,1.0,1,positivo
68150,"O produto foi entregue trocado eu comprei erva de São João e recebi outro remédio chamado Moringa Oleifeira Tentei contatar o vendedor por telefone, número que estava na nota fiscal, não atende",0.0,0,negativo
82814,"muito bom chegou antes do prazo, super recomento.",1.0,1,positivo
18488,Satisfeito,1.0,1,positivo
19712,"O pedido chegou no prazo, tudo conforme a descrição. Adorei!!",1.0,1,positivo
34422,"Comprei pq na foto aparece azul e as minhas vieram na cor preta. Odiei!",0.0,0,negativo
47975,Produto incompatível com o note book Acer Aspire F 15 F5-573G74G4,0.0,0,negativo
77553,só que mesmo com proteção a embalagem veio violada!,1.0,0,negativo
42952,O produto foi entregue antes do prazo previsto parabéns pela pontualidade.,1.0,1,positivo
58175,Ótimo produto e entregue antes do previsto.,1.0,1,positivo
75304,Entrega muito rápida!,1.0,1,positivo
9172,foi entregue no prazo,1.0,1,positivo
34664,Produto correto de qualidade e com envio muito antes do prazo. Recomendo.,1.0,1,positivo
40427,Excelente.,1.0,1,positivo
55755,Lindo amei o tapete recomendo !!!,1.0,1,positivo
66516,Produto de qualidade e a entrega antes da previsão.,1.0,1,positivo
68440,Parabéns.,1.0,1,positivo
21724,Já abri um chamado e não tenho resposta de quando terei o produto comprado.,0.0,0,negativo
64082,"Gostaria de saber como deixar visível a hora. Leva apenas 5 segundos no visor ao apertarmos o botão. Tem como fazer isso ? Posso colocar em 24 horas ? Como acertar a hora, se adiantar ou atrasar ?",1.0,0,negativo
93458,recomendadíssimo.,1.0,1,positivo
23166,Fiquei satisfeito com a entrega das lannister.com,1.0,1,positivo
61264,Adorei o meu produto veio antes do prazo e tdu esta certinho,1.0,1,positivo
97173,muito rápido ....,1.0,1,positivo
50635,O relógio e bom mas a pulseira e podre usei um dia e apodreceu ela tive que comprar uma.pulseira nova tinha que ser de cilicone estapulseira,0.0,0,negativo
41312,"Os porta edredons são muito bem feitos e a entrega bem rápida, como sempre.",1.0,1,positivo
37265,"só entregaram até agora 1 produto( unidade) , Falta entregar o outro produto que Comprei. Foram 2 unidades. E até agora não chegou o outro filtro. Estou preocupado.",0.0,0,negativo
93645,"Gostei do produto e a entrega supre rápida, show.",1.0,1,positivo
6357,Fiz a compra e não entregou em minha casa. Fiz o cancelamento e ainda recebo estes e-mail enchendo o saco.,0.0,0,negativo
71443,MUito bom,1.0,0,negativo
13014,chegou mais rapido q o esperado,1.0,1,positivo
35008,"Chegou no prazo, em perfeito estado",1.0,1,positivo
10949,Recebi dentro do prazo. Ainda não testei.,1.0,1,positivo
71921,Produto de excelente aparência e acabamento. O desempenho será avaliado com o uso.,1.0,1,positivo
23366,"comprei um capacete, e recebi uma bolsa para selim",1.0,1,positivo
39808,Não recebi,0.0,0,negativo
73066,Adorava comprar neste site!!$,0.0,1,positivo
98324,Muito bem embalada e entregue no prazo. Adorei,1.0,1,positivo
79321,Ótimo,1.0,1,positivo
36553,chegou bem antes do prazo estipulado.,1.0,1,positivo
17705,Recomendo,1.0,1,positivo
78689,"Na imagem está a escova da revlon rosa, totalmente da diferente do que recebi. Comprei por causa da marca e veio uma marca que nem conheço da china. Ainda estou esperando resposta",0.0,0,negativo
48699,"O produto chegou bem antes do previsto, é igual a foto e a qualidade dos pincéis parece muito boa.",1.0,1,positivo
39058,gostei muito chegou antes do prazo estabelecido,1.0,1,positivo
58100,Ótimo.e de qualidade,1.0,1,positivo
70898,"Muito bom, entrega agil.",1.0,1,positivo
13688,OTIMO PRODUTO,1.0,1,positivo
96571,bom!,1.0,1,positivo
41588,"Recomendo, produto bom e loja responsável, demorou um pouquinho, porém, essa falha é dos correios(pra variar)",1.0,0,negativo
26470,Excelente atendimento.,1.0,1,positivo
99027,Gostei do produto. Recomendo,1.0,1,positivo
41362,Não recebi o produto,0.0,0,negativo
29339,"Recebi parcialmente o pedido, veio as duas luminarias pendentes. Faltou o lustre aramado, entrei em contato aguardando retorno de uma posição de entrega do produto.",1.0,0,negativo
81194,Show,1.0,0,negativo
15818,Recebi o produto correto gostei confio na stark,1.0,1,positivo
71804,perfume falcificado,0.0,0,negativo
62020,"Produto entregue dentro do prazo e em perfeito estado, ainda estou testando para dar uma melhor resposta.",1.0,1,positivo
18696,"O produto chegou errado, estou aguardando retorno.",0.0,0,negativo
55585,"Satisfeito com o produto. Entregue antes do prazo, e o produto condizia com o que havia no anúncio. Contudo, o rastreamento não estava disponível, não sendo possível acessar a localização do produto",1.0,0,negativo
35510,"Excelente produto, superou minhas expectativas. Chegou antes do prazo.",1.0,1,positivo
48951,"Achei o produto muito inferior, pelo preço que paguei esperava algo melhor!",0.0,0,negativo
42891,O cabo carregador para tomada e carro nao foi entregue,0.0,0,negativo
21438,Produto não entregue até o momento,0.0,0,negativo
64963,Excelente preço e rápida entrega,1.0,1,positivo
44014,otimo vendedor otimo produto entrega super rapida,1.0,1,positivo
62576,"Entrei em contato com a loja há dois dias, pois faltou um berloque. Até agora não tive resposta. Espero que resolvam. Os demais vieram muito bem embalados.",1.0,0,negativo
32874,Recebi o produto bem antes do prazo informado,1.0,1,positivo
54907,"Correio indicado como área de risco, fui pegar no bairro vinho perfeito e sempre identifique o consumidor e o estado e endereço. E poderia ser mais rápido.",1.0,0,negativo
7472,"A realização da compra foi realizada com um prazo de entrega longo de 20 dias e a previsão de ATÉ 26/12, fato não ocorrido. O produto ainda não foi entregue! Não respeitaram o prazo. NÃO INDICO!!",0.0,0,negativo
61735,Recomendo com certeza!,1.0,1,positivo
64937,Gostei muito do produto e foi entregue muito antes do prazo.. Recomendo muito essa loja,1.0,1,positivo
54916,Excelente!!,1.0,1,positivo
24242,Produto de qualidade.,1.0,1,positivo
84893,Bem menor Do que eu esperava mas muito boa,1.0,1,positivo
59082,Não gostei pois me mandaram um produto perto e vencer o prazo de validade. Recedi o produto de 1kg no final do mês de abril com a validade para vencer agora no mês de julho .Gostaria de efetuar troca.,0.0,0,negativo
84738,"Amei, produto maravilhoso, deu um charme lindo na cama! Recomendo a loja e o produto para quem tem bom gosto!",1.0,1,positivo
41766,O produto está de acordo com o preço,1.0,1,positivo
38080,Não esperava que as lannister se associasse com empresas que não cumprem com a pontualidade e o compromisso feito. Estou profundamente desapontada.,0.0,0,negativo
91483,Ótimo,1.0,1,positivo
92897,Precisod o meu produto pois efetuei o pagamento! :(,1.0,0,negativo
18761,"É uma falta de responsabilidade por parte da firma,por conseguinte, das lannister, em propagandear um tempo de entrega que não é cumprido.",0.0,0,negativo
7782,Só chegou uma central multimidia sendo que eu comprei 2,0.0,0,negativo
29787,Muito bom,1.0,1,positivo
16275,"Kit de mal qualidade,a tesoura nasça e puxa o cabelo;não gostei. Fiz pedido de cancelamento mas ainda não me enviaram nenhum email",0.0,0,negativo
60182,Recebi o produto antes do informado. Perfeito. Agora so falta receber o outro produto pois a compra foi dividida em 2 entregas,1.0,1,positivo
96705,A nota fiscal veio lacrada com durex e rasgou toda na hora de retirar.,1.0,0,negativo
74522,negócio realizado com sinceridade e no tempo estabelecido. obrigado.,1.0,1,positivo
18358,Gostaria de saber quando vou receber meu relogio,0.0,0,negativo
12360,pessima,0.0,0,negativo
10283,Muito linda. Ótimo material. Superou minhas espectativas. Entraga muito antes do prazo. Obrigada!,1.0,1,positivo
5996,gOSTEI MUITO,1.0,0,negativo
3840,não recebi a mercadoria ainda.,0.0,0,negativo
75561,"Ótimo produto, entrega muita rápida. E fácil escalação",1.0,1,positivo
66264,Carteira maior do que as grandes normal muito feia$60 perdido.,0.0,0,negativo
2063,Ótima,1.0,1,positivo
48599,"Recomendo a loja,entregaram no prazo e o produto veio em perfeitas condições!!",1.0,1,positivo
86632,Ótimo e foi entregue antes da data😀,1.0,1,positivo
7743,O TAPETE É MUITO BONITO E CHEGOU ANTES DO PRAZO. RECOMENDO,1.0,1,positivo
40771,"O produto é uma porcaria, não parece com o que foi apresentado.",0.0,0,negativo
57860,Boa qualidade,1.0,1,positivo
13066,"Entrega rápida, produto de excelente qualidade!",1.0,1,positivo
85188,Recomendo!!!!!,1.0,1,positivo
63703,"Comprei esse produto na cor azul p/ dar de presente. Ao receber vi que o Produto veio na cor vermelha,diferente da compra efetuada e do que está na nfiscal pois o produto está informado c/ cor azul.",0.0,0,negativo
61,"Ocorreu tudo como contratado sendo a entrega realizada antes do prazo   Estou satisfeita",1.0,1,positivo
52603,produto muito bom,1.0,1,positivo
13332,"Ainda que a pulseira sei de baixíssima qualidade, o produto é bonito.",1.0,1,positivo
44200,"Rápida entrega, produto de ótima qualidade.  Amei...",1.0,1,positivo
16222,muito boa a carteira .,1.0,1,positivo
90847,sempre gostei de comprar nas lannister. uma emprese séria que se preocupa com o cliente.,1.0,1,positivo
15318,O produto não foi entregue em que pese já ter decorrido o prazo previsto no momento da compra.,0.0,0,negativo
53135,Obrigada.,1.0,1,positivo
24756,Fiquei muito satisfeita.,1.0,1,positivo
48762,"Do produto ainda é cedo para avaliação, mais a entrega foi ótima.",1.0,1,positivo
81339,Mercadoria de pessima qualidade não tem nada a ver com a foto não indico.,0.0,0,negativo
84356,"loja confiável estou satisfeito com a aquisição. RECOMENDO",1.0,1,positivo
94562,Não gostei. Quero trocar,0.0,0,negativo
63229,NAO QUERO AVALIAR,1.0,0,negativo
57322,"Produtos entregue no prazo veio como informado, satisfeita com o produto.",1.0,1,positivo
45828,Como posso avaliar positivamente se não recebi a mercadoria? Meu filho está frustrado pois o presente era pra ele. Decepcionante.,0.0,0,negativo
91041,"JÁ PAGUEI PELOS 2 CARTUCHOS DE TINTA E RECEBI APENAS 1 CARTUCHO, CONSTANTE NA NF-e 000000995. FALTA ME ENVIAR O CARTUCHO DE TINTA PRETO. REFERENTE AO PEDIDO 03-499348246 DE 10/04/2018.",0.0,0,negativo
23160,"Muito bonito é pequeno e discreto e original, com manual em todas as línguas vem funcionando bem. Não tem luz (já sabia) e tem alarme de hora em hora e na hora desejada, enfim é tudo de bom!",1.0,1,positivo
95032,A mercadoria Aida não chegou,0.0,0,negativo
89439,recomendo sim!,1.0,1,positivo
81192,Adorei os produtos. Teve coisas entregues até antes da data prevista.,1.0,1,positivo
61023,"entrega super rapida e otima qualidade de produto muito obrigado",1.0,1,positivo
89604,As mamadeiras chegaram perfeitas e antes de prazo.,1.0,1,positivo
3856,produtos bons...,1.0,1,positivo
3023,"Adoro comprar nas lojas lannister.  Os produtos são de ótima qualidade.",1.0,1,positivo
62818,"GOstei muito, veio certinho",1.0,1,positivo
35700,Gostei do produto ... dentro minhas expectativas,1.0,1,positivo
62895,Recomendo.,1.0,1,positivo
16904,"Foi a entrega mais rápida de todas! Parceiro completamente eficiente, ligaram 2 vezes confirmando detalhes da compra! Estou satisfeita!!!",1.0,1,positivo
85805,a loja esta de parabens recomendo,1.0,1,positivo
46971,"Só estou esperando minha da capa de celular, acredito que foi só um mau entendido.",1.0,0,negativo
24374,Produto entregue rapidamente e conforme anunciado.,1.0,1,positivo
76219,"Assim que fiz a compra e efetuei o pagamento, logo autorizaram a compra e emitiram a nota fiscal, em poucos dias minha mercadoria já estava sendo entregue. Chegou sem defeito e em perfeito estético.",1.0,1,positivo
31687,"A imagem é de otima qualidade, a embalagem muito bem feita...a entrega super rapida... Ficaram lindas na minha casa! valew!",1.0,1,positivo
50278,Produto excelente.,1.0,1,positivo
37704,O pedido veio somente um produto e faltando outro.,0.0,0,negativo
72154,O produto chegou no prazo e com a qualidade desejada.,1.0,1,positivo
3010,Bom,1.0,1,positivo
59376,"Contente com produto. Chegou antes do prazo, isso me deixou muito feliz. Produto é que é ofertado.",1.0,1,positivo
40697,muito bem foi entregue antes da data estão de parabens,1.0,1,positivo
82649,Produto entregue antes do prazo combinado,1.0,1,positivo
36237,recebi td certinho.,1.0,1,positivo
12582,Aparelho não funciona direito,0.0,0,negativo
15971,Produto chegou em perfeitas condições. Entrega no prazo.,1.0,1,positivo
2180,"O tecido não era oq eu esperava, parece uma borracha, igual aos plásticos q forravamos as mesas em tempo do colégio. Abri apenas uma e a outra nem abri, por favor me façam a troca deste priduto",0.0,0,negativo
71967,Ótimo cobertor; e lindo; excelente qualidade; comprei 1 p mim; dei 1 p minha mãe; e p minha tia; mto confortável e quente. Entregue antes do prazo. Mto satisfeita.,1.0,1,positivo
41764,"Ótimo ,chegou ante do praso",1.0,1,positivo
48265,PARABENS FOI ENTREGUE,1.0,1,positivo
49293,ainda não recebi a encomenda até agora!,0.0,0,negativo
4712,"COM O PÉSSIMO SERVIÇO DE ENTREGA NAS COMPRAS ATRAVÉS DA INTERNET, VOU CANCELAR TODAS AS COMPRAS. NÃO ESTOU SATISFEITO COM O ATENDIMENTO NA ENTREGA DOS PRODUTOS COMPRADOS. PEÇO PROVIDÊNCIAS.",0.0,0,negativo
73199,"recebi o produto em perfeita condições, muito feliz com a aquisição do produto.Indico as lojas lannister a todos meus amigos.entrega dentro do prazo, minha filha está feliz com o presente que ganhou",1.0,1,positivo
41273,Muito bom entregue bem antes do prazo pefeiro recomendo,1.0,1,positivo
51044,Entrega super rápida!,1.0,1,positivo
40664,Muito bom o produto e um ótimo design.,1.0,1,positivo
70629,Agradeço pois chegou corretamente e até antes do prazo. Não sou de comprar pela Internet pois tenho desconfianças mas recomendo por esta loja.,1.0,1,positivo
49734,"Está constando que a mercadoria foi entrega, porém não recebi nada ...",0.0,0,negativo
2439,chegou dentro do prazo e produto de ótima qualidade,1.0,1,positivo
69675,Chegou antes do prazo. Recomendo é confiável.,1.0,1,positivo
83177,recomendo,1.0,1,positivo
30945,Muito bom,1.0,1,positivo
30772,O produto é excelente e dessa vez a lannister.com não falhou na entrega.,1.0,1,positivo
83882,As entregas das compras feitas juntas deveriam acontecer juntas.,1.0,0,negativo
68359,"Funciona bem, mas os botões são altos e mais duros que o original.",1.0,0,negativo
44229,Produto simples mas que atendeu a expectativa em razão di baixo custo. Boa opção de presente. Entrega antecipou.,1.0,1,positivo
72199,Otimo,1.0,1,positivo
52214,"produto como indicado, chegou antes do prazo.",1.0,1,positivo
94232,Muto bom tudo,1.0,1,positivo
31333,Recomendo a todos,1.0,1,positivo
47937,Na recebi o produto. Ficou por muito dias emitindo nota fiscal. Agora diz que não tem no estoque .,0.0,0,negativo
29054,Muito satisfeito,1.0,1,positivo
58823,"tudo bem, otima",1.0,1,positivo
36582,"Whey excelente, produto chegou perfeito e dentro do prazo.",1.0,1,positivo
55796,nao recebi,0.0,0,negativo
98088,O produto não correspondeu ao desjado.,0.0,0,negativo
4388,"Recebi um produto da mesma marca, porém inferior ao que eu havia comprado, sem aviso algum do fornecedor.",0.0,0,negativo
49756,Péssimo,0.0,0,negativo
93779,"Recebi o produto em quantidade menor, comprei quatro e recebi apenas três sendo um sem as baterias de lítio, embalagens violadas. Pretendo devolvê los, p/f entrem em contato 21 964596388 / 22 2662954",0.0,0,negativo
85638,Gostamos do produto perfeito recomendo,1.0,1,positivo
74009,Tudo dentro da normalidade,1.0,1,positivo
66191,"A imagem do produto estava incluso o aparador, mas veio apenas a máquina com as demais peças sem o aparador.",0.0,0,negativo
28,relógio muito bonito e barato.,1.0,1,positivo
13764,Excelente recomendo,1.0,1,positivo
84680,Paguei por um produto e veio outro (tamanho errado ) valor inferior ao que paguei! !,0.0,0,negativo
65960,"Gostei do produto, o prazo foi exato e o preço ,muito bom. Comparei sempre",1.0,1,positivo
10767,"O produto chegou muito antes do prazo previsto, veio em ótimas condições e muito bem embalado. Recomendo!",1.0,1,positivo
96623,"Envio rápido, produto como descrito",1.0,1,positivo
83601,Recebi antes do prazo. Gostei muito.,1.0,1,positivo
73458,Produto de qualidade e entrega rápida.,1.0,1,positivo
14345,"Demorou para chega, porém no último dia do prazo. Gostei da gualidade do produto",1.0,1,positivo
63092,Ótima,1.0,1,positivo
21427,muito boa,1.0,1,positivo
38068,Produto em perfeito estado entrega antes do prazo.. recomendo..,1.0,1,positivo
58539,"Uma loja excelente, entrega 🚚 rapida",1.0,1,positivo
69488,Muito bom recomendo,1.0,1,positivo
97211,Parceiro muito rápido e eficiente. Recomendo.,1.0,1,positivo
35475,Entregue bem antes do prazo. Muito satisfeita. Recomendo.,1.0,1,positivo
79311,Bonitinho!,1.0,1,positivo
53897,produto de excelente qualidade,1.0,1,positivo
25151,Muito bom o produto,1.0,1,positivo
95479,Entrega muito rápida,1.0,1,positivo
58609,Produto chegou certinho e muito rápido.,1.0,1,positivo
62630,Muito bom,1.0,1,positivo
83444,Produto excelente entrega rapida !!!!,1.0,1,positivo
52216,Acho que vcs tinha que manda o que ta no anunçio .,0.0,0,negativo
40785,Pelo valor a mochila é boa,1.0,1,positivo
50673,Prateleira forte. Chegou antes do prazo.,1.0,1,positivo
57119,Recomendo.,1.0,1,positivo
2134,"Recebi ante da data entrega, a americana está de parabéns, o tapete muito bom, cor bonita eu super recomendo...",1.0,1,positivo
92992,"Não recebi o produto e não tive nenhuma satisfação da empresa e no status consta como entregue, sempre comprei pela sub e nuca nunca tive esse tipo de problema, MUITO INSATISFEITA, quero meu dinheiro",0.0,0,negativo
54521,Recebi rapidamente o produto,1.0,1,positivo
49224,"Produto veio com defeito não funciona, bem vou pedir troca, o preço não vale a dor de cabeça, fui em uma elétrica e comprei um prestasse.",0.0,0,negativo
83348,"Bom produto. Atendeu a expectativa é suportou bem as roupas. Preferi usar sem as rodinhas, pois fica mais estável... Produto chegou muito rápido! Recomendo!",1.0,1,positivo
46465,ótimo vendedor,1.0,1,positivo
38502,Produto chegou uns 15 dias antes do prazo. (O que é ótimo) Entrega rápida. Super bem embalado.,1.0,1,positivo
67931,Estou esperando a agora. O q acham?,0.0,0,negativo
92775,chegou antes do prometido,1.0,1,positivo
79313,"Gostei muito do produto, excelente",1.0,1,positivo
25537,"gostei muito,produto entregue antes do prazo,",1.0,1,positivo
35395,Parabens essa ja é a quarta compra que faco e estou muito satisfeito,1.0,1,positivo
4995,"Encomendei 2 carrinho da mesma loja  Mais recebi somente um com a nota de dois carrinhos Estou no aguardo pelo outro produto",1.0,0,negativo
41482,otimo vendedor,1.0,1,positivo
68013,"Era o que esperava, portanto gostei muito! Super indico! Chegou bem rápido.",1.0,1,positivo
35756,"Apesar da entrega dentro do prazo, a embalagem estava levemente danificada.",1.0,0,negativo
16217,O produto era exatamente como eu esperava e chegou bem antes do prazo,1.0,1,positivo
38112,"Compro no shopping a anos, nunca atrasaram um pedido muito pelo contrário sempre chega antes do prazo.dessa vez não chegou até agora",0.0,0,negativo
63999,"Recomendo o site, bem como o produto. Chegou antes do prazo previsto e muito bem embalado.",1.0,1,positivo
90338,"Produto de ótima qualidade , lindíssimo , bem fácil de instalar .",1.0,0,negativo
58949,Entregou antes do prazo. O produto veio muito bem embalado.,1.0,1,positivo
3131,ja faz um mes que fiz meu oedido um conjunto de potes de cozinha de aluminio(5) branco de bolas pretasme ate agora não recebi.quero saber qual a providençia que essa empresa ira tomar,0.0,0,negativo
31928,Produto original. Entregue o código e o Office foi baixado da página da Microsoft. Fácil instalação.,1.0,1,positivo
85221,Excelente!,1.0,1,positivo
39564,Entrega muito mais rápida que o previsto e produto funcionando perfeitamente!,1.0,1,positivo
33015,eu recomendo produto muito bom.,1.0,1,positivo
82463,O produto não funciona e veio errado.,0.0,0,negativo
63442,"lannister possui parceiros que são de confiança, sendo assim , não contem mais comigo!",0.0,0,negativo
2839,Até o momento não recebi .,0.0,0,negativo
26582,Muito bom gostei de mais no começo eu fiquei com muito mendo mesmo mais agora eu recomendo pra todas as pessoais.,1.0,0,negativo
74321,Material entregue corretamente e no prazo.,1.0,1,positivo
28805,Antes do produto ser entregue eu pedi o cancelamento da compra. Estou aguardando o reembolso. Obrigada.,0.0,1,positivo
94981,"Ótimo produto gostei muito, leve e super confortável.",1.0,1,positivo
85550,bom,1.0,1,positivo
88841,Excelente,1.0,1,positivo
96658,Adoramos muito,1.0,1,positivo
82535,otimo produto,1.0,1,positivo
89509,"Conforme o próprio email de voces, comprei 2 almofadas para bebê na forma de elefante, mas recebi apenas uma. Fui ao correio, mas não tem mais nada em meu nome. Gostaria de receber a segunda peça.",0.0,0,negativo
41841,Entrega Rápida,1.0,1,positivo
28832,Ótimo,1.0,1,positivo
84497,otimo,1.0,1,positivo
53100,Ainda não recebi o produto,0.0,0,negativo
63937,produto entregue antes do prazo. eu recomendo,1.0,1,positivo
99088,produto nem veio e so do uma estrela pq so obrigada,0.0,0,negativo
25963,Chegou no prazo certo.. Recomendo a loja.,1.0,1,positivo
12991,"Produto lindo, entrega muito rápida! Recomendo muito!",1.0,1,positivo
1352,Excelente produto e a entrega chegou antes do prazo previsto!!! Ótimo,1.0,1,positivo
82886,Só a cor que queria lilás e veio rosa.,1.0,0,negativo
64176,"São muitos enrolados para fazer a entrega do produto, até agora não recebi o produto.",0.0,0,negativo
30443,Recebiemdo o produto no prazo produtos de Qualidade eu recom,1.0,1,positivo
3314,"Não posso avaliar, não sei oque houve !",0.0,0,negativo
39113,Estou aguardando o estorno do valor.,0.0,0,negativo
7293,Produto de excelente fabricação.,1.0,1,positivo
94552,Entrega antes do prazo indicado,1.0,1,positivo
68802,"comprei tres rolos de papel de parede ,recebi somente 1 naoestou conseguindo entrar em contato",0.0,0,negativo
94089,"O relógio aparenta ser de qualidade inferior aos relógios da marca Casio, e não veio com manual em português o que demonstra que é importado.",1.0,0,negativo
92917,Satisfeito com a compra,1.0,1,positivo
47539,Tudo conforme o previsto e combinado. Boa qualidade do produto. Recomendado. Obrigada.,1.0,1,positivo
57054,O produdo chegou muito bem embalado e protegido e de ótima qualidade e chegou bem rápido.,1.0,1,positivo
59782,"Tenho varias compras na baratheon inclusive uma tv que sei que vai chegar antes da data prevista. Mas com parceiros é diferente, não são comprometidos.",0.0,0,negativo
61137,Quero meu cartão de vcs😂😂😂,1.0,0,negativo
40706,Rápido entrega,1.0,1,positivo
76675,Excelente,1.0,1,positivo
68838,"O relógio veio solto dentro da caixa, não tinha nenhuma caixinha dentro da caixa principal para proteger. Achei estranho pq vi na net que estes relógios sempre vem com caixinha para depois guardar.",1.0,0,negativo
29703,"Compra rápida e sem problemas! Produto de alta qualidade, recomendo",1.0,1,positivo
56102,"Não posso avaliar sem ter recebido o material, até agora minha avaliação é extremamente negativa.",0.0,0,negativo
28550,"Nem parece Brasil, antes do prazo e em perfeitas condições!",1.0,1,positivo
88984,muito bom,1.0,1,positivo
48041,Produto de ótima qualidade.. fiquei muito satisfeita! E a entrega foi super rápida como sempre..,1.0,1,positivo
7515,O produto chegou antes do prazo.,1.0,1,positivo
88683,Eu sastifeita com meu produto. Recibi corretamente. Antes do prazo.,1.0,1,positivo
41709,"Chegou na data informada, certinho. Só achei que demorou muito.",1.0,0,negativo
31394,Chegou muito rápido!!! Vou comprar mais vezes!,1.0,1,positivo
56959,"Produto chegou bem antes do prazo , gostei muito da empresa .",1.0,1,positivo
82610,adorei o produto e chegou bemmm antes do prazo...parabens..há anos compro nas lannister..parabensssssss!!!,1.0,1,positivo
77650,Super confortável.,1.0,1,positivo
24649,O prazo era até dia 23/03 e até o momento não recebi. Quero saber o que está acontecendo.,0.0,0,negativo
5284,Eu comprei um produto e me mandaram outro produto com especificações diferentes.,0.0,0,negativo
83458,amei a mercadoria. Tem uma qualidade otima pelo preço.,1.0,1,positivo
7028,"Produto ótimo,atendeu minhas expectativas.  Entrega super rápida.",1.0,1,positivo
26829,O site alia praticidade com muita eficácia. Estou satisfeito.,1.0,1,positivo
94772,Não recebi meu produto já foi cobrado no cartaxo,0.0,0,negativo
42878,Muito bom,1.0,1,positivo
14055,Produto lindo e entrega muito antes do prazo adorei,1.0,1,positivo
14249,O Produto foi entregue ainda antes do prazo previsto.,1.0,1,positivo
50196,"Agilidade e compromisso com o cliente. Recomendo de olhos fechados. Parabéns!",1.0,1,positivo
46996,Muito bom está estante ela é bem reforçada eu comprei dia 17/07 e me entregaram dia 21/07 super rápido a entrega eu adorei estou super santifeita.,1.0,1,positivo
18248,Sempre comprei nesta loja. Recomendo com certeza.,1.0,1,positivo
20188,Reduzir o valor do frete,1.0,0,negativo
17907,produto entregue dentro do prazo,1.0,0,negativo
20417,"Site das Lojas lannister é simplesmente o melhor, entrega na data prevista e os produtos sempre os melhores....recomendo!",1.0,1,positivo
41234,Ótimo produto!,1.0,1,positivo
16757,"otima loja que atende as necessidades do usuario,com entrega do produto antes do praso.",1.0,1,positivo
23818,Transação ótima. Como tadas que fiz junto ao stark.,1.0,1,positivo
86735,Produto entregue como previsto.,1.0,1,positivo
17927,Os quadros são lindos!,1.0,1,positivo
90222,Eu recomendo..Meu filho adorou !,1.0,1,positivo
25927,"Lindo <3   super indico, rapidez na entrega.",1.0,1,positivo
79296,"Recomendo sempre o site da baratheon, pois sempre que compro são entregues dentro do prazo, o site mais rápido. Valor sempre em melhor condições. Atendimento ao cliente satisfatório!!",1.0,1,positivo
73363,Recomendo a todos,1.0,1,positivo
57035,Prazo de entrega melhor que o esperado! Produto chegou muito rápido! facilidade na compra e satisfação garantida!,1.0,1,positivo
4703,Produto de qualidade.,1.0,1,positivo
92832,Produto não foi entregue. Não foi enviada nota fiscal. Telefone para reclamação não funciona.,0.0,0,negativo
71690,"O serviço do site dessa vez foi otimo.  Em relação ao produto + o frete = não tem uma boa relação custo benefício, pelo preço poderia ser melhor acabado, sporte tem apenas dois níveis de inclinação.",1.0,0,negativo
20013,"Solicitei o produto na cor BRANCA e recebi na cor PRETA, portanto em desconformidade com o pedido. Solicito que seja efetuada a troca dentro do prazo da entrega.",0.0,0,negativo
89376,muito bom,1.0,1,positivo
13367,"GOSTARIA DE RECEBER 1 COPIA DA NF, DEVE TER EXTRAVIADO",1.0,0,negativo
18879,Produto como descrito. Mas não gostei pq o som do alarme é muito baixo..,1.0,0,negativo
50436,Não entregou e não entrou em contato,0.0,0,negativo
74609,"Exatamente o produto que eu queria, entregue antes do prazo.",1.0,1,positivo
15986,ola comprei dois relógios. somente um chegou.,1.0,0,negativo
29888,Só demorou um pouco,1.0,1,positivo
43619,Estou satisfeito,1.0,1,positivo
82036,Espero que continue funcionando bem,1.0,1,positivo
85892,"Além de não entregar o produto, fiz uma reclamação é não deram nenhuma satisfação.",0.0,0,negativo
38828,"A embalagem do perfume é original, mas a essência não. Uso o Vezzo a mais de 10 anos. O produto que recebi é pirata. Vou atrás dos meus direitos de consumidora. Quero o perfume certo ou meu dinheiro.",0.0,0,negativo
78298,gostei do produto....fiquei satisfeita com a aquisição,1.0,1,positivo
89180,COMPREI ORIGINAL VEIO SIMILAR QUERO MEU DINHEIRO DE VOLTA NF 003566 JA RECLAMEI NO RECLAME AQUI AGORA IREI ATE PROCON,1.0,0,negativo
64011,Tudo como esperado. Excelente.,1.0,1,positivo
92078,Ótimo produto.,1.0,1,positivo
91644,"Ótimo, entregaram na datacert",1.0,1,positivo
83640,Chegou muito rápido. Produto excelente.,1.0,1,positivo
57748,Recebi antes do prazo...o produto é de excelente qualidade!,1.0,1,positivo
94362,Avental lindo!,1.0,1,positivo
80034,Muito bom,1.0,1,positivo
29349,Eu recebi os produtos parciais eu comprei três so recebi 02 estou esperando,0.0,0,negativo
85773,"mais uma vez confirmo que,o produto veio errado!Em vez de cartucho75 XL 12 ml--Entregaram 1-cartucho 122 xl color+1 cartucho 122 xl preto! ERRADO!Quero o reembolso!",0.0,0,negativo
22703,Gostei. Chegou rápido. Ótimo produto...,1.0,1,positivo
40338,"Total descaso! Não respondeu nenhum de meus e-mails, não deu satisfação nenhuma a respeito! Péssimo vendedor!",0.0,0,negativo
87057,"ótimo produto, superou minhas expectativas.",1.0,1,positivo
79672,"Comprei duas válvulas solenóides iguais. Paguei o mesmo produto com quantidade 2 (dois). As válvulas são iguais, mas as roscas são diferentes. Uma é BSP, com passo igual a NPT, a outra tem passo maio",0.0,0,negativo
66222,"Quando chegou fiquei muito contente pois o prazo tinha sido cumprido, depois de abrir a caixa a decepção! O peça principal toda quebrada.",0.0,0,negativo
28745,O produto é ruim não esperava que o relógio fosse dese tipo esperava que o relógio teria uma tela avista não fechada o led e muito fraco não tão visível como na foto detestei o relógio,0.0,0,negativo
88245,Parabéns pelo prazo.,1.0,1,positivo
64140,"Recebi o produto antes do prazo, venho conforme descrito, perfeito",1.0,1,positivo
83024,Embora foi entregue no prazo (um dia depois)seria bom que a entrega fosse mais rapida e que acompanhace uma folha com a lista para que o produto serve. Obrigado,1.0,0,negativo
95588,o pente é ótimo! Nem se compara ao de plástico!,1.0,1,positivo
46989,"Amo as Lojas lannister  Até o presente momento não tenho o que reclamar o produto muito bom e bonito",1.0,1,positivo
58933,"Vcs faturaram e enviaram as duas capas para Zenfone 4 e cancelaram a compra do aparelho sem nenhuma justificativa. Mas sem problema , o Carrefour já me vendeu e entregou.",1.0,0,negativo
64362,Só chegou uma capa a transparente a fumê não chegou,0.0,0,negativo
45824,"Não recebi o produto, sendo que o valor já foi pago!!! Totalmente insatisfeito.",0.0,0,negativo
87294,EXCELENTE,1.0,1,positivo
8003,Não veio a embalagem certa,0.0,0,negativo
18815,"Eu encomendei 2 mosquiteiros de solteiro Elegance e 1 queen. Chegaram 3 mosqueteiros de solteiro e nenhum queen. As 3 notas fiscais que vieram descrevem outros produtos, não os encomendados.",0.0,0,negativo
13100,"Fiz o cancelamento do pedido antes de ser enviado, mas mesmo assim fizeram o envio do produto. Estou com o produto e tenho que devolver.",0.0,0,negativo
97374,"Fiz a compra de duas unidades. Recebi apenas um, e na nota fiscal constam 02 itens.",0.0,0,negativo
24097,"FOI ENTREGUE ANTES DO PRAZO,GOSTEI!!!!",1.0,1,positivo
59500,"Eu comprei uma prancha profissional anti frizz 230 bivolte, e a que chegou foi foi a CP9 profissional e ela nao está dizendo que é anti-friz, fora que eu não gostei do alisamento dela.",0.0,0,negativo
8869,Lindo!!!,1.0,1,positivo
74878,"Veio faltando um rolo de papel de parede. Como vou ter neném na semana que vem, vou querer meu dinheiro de volta, pois não vai dar tempo de chegar outro rolo caso vcs mandem. Eu vou devolver esse",0.0,0,negativo
80441,show,1.0,0,negativo
83118,Recomendo,1.0,1,positivo
78841,"gostei da compra que fiz,as lojas lannister continua ser uma loja de alto nível. estou feliz pela compra. parabéns.",1.0,1,positivo
80319,"Produto excelente, entregue dentro do prazo",1.0,1,positivo
56820,Chegou dentro do prazo.,1.0,1,positivo
86758,"Recomendo esta loja pela qualidade, preço e rapidez na entrega.",1.0,1,positivo
57994,Gostei muito do atendimento,1.0,1,positivo
57610,"Meu produto estava previsto para entrega até dia 04/04, mas até hoje meu produto nem chegar no Rio de Janeiro chegou!",0.0,0,negativo
21185,"Entrega foi efetuada antes do prazo, a meu pedido. Adorei, pois eu tinha viagem marcada e queria levar o presenter. Deu certo.",1.0,1,positivo
34005,"BOA TARDE, FALTA ENTREGAR UMA CADEIRA DO MEU PEDIDO, O QUE ACONTECEU?",0.0,0,negativo
38306,O produto foi entregue antes do prazo determinado pelo fornecedor.,1.0,1,positivo
3831,Lindo ...Amei,1.0,1,positivo
53970,Produto entregue antes do prazo é bem embalado.,1.0,1,positivo
7483,"Adorei o produto, recomendo!!!",1.0,1,positivo
79924,Tudo Perfeito!,1.0,1,positivo
80187,ok,1.0,1,positivo
80232,Sempre recebo no dia e certinho.,1.0,1,positivo
13664,Entrega antes do prazo .... SHOWWWWWW,1.0,0,negativo
14852,Ótima compra,1.0,1,positivo
28143,"Excelente produto, adorei as mercadorias.",1.0,1,positivo
96545,"Recebi um prduto (um urso), mas encomendei um sapo.",0.0,0,negativo
48482,"A avaliação na minha primeira compra, foi ruim.",0.0,0,negativo
6586,Adorei o produto e no o prazo da entrega ecxelente👍👍,1.0,1,positivo
82309,Ok,1.0,1,positivo
52972,"Ótimo chegou no tempo estimado , super moderno.",1.0,1,positivo
39128,"Não fui comunicado do motivo da demora da entrega, nem fui informado se irei receber o produto",0.0,0,negativo
45372,Boa tarde só não foi melhor pq não foi entregue na minha casa pq tiver que sair e acabou chegando quando não estava em casa mais peguei no correio mais fez correto no prazo,1.0,0,negativo
103,"estao de parabens... sempre chega com muiiita antecedencia..  Muito obrigada....",1.0,1,positivo
55709,"Não acredito q comprei um presente de Natal em novembro e aminha esposa vai ficar sem o presente de natal por incompetência da logística de vocês   Depois q passaram a vender assim por parceiros",0.0,0,negativo
67993,Excelente,1.0,1,positivo
85953,Atraso,0.0,0,negativo
82306,Com certeza comprarei outros produtos.,1.0,1,positivo
95172,Recebi o produto antes do prazo da entrega foi super rápido estou muito satisfeito,1.0,1,positivo
36047,"Adorei minha cortina, um material bem bom, veio em perfeito estado. Cor e modelo corretíssimo.Recomendo.",1.0,1,positivo
71051,Pedi duas unidades do produto e recebi somente uma. Alem disso recebi outro produto que nao comprei. Tento mandar mensagem e ninguem responde,0.0,0,negativo
60843,produto entregue antes do prazo previsto deixando muito satisfeito.,1.0,1,positivo
3116,Estou muito satisfeita com a compra do meu produto e com a eficácia do baratheon!,1.0,0,negativo
90846,"produto foi parcialmente entregue, até o momento não tive nenhuma satisfação do fornecedor.",0.0,0,negativo
16449,Muito boa a loja,1.0,1,positivo
45266,Não é possível avaliar o produto pois o produto foi roubado nos correios e até o presente momento eu não recebi a reposição.,0.0,0,negativo
98829,"Tudo certo, entrega antes do prazo, obrigado.",1.0,1,positivo
92009,"Fiz um pedido de dois produtos iguais ,mas quando abri a caixa veio apenas um produto ,estou decepcionada.  não recomendo .",0.0,0,negativo
55881,muito bom gostei muito,1.0,1,positivo
63174,Excelente,1.0,1,positivo
50022,Comprei dois produtos e já estão com atraso.,0.0,0,negativo
36740,"Estou esperando o produto, era pra chegar dia 8. Nos meus pedidos pela lannister da como o produto está em falta. E recebi um e-mail dizendo que o produto foi entregue. Espero que resolvam logo .",0.0,0,negativo
14248,Produto bonito. Achei um pouco pequeno para a cama.,1.0,0,negativo
56148,tudo normal,1.0,1,positivo
71356,"Muito fácil de comprar, preço ótimo, nota 10",1.0,1,positivo
32304,Minha opinião é a mais triste de todas falta compromisso com cliente stark que também não fez nada. Perdeu minha familia como cliente geral.,0.0,0,negativo
47652,"Produto de boa qualidade. Poderia ser um pouquinho mais alta a parte lateral, no geral é bom.",1.0,1,positivo
22016,Recomendo!!,1.0,1,positivo
17552,"Comprei 3 produtoa e so recebi 2 , gostaria de saber o que falta porque nao recebi???",0.0,0,negativo
35369,Achei que a largura e a qualidade fosse superior,1.0,1,positivo
95414,"O fabricante utiliza a plataforma na internet da lojas lannister para vender seu produto. Resultado: facil de encontrar o produto, preço muito bom e entrega rápida. Parabéns!",1.0,1,positivo
68728,"Ainda não usei o produto, mas gostei do que vi, muito bom!!!",1.0,1,positivo
95911,acuso positivamente o recebimento do produto.,1.0,1,positivo
87544,Chegou no prazo. Excelente produto.,1.0,1,positivo
49554,Tudo muito bom! Adorei.,1.0,1,positivo
83308,"Produto de péssima qualidade,cai todo os fiapo do pincel em ti.Não recomendo.",0.0,0,negativo
65119,O pedido chegou porém veio faltando um item.,0.0,0,negativo
6923,"Chegou um pouco amassada, mas nada de mais, e chegou antes do prazo.",1.0,1,positivo
52336,Recomendo entrega rápido produto de qualidade!,1.0,1,positivo
55085,"O produto foi entregue, mas a cor é diferente, é manchado! Parece que jogaram água sanitária. Não é harmônica a cor.",0.0,0,negativo
34928,como de sempre as lojas lannister e perfeita no que promete parabens,1.0,1,positivo
22182,"Entrega antes do prazo, produto de primeira excelente...cores perfeitas iguais comprei.. enfim me tornei cliente. Comprarei mais vezes. Obs. O frete poderia ser grátis..fica a dica",1.0,1,positivo
8243,"Sempre que precisei da loja, fui atendido prontamente.",1.0,1,positivo
35824,O produto não foi entregue e não obtive nenhum retorno sobre o assunto.,0.0,0,negativo
93666,Nao tenho de que reclamar sempre que compro recebo sempre no praso os produtos maravilhoso so agradecer,1.0,1,positivo
79539,Material bom perfeita!,1.0,1,positivo
94079,"Faltou o item 1, ou seja, não recebi as 2 saias. Quero a outra.",0.0,0,negativo
86098,Produto Falsificado sem selo,0.0,0,negativo
4195,"Gostei muito, bem embalado e seguro. Entrega rápida . Adorei",1.0,1,positivo
53762,"ESTOU SUPER SATISFEITA COM ESSE SITE ,AS MERCADORIAS CHEGAM EM PERFEITAS CONDICOES E PRAZO DESEJÁ VEL !!!!",1.0,1,positivo
50038,"Olá, infelizmente o produto não veio conforme o anúncio. Se tratava de um capacho, mas o que chegou é praticamente uma borracha, não tem utilidade de um tapete.   Gostaria de realizar a devolução",0.0,0,negativo
86545,Comprei duas e são iguais as originais! Show!,1.0,1,positivo
37632,muito bom,1.0,1,positivo
92290,Recebi bem rápido o produto.,1.0,1,positivo
61379,"Material que foi feito a bolsa , e muito fraco e de péssima qualidade.",0.0,0,negativo
36691,Dei de presente...está td certo c o produto,1.0,0,negativo
96772,Eu comprei 2 lustres e so recebir 1 e consta como o meu produto foi entregue mais não foi,0.0,0,negativo
44461,"Compra sem problemas, produto OK entregue no prazo.",1.0,1,positivo
67781,"Primeira compra, graças a Deus deu tudo certo.",1.0,1,positivo
16899,Já se passaram quase um mês e nada preciso da ajuda de vcs,0.0,0,negativo
85449,"demorou um pouco pra chegar .. a embalagem é precária para o produto e ainda não o testei. no mais, correto",1.0,0,negativo
80753,Parabéns,1.0,1,positivo
89962,Excelente.gosto muito de comprar na lannister.sempre dentro do prazo..,1.0,1,positivo
1734,Produto bom e entrega rápida,1.0,1,positivo
98997,"Comprei dois puff, recebi apenas 1, escrevi email para a empresa e ninguém respondeu",0.0,0,negativo
34202,muito bom,1.0,1,positivo
60395,Na descrição dizia kit grupo shimano claris pois k7 veio san Reis e correte nem sei a marca cubos sabe Deus acho que é o mais vagabundo .,0.0,0,negativo
55669,nao cumpriram com prazo previsto,0.0,0,negativo
36827,"Como sempre a eficácia , da entrega não tem o que disseram . Então estão de parabéns ...",1.0,1,positivo
3247,"produto muito bom, com material resistente.",1.0,1,positivo
856,Compra perfeita.,1.0,1,positivo
26204,"RECEBI SOMENTE O KIT COLCHA, MAS A CORTINA NAO RECEBI.",0.0,0,negativo
81248,produto não funciona bem,0.0,0,negativo
62072,"Comprei e paguei pelo produto Lorenzetti Chuveiro Ducha Duo Shower 7500W 220V, e recebi o Ducha Lorenzetti Advanced Turbo Multitemperaturas 7500w 220v, que chega a custar quase metado do valor.",0.0,1,positivo
79479,Rapidez e eficiência,1.0,1,positivo
29721,"o produto chegou antes do prazo, isso não me causou surpresa pois já estou acostumado a comprar no shop time. recomendo a todos",1.0,1,positivo
33007,"Somente uma SURPRESA: o produto não é americano, mas, CHINÊS. Pela qualidade e semelhança não é FALSO. Porém também não é autentico. Vou usa-lo, espero que não parta o encaixe plástico prá não travar!",1.0,0,negativo
10585,"chegou super antes do dia previsto, otimo produto e facil instalação, so nao vem parafuso mas isso é o de menos produto muito bom mesmo.",1.0,1,positivo
72918,Estou extremamente insastifita até agora meu protudo não chegou e Nei mim manda fala nada a respeito disso não pensava que era asi,0.0,0,negativo
34492,só me causou estranheza que o vidro do perfume não veio lacrado com o plástico. com isso dá margem para desconfiar a originalidade do produto.,1.0,0,negativo
66907,t,1.0,0,negativo
91215,Avalio como uma excelente compra e indico o site para qualquer compra dos internautas. O produto chegou no prazo e sem avarias.,1.0,1,positivo
90561,"Amei, foi tudo dentro do que eu encomendei e no prazo.",1.0,1,positivo
59564,muinto bom o profuto,1.0,0,negativo
59177,Produto conforme descrito,1.0,1,positivo
75836,ótimo vendedor,1.0,1,positivo
44057,"A entrega foi bem antes que eu esperava, super recomendo o site",1.0,1,positivo
92383,gostei do kit eu recomendo,1.0,1,positivo
76194,Produto de ótima qualidade.,1.0,1,positivo
57713,"Preciso do produto paguei por ele, e ainda paguei frete, a obrigação de vcs é me entregar em minha residência, aff!! muito insatisfeita,",0.0,0,negativo
90433,"Receber um produto de excelente qualidade, com todas as funcionalidades que preciso,robusto, digo, parece muito durável, e com entrega rápida. Que mais eu poderia esperar de uma loja? lannister é DEZ",1.0,1,positivo
62746,Comprei uma colcha e veio um lençol com elástico - propaganda enganosa!,0.0,0,negativo
30631,"Produto correto , entrega antes do prazo previsto estou muito satisfeita",1.0,1,positivo
56960,"Só tem que comprar um pequeno adaptador, pois senão ela fica um pouco inclinada para baixo.",1.0,0,negativo
67018,"Produto entregue com sucesso, no prazo, excelente produto, a loja está de parabéns.",1.0,1,positivo
72514,Adorei o produto.. pra mim é muito útil...bem o q eu precisava. Obrigada,1.0,1,positivo
95707,"Comprei pq pensei que estava comprando com as Américas. Até agora aainda não tiraram a nota. Parcerias podem ajudar uma empresa a crescer . Mas pode tirar também seus clientes fiéis. Insatisfação",0.0,0,negativo
51527,"embora tenha comprado o produto durante a Black Friday para presentear uma criança da família, o presente não chegou a tempo do Natal. Fui obrigada a comprar às pressas um presente substituto",0.0,0,negativo
37346,Parabéns,1.0,1,positivo
14597,"Há muito tempo compro no baratheon e, até hoje, só tenho elagios.",1.0,0,negativo
84600,Bons produtos e entregues dentro do prazo.,1.0,1,positivo
80359,Dentro da expectativa,1.0,1,positivo
56132,"O produto chegou antes do prazo, bem embalado.",1.0,1,positivo
80340,Produto de acordo conforme combinado. Produto entregue no prazo e atendeu a minha necessidade.,1.0,1,positivo
41286,"Recomendo a compra, preço acessível, produto de boa qualidade e procedência!",1.0,1,positivo
46291,"muito boa, entrega rapido e sem complicações",1.0,1,positivo
92923,A entrega pra São Paulo aconteceu muito antes do prazo estimado.,1.0,1,positivo
8979,Satisfeita com atendimento e entrega. Não montei ainda pra ver a qualidade do produto.,1.0,1,positivo
87591,"fiquei satisfeito , pois, a entrega foi rápida .",1.0,1,positivo
7865,"Só que na descrição do produto, consta q vem com 3 baterias, mas veio só uma, o que aconteceu?",1.0,0,negativo
73387,"Até hoje não aparece nem o rastreio no site da loja, cadê meu produto?",0.0,0,negativo
56292,"Gostei sim do produto, fico agradecida pela entrega rápida, continuo aguardando outros pedidos",1.0,1,positivo
37644,Solicitei cancelamento e estou aguardando o retorno. Não entendi porque estão me enviando essa avaliação...,0.0,0,negativo
88129,Nota 10,1.0,1,positivo
68642,Ótimo e antecipado,1.0,1,positivo
43460,"Chegou antes do praso Satisfeita com a compra Obrigada,  Até a próxima",1.0,1,positivo
86074,"Estou em viagem. Portanto, fora do lugar do recebimento da mercadoria. Sei que foi entregue e que caixa do produto corresponde ao produto solicitado. Ainda preciso checar a qualidade.",1.0,0,negativo
38523,"Qualidade do produto e show, vale muito apenas comprar no Site!",1.0,1,positivo
80347,Parabéns pela eficiência chegou antes do prazo,1.0,1,positivo
62445,Loja confiável,1.0,1,positivo
98065,Recebi o produto antes do prazo. Muito obrigada pela eficiência no atendimento!!!,1.0,1,positivo
50261,"Perfume de um aroma muito agradável, ideal para os dias e noites quentes de verão.",1.0,1,positivo
12573,Produtos de qualidade entregues dentro do prazo.,1.0,1,positivo
39637,"As vezes acesso o site de uma determinada loja, seleciono o produto e vejo que não é vendido por aquela loja, desistindo da compra. Mas é por parceiros como este que não mais farei isso. Recomendo.",1.0,1,positivo
15543,Recomendo,1.0,1,positivo
25004,Não recebi o kit bercinho,0.0,0,negativo
42535,Produto conforme anunciado,1.0,1,positivo
29479,"Sempre compro no lannister.com, porém dessa vez tive uma experiência ruim, já passou o prazo de entrega e eu não recebi minhas poltronas além de ter pago um frete abusivo",0.0,0,negativo
6725,"Como da imagem, entrega super rápido, bem mais bonito do que imaginei, custo benefício ótimo.",1.0,1,positivo
11823,"Produto bom, chegou rápido. Recomendo!",1.0,1,positivo
36175,Lindo,1.0,1,positivo
59330,bom produto,1.0,1,positivo
17715,Produto chegou rápido e de acordo com a descrição. Já testei e funciona.,1.0,1,positivo
68523,Recebi antes do prazo e amei o produto.,1.0,1,positivo
43940,Entregue no prazo .,1.0,1,positivo
17865,"Chegou antes do prazo previsto, o produto é bonito.",1.0,1,positivo
4609,"Recebi os produtos, são iguais conforme a descrição, mas a cor dos pendentes veio errada...",1.0,0,negativo
91646,Não chegou o que comprei e nem me ligaram para dar nenhuma satisfação,0.0,0,negativo
8989,Meu produto que CANCELEI antes de gerar NFE ainda não chegou para eu recusar.,0.0,0,negativo
83179,A loja demora muito tempo para gerar a nota e enviar. E mais ainda para fazer o extorno. Efetuei o cancelamento o praduto ainda estava na loja. Poderia ter ficado lá mesmo e ja teria resolvido tudo.,0.0,0,negativo
11435,ndr,1.0,0,negativo
4647,"Entrega rápida , produto de qualidade!",1.0,1,positivo
71927,Recebi somente 1 unidade fiz a compra de duas. Cade a outra unidade,0.0,0,negativo
43367,Tudo ok!! Produto entregue no prazo!!,1.0,1,positivo
99474,Comprei para dar de presente e a pessoa gostou muito,1.0,1,positivo
84701,Recomendo a loja e o produto,1.0,1,positivo
27429,Produto foi entregue no prazo.,1.0,1,positivo
25981,"Produto dentro das expectativas, boa qualidade e bonito. Recomendo!",1.0,1,positivo
78718,Meus pendentes vieram amassados,1.0,0,negativo
5279,Ótimo 100% confiável,1.0,1,positivo
38182,"Foi super agil e seguro a compra, recomendo pois o produto é de qualidade.",1.0,1,positivo
81316,Gostei comprarei outras vezes,1.0,1,positivo
14699,Entrega no prazo e amei meu produto.,1.0,1,positivo
99119,Recomendo,1.0,1,positivo
20731,Comprei 3 unidades só me foi entregue 01 unidade.,0.0,0,negativo
11915,"Amo comprar nessa conceituada empresa...spr recebi antes do prazo estimado... Todos os produtos de excelente qualidade!! Super RECOMENDO!!👏👏👏👏👏👏👏👏👏💓💓💓💓💓💓💓💓💓💓💓",1.0,1,positivo
90572,Não gostei,0.0,0,negativo
17967,Nao recomendo comprei uma cortina é veio só as varetas de colocar as cortinas,0.0,0,negativo
44937,ENTREGUE EM TEMPO RECORDE. MUITO BOM. PARABÉNS.,1.0,1,positivo
22355,"se vc não tem o produto pra me entregar por que vcs não devolvem o meu dinheiro.. ...vcs querem que eu entre na justiça aguardo uma posição da lannister",0.0,0,negativo
10243,Superou minhas expectativas.,1.0,1,positivo
6835,material de boa qualidade. estou satisfeito.,1.0,1,positivo
94684,Fiz devolução e até agora não tive resposta.,1.0,0,negativo
84979,"O produto chegou antes da data prevista e super embalado. O Meu filho quando abriu a caixa ficou super encantado ...",1.0,1,positivo
21672,"A colcha é macia e bonita, porém, eu esperava que tivesse um tamanho um pouco maior. Mas o produto é sim muito bom.",1.0,1,positivo
47604,Entrega muito rápida.,1.0,1,positivo
57865,Ate agora nao recebi,0.0,0,negativo
86794,"Estou esperando me entregarem a outra parte da encomenda, visto que so recebi uma parte",0.0,0,negativo
94873,Amei a loja,1.0,1,positivo
39963,O produto não apresenta boa qualidade e veio faltando os parafusos para fixação do encosto. Ainda terei que buscar no.mercado o parafuso específico para poder usar a cadeira. Não recomendo.,0.0,0,negativo
64765,Tudo correto!,1.0,1,positivo
83080,"Produto perfeito, exatamente como o descrito.",1.0,1,positivo
45636,"realmente ainda não entregou num todo , porém o primeiro bem antes do combinado espero o segundo também seja da mesma forma aí sim será com excelência .",1.0,0,negativo
9012,bacana,1.0,1,positivo
7327,muito bom,1.0,1,positivo
95912,Entrega antes do prazo. muito bom.,1.0,1,positivo
9313,Entrega antes do prazo.,1.0,1,positivo
98309,"Produto bonito A loja entregou rápido  Recomendo",1.0,1,positivo
6812,Otima loja para compras on line,1.0,1,positivo
96001,já descrito,1.0,0,negativo
56125,A ultima atualização do meu pedido foi em 28/11. Ngm dá uma satisfação!,0.0,1,positivo
36209,Comprei uma cuba mas gostaria de trocar pois me iquivoquei com o tamanho,1.0,0,negativo
75202,"O produto chegou antes do prazo, chegou em perfeito estado parabens lannister continuem assim",1.0,1,positivo
68394,"É muito bom comprar nesta loja! (Só que os Correios não enviou aviso para que o objeto fosse retirado)",1.0,1,positivo
66454,"Produto chegou tudo ok, produto excelente",1.0,1,positivo
37994,"Cadastro rápido, excelente produto e prazo de entrega antes do esperado",1.0,1,positivo
56241,"Tudo tranquilo na compra, sem nenhum impasse.",1.0,1,positivo
37466,Chegou dentro do prazo e o produto igual ao site.,1.0,1,positivo
6345,Ainda não testei,1.0,0,negativo
76383,"muito bom, entrega muito rapida parabéns.",1.0,1,positivo
8638,"Gostei da luva, preço acessível e entrega rápida!",1.0,1,positivo
28554,boa,1.0,1,positivo
27462,"Chegou bem antes do prazo, portanto, super pontuais.",1.0,1,positivo
41846,"No anúncio informa ser uma toalha de veludo, mas na real tem textura de uma toalha de banho de baixa qualidade, porém ela atende para a jogatina do poker; poderia ser melhor para o preço que é cobrado",1.0,0,negativo
46439,Compro na lannister há alguns anos. Nunca tive problemas com ela. Estão de parabéns,1.0,1,positivo
33329,"muito bom, adorei.",1.0,1,positivo
77409,não recebi 1 cartucho e não tive retorno do vendedor e nem do baratheon. vou ter que cancelar a compra se não receber contato. mas a falta de respeito em não receber retorno me preocupa,0.0,0,negativo
16238,"Eu gostaria de trocar o produto pelo mesmo conjunto,ou vocês trocar os dois copos quebrados, pois dos seis copos, dois vieram em pedaços ( vermelho e azul). Fico esperando uma resposta.",1.0,0,negativo
53780,Amo a loja americana eles sabem fazer o cliente se sentir respeitado super recomendo,1.0,1,positivo
14335,"Entrega no prazo, super recomendo!",1.0,1,positivo
24540,"A cortina é perfeita, exatamente como eu queria. Tecido leve, recomendo. Sem contar que chegou em dois dias.",1.0,1,positivo
71053,Recebi a encomenda bem antes do prazo...super recomendo!!!!!,1.0,1,positivo
93567,"Quando Comprei o prazo era um e depois de comprar aumentou em uns 20 dias, recebi antes, porém o vendedor nunca atualizava as informações no site.",1.0,0,negativo
63215,Adquiri duas unidades do produto e apenas uma chegou. E nao tenho noticia da outra.,0.0,0,negativo
57628,"Não posso avaliar, não recebi o produto",0.0,0,negativo
90542,"Entrega rápida.produto ok Acabamento honesto pelo valor do produto.",1.0,1,positivo
99019,Estou no aguardo,0.0,0,negativo
15167,Recomendo a entrega chegou no prazo e o produto perfeito.,1.0,1,positivo
88576,Recomendo,1.0,1,positivo
69595,Não cumpriu o prazo de entrega!,0.0,0,negativo
21731,"sim eu recomendo, chegou no prazo.",1.0,1,positivo
16153,Antes do prazo dado inicialmente na compra on-line tipo era para chegar no dia 28 de Novembro e chegou no dia 20 de Novembro as 8:00 da manhã. Show de Bola,1.0,1,positivo
82787,Já estou comprando nas lojas online deste do ano passado e estou muito contente muito bem recomendado o meus pedidos sempre chegaram antes do prazo gosto 😍,1.0,1,positivo
67579,"Problema com os correios, não realizou minha entrega, a lannister não me deu posicionamento.",0.0,0,negativo
70269,Eficiencia e Comprometimento com o Consumidor.,1.0,1,positivo
27254,"Produto excelente e entrega rápida. Tudo de bom!",1.0,1,positivo
92029,"O produto não foi entregue. Comprei outros produtos junto com esse, os outros foram entregue ainda em dezembro e esse até o momento não foi entregue.",0.0,0,negativo
19788,Recebi td certinho antes do prazo!,1.0,1,positivo
1360,Entregou antes do prazo estipulado. ÓTIMO. Por isso que sempre compro no site.,1.0,1,positivo
85949,"Até o momento não recebi o produto, muito decepcionado, pois achei que tinha comprado a tempo de fazer uma viagem.",0.0,0,negativo
16357,"Boa qualidade,tdo mto bem feito embalado Delicado e fora q o preço super compensa Para a quantidade de coisas e material ..",1.0,1,positivo
66142,sempre compro no stark e nunca me arrependo. entrega no prazo e produtos maravilhosos.,1.0,1,positivo
44362,Ótimo!!!,1.0,1,positivo
16474,"EU COMPREI 2 PRODUTOS IGUAIS E RECEBI APENAS 1, MAS PAGUEI PELOS 2. ESTOU AGUARDANDO UMA RESPOSTA DA EMPRESA.",0.0,0,negativo
32638,Produto ótimo.,1.0,1,positivo
57178,"Recomendo sim, além de chegar antes do prazo estabelecido,o produto foi como eu esperava.",1.0,1,positivo
54301,muito bom,1.0,1,positivo
48132,"Produto entregue errado, comprei um produto recebi outro totalmente diferente.",0.0,0,negativo
13334,Material otimo e bom custo beneficio e chegou antes do prazo,1.0,1,positivo
15982,Produto bom e entrega dentro do prazo.,1.0,1,positivo
33067,"No site diz que recebi Lipo 6 Black Ultra Concentrado Versão Nacional 60 caps, mas ainda não recebi.",0.0,0,negativo
69861,"Chegou antes do prazo, excelente o produto muito bonito!!",1.0,1,positivo
4,Parabéns lojas lannister adorei comprar pela Internet seguro e prático Parabéns a todos feliz Páscoa,1.0,1,positivo
68700,"Bom dia,  Estou bem decepcionada com a empresa targaryen, fiz a compra de um produto e recebi outro,(mesma marca, mas outro modelo)  Entrei em contato com a empresa e até o momento não fui atendida!",0.0,0,negativo
51096,o produto não foi entregue!,0.0,0,negativo
58202,mais de 1 mês desde a compra e nada do produto. Não consigo contato com a lannister nem com a loja que vendeu. Péssimo atendimento!,0.0,0,negativo
19355,"Entrega rápida, produto igual ao anunciado.",1.0,1,positivo
10428,"Só foi feita uma tentativa de entrega, tive que retirar no correio e em um prazo também bem apertado",1.0,0,negativo
45566,Produto não chegou ainda,0.0,0,negativo
23875,Pedi o cancelamento do produto logo após a compra e mesmo assim ele foi enviado e nem chegou para mim. Não quero o produto.,0.0,0,negativo
20246,"Comprei 3 unidades.. Somente foi entregue 1",0.0,0,negativo
14851,entrega rápida. ótimo,1.0,1,positivo
8588,Tudo foi entregue em perfeito estado !Antes do prazo de entrega !,1.0,1,positivo
95342,Tudo ok,1.0,1,positivo
58934,Tudo muito certo. Prazo tudo muito correto adorei,1.0,1,positivo
60059,Gostei muito é chegou o que eu esperava,1.0,1,positivo
98958,"Boa noite! Gostaria de saber se tem como eu cancelar esse pedido, não posso mais esperar. Obrigado",0.0,1,positivo
99200,Comprei um produto na esperança de chegar na data ou antes para um presente e não chegou só tempo e dinheiro.,0.0,0,negativo
25230,"Adorei, a qualidade é excelente",1.0,1,positivo
3727,Não gostei e não recomendo. O som é baixo e logo de início já não funcionou um dos lados do fone. Horrível,0.0,0,negativo
93239,"Comprei um Mosqueteiro para cama king para NÃO entrar pernilongo . O véu véu parecendo podre e com vários furtos . Para fazer a devolução que EU TENHO DIREITO vai me custar mais caro do que o produto",0.0,0,negativo
54241,"Entrega rápida, produto de boa qualidade gostei recomendo",1.0,1,positivo
67111,Depois que recebi um envelope com um panfleto e o meu produto nao esta dentro envelope vazio. E lamentavel uma loja fazer isso quantas pessoas deve ter levado prejuizo. Alguem tem que manifestar.,0.0,0,negativo
90766,Não atende o prazo de entrega,0.0,0,negativo
67191,Parabéns! a entrega foi rápida. Continua sempre assim lannister.,1.0,1,positivo
51491,produto chegou dentro do prazo e veio como descrito no site. E por enquanto está funcionando conforme o esperado,1.0,1,positivo
81816,Boa,1.0,1,positivo
96930,"Ja passou o prazo de entrega  E o produto ainda nao chegou  O que aconteceu?????",0.0,0,negativo
59734,As peneiras vieram quebradas. Estou tentando contato com vcs e não consigo. Como faço a troca?,0.0,0,negativo
82985,Nota não tenho pra da quero meu produto,0.0,0,negativo
1973,Tudo conforme combinado.,1.0,1,positivo
47022,"Fantástico adorei o produto além das expectativas, nata dez em todo o processo desde a compra até à entrega do produto recomendo sim.  Obrigado pela eficiência isso faz confiar e comprar mais pelo si",1.0,1,positivo
47928,Aparência é de boa qualidade só esperava que fosse um pouco maior!,1.0,0,negativo
799,ENTREGA MUITO RAPIDA,1.0,1,positivo
17468,"O sino foi entregue antes do prazo. ultrapassou minhas expectativas!! Site de confiança, o sino é muito bom,grande ta p tocar com muita facilidade.Minha filha amou ..Agradeço",1.0,1,positivo
91792,Bom Dia até o momento o jogo de lençol casal nao chegou na minha residencia. No site está como produto entregue mas ate o momento nada. Todos os produtos que comprei pela baratheon já chegaram,0.0,0,negativo
77493,entregue no prazo,1.0,1,positivo
94326,Produto chegou bem antes do prazo,1.0,1,positivo
33850,Ótimo,1.0,1,positivo
9611,Rápida e de qualidade...,1.0,1,positivo
12031,Ótimo,1.0,1,positivo
38249,Produto atendeu a todas expectativas,1.0,1,positivo
85128,"Comprei 3 pendetentes de luminária, os produtos vieram pelos Correios mas apenas 2 um em cada caixa, mas a nota fiscal consta 3 produtos. Solicito o outro ou vou devolver.",0.0,0,negativo
10111,ótimo,1.0,1,positivo
30181,"Tudo OK! lannister, o parceiro das lannister, o produto e a entrega. Somente sugeriria que colocassem um plástico bolha entre as prateleiras desmontadas, já que a minha veio com um pequeno amassado",1.0,1,positivo
40807,Problemas com os Correios,1.0,0,negativo
46274,nao posso avaliar pois ainda nao recebi.26/12/2017,0.0,0,negativo
71021,entregue dentro do prazo super recomendo,1.0,1,positivo
82379,produto excelente,1.0,1,positivo
23047,muito bom e chegou antes do prazo,1.0,1,positivo
59887,"Entrega muita rápida, e o patins é bom e muito bonito. Único problema foi os parafusos muito apertados.",1.0,1,positivo
90472,"Tapete macio, peludo, qualidade excelente cor igual a da foto, superou minhas expectativas!",1.0,1,positivo
36769,Produto com bom material,1.0,1,positivo
18660,Entrega o que promete,1.0,1,positivo
17916,tudo de bom obrigado,1.0,1,positivo
1765,"SUPER RECOMENDO O PRODUTO E A LOJA. VEIJO CERTINHO E ANTES DO PRAZO PREVISTO",1.0,1,positivo
1378,Ótimo produto,1.0,1,positivo
60305,LIVRO FICA 2X MAIS DO VALOR VENDIDO PELO AUTOR EM SUA PAGINA,0.0,1,positivo
42710,tudo tranquilo dentro das normas de campra.,1.0,0,negativo
67044,"Site maravilhoso, recomendo tratamento digno de VIP. Parabéns.",1.0,1,positivo
62969,Produto entregue antes do prazo.,1.0,1,positivo
36639,Eu cancelei o pedido pela demora da entrega não sei se é do vendedor ou os Correios. Quero saber como vai ser devolvido esse valor.,0.0,0,negativo
32135,"Adoro comprar aqui. Tenho o que necessito, em prazo mínimo. É de se ressaltar o zelo dos funcionários na embalagem dos produtos , e no trato com os clientes. Nota Mil !",1.0,1,positivo
94377,Gostei. Foi entregue na data estipulada.,1.0,1,positivo
60808,"O produto chegou no prazo, em perfeitas condições de uso e é de excelente qualidade.",1.0,1,positivo
83849,Muito bom...recomendo,1.0,1,positivo
72838,Esperando solução!,0.0,0,negativo
93533,Ainda espero o produto...,0.0,0,negativo
13785,Sh,1.0,0,negativo
87920,recebi antes da data prevista e produto de qualidade,1.0,1,positivo
41636,O pedido foi entregue dentro do prazo estipulado.,1.0,1,positivo
95636,Correto com o que eu esperava,1.0,1,positivo
63351,Boa compra,1.0,1,positivo
91505,O prazo da entrega nao foi comprido.,0.0,0,negativo
32793,"Além da entrega ser demorado, o frete é caro",0.0,0,negativo
5039,"Tudo perfeito amei o produto exatamente o que eu precisava. A loja também várias vezes que compro sempre no prazo certo e produtos bem embalados e excelente preço.",1.0,1,positivo
40144,"Tudo certo Só não gostei porque não trabalha com duas bandas.Na descrição do produto não explica direitinho.Não tem como saber",1.0,0,negativo
47405,Nao gostei de compra essa loja,0.0,0,negativo
14488,"Muito bacana, a cor muito linda ficou ótimo no meu banheiro! Assento macio combinado com uma linda cor!",1.0,1,positivo
58788,produto bom e entrega rápida !!!!!!!!!!!!,1.0,1,positivo
77055,Produto e loja excelente,1.0,1,positivo
58294,excelente,1.0,0,negativo
81299,"Já uso está marca de travesseiro há uns 20 anos, adoro. Altura ideal, macio e confortável",1.0,1,positivo
45545,"Produto de primeira! Muito bem feito, item de colecionador!",1.0,1,positivo
22559,Demora para resolver meu problema pois meu pedido foi roubado dos correios e ainda hoje espero alguma solução mais se parece que resolver com o cliente vai ser uma das últimas prioridade...estou agua,0.0,0,negativo
76216,"Era para o produto chegar ate 04/05 e chegou bem antes, dia 18/04 ...ficamos felizes e bem satisfeitos. Obrigada lannister!!",1.0,1,positivo
32558,Super fácil de colar e fica super lindo!,1.0,1,positivo
5263,Nem o targaryen e nem o intermediário stark me responderam ou deram qualquer satisfação pelo produto que paguei a vista. Prazo de entrega: 15/03. Produto foi pago quase 1 mês atrás,0.0,0,negativo
66960,"produto entregue , errado , comprei um relogio e me entregaram outro, estou insatisfeito, ate o momento",0.0,0,negativo
9455,Recebi o Kit e veio faltando o condicionador ! Estou muito triste e aguardo uma solução!,0.0,0,negativo
33708,ainda nao recebi o produto,0.0,0,negativo
86656,Ótimo chegou até bem antes do prazo,1.0,1,positivo
97409,"Muito Satisfeita Entrega No Prazo Estimado E Capa Transparente e Película de Vidro Para Meu Bebê, Meu Smartphone Asus Zenfone 4 Selfie Tudo Certinho, Tamanho Ok E Muito Bonito Os Dois Produtos. Valeu!",1.0,1,positivo
57636,Foi tudo muito rápido e produto é exatamente o que eu pedi.,1.0,1,positivo
74777,"produto entregue diferente do que foi comprado,não recomendo o vendedor.",0.0,0,negativo
2039,O cheiro muito bom,1.0,1,positivo
53233,Chegou antes do prazo estipulado. Produto muito bom.,1.0,1,positivo
51816,muito bom parabem,1.0,1,positivo
35814,"Tapete Lindo , grande , de boa qualidade e super felpudo. Recomendo.",1.0,1,positivo
65652,Pantufa simples e muito confortável. Entrega rápida e eficiente.,1.0,1,positivo
83572,"obrigado,eu recomendo targaryen",1.0,0,negativo
30014,"Muito bom recomendo é Econômica boa de usar na pia, minha esposa gostou da torneira.",1.0,1,positivo
75742,Produto recebido corretamente e dentro do prazo.,1.0,1,positivo
10199,"O produto não funciona, demora demais par o envio e depois para resolver a devolução",0.0,0,negativo
63172,Já foi bom comprar lannister. Agora tô repessando,0.0,0,negativo
65549,"Produto de qualidade, adequado ao uso. Foi postado rapidamente. Recomendo o produto e a loja.",1.0,1,positivo
76963,Parabéns. Produto entregue no prazo,1.0,1,positivo
26886,Frustrante não receber o Produto no Prazo. .,0.0,0,negativo
73714,sempre boa compra,1.0,1,positivo
27634,"O produto é bom e chegou em menos de uma semana, porem achei que era um aparelho de depilar e ele apenas apara o pelo, bem rente a pele, mas o pelo continua lá.",1.0,0,negativo
64663,"Totalmente responsáveis, produto entregue, informação dada ao cliente, preocupação com o cliente. Recomendo.",1.0,1,positivo
49019,"Foram pedidos 2(dois) suportes para duas TVs e somente veio 1(um). Aguardo o segundo suporte.",0.0,0,negativo
40482,"O site é de confiança, assim como, a pontualidade na entrega do produto.",1.0,1,positivo
79376,"Quero saber o que fazer, pois meu produto nao foi entregue .",0.0,0,negativo
12296,Veio metade,0.0,0,negativo
49985,Estão de parabéns ótimo produto chegou antes do prazo,1.0,1,positivo
35747,ótimo,1.0,1,positivo
21388,"o produto é bom , só não gostei da entrega pois no dia que consta tentativa de entrega eu estava trabalhando em casa, aliás a semana inteira. Não tiveram no endereço para entregar foi para os correio",1.0,0,negativo
13359,Muito satisfeito,1.0,1,positivo
11424,Otimo produto,1.0,1,positivo
74464,"Não entregaram, não deram satisfação e já compensou no meu cartão.",0.0,0,negativo
59495,Estou aguardando meu produto,0.0,0,negativo
57081,Chegou mais rápido do que o previsto...,1.0,1,positivo
58422,"Adorei meu produto,foi entregue a tempo e tudo direitinho",1.0,1,positivo
94943,.,1.0,0,negativo
4964,amei a mochila da minha filha.,1.0,1,positivo
2256,Uma loja super perfeita que compre com seus o que fala pra seu cliente chega a te mesmo ante do prazo,1.0,1,positivo
21914,Bom produto.,1.0,1,positivo
36003,Recebi o porta controles com o mdf danificado,0.0,0,negativo
24288,Produto de Qualidade.,1.0,1,positivo
14856,Compre duas unidades de um produto é só chegou uma.,0.0,0,negativo
97097,Compra foi uma bosta cade meu dinheiro,0.0,0,negativo
91491,Não chegou o produto que comprei. Estou insatisfeita com a loja.,0.0,0,negativo
9736,Gostei da qualidade da carteira porém achei pequena. targaryen é confiável.,1.0,1,positivo
49207,O produto chegou dentro do prazo e especificações previstos.,1.0,1,positivo
7713,Uma lanterna bem diferente para uso geral.,1.0,0,negativo
13087,"recebi mas ainda não instalei. Veio conforme imaginei . lindo, espero que funcione perfeitamente.",1.0,1,positivo
10709,Chegou antes do combinado bem embalada em perfeitas condições já conheço a Américas confio de mas . E super recomendo o site da Cuba. Amei,1.0,1,positivo
46824,"Recebi o produto antes do prazo. Tudo perfeito!",1.0,1,positivo
55170,Tudo certo,1.0,1,positivo
63084,Só veio ameaçado um pouco em cima mais não vou trocar não,1.0,0,negativo
43280,"A compra foi tranquila, como sempre!",1.0,1,positivo
33270,Chegou bam antes do prometido.,1.0,0,negativo
51542,"Entrega bem antes do prazo, produto bem embalado e bem melhor do que eu esperava. Recomendo.",1.0,1,positivo
15418,Produto em fase de teste.,1.0,0,negativo
38366,Muito satisfeito com os produtos e entrega.,1.0,1,positivo
35456,"Até a presente data não recebi meu Pedido: 03-500100047 de 04/07/2018, numca aconteceu antes, todos pedidos realizados pelo stark sempre foram entregues, este ainda não recebi.  Luimar A Morandin",0.0,0,negativo
67784,Produto intacto! Entregue no prazo!,1.0,1,positivo
27852,Hortinha organica a caminho. Vai ser do caralho! Plantem td em casa. youtube.com/derreteu,1.0,0,negativo
17894,Comprei 04 unidades de Omega 3 1200mg e mim mandaro 03 unidades de Amora Miura 500mg!!!!!!!!,0.0,1,positivo
68922,Entrega rápida e produto maravilhoso! !,1.0,1,positivo
37946,Recebi o produto no prazo e dentro das expectativas.,1.0,1,positivo
62246,Muito bom,1.0,1,positivo
62536,O produto chegou bem antes do prazo e conforme o anúncio.,1.0,1,positivo
32712,Otimo!,1.0,1,positivo
52261,bom recomendo 👍👍,1.0,1,positivo
14731,Chegou no prazo e conforme anunciado!,1.0,1,positivo
23510,PRODUTO NÃO RECEBIDO,0.0,0,negativo
7815,"O produto enviado não condiz com o visto nas fotos da propaganda. É de péssima qualidade, não atende as expectativas e não serve para o fim que foi adquirido, além do atraso na entrega.Quero devolver",0.0,0,negativo
44903,Estou muito de saco cheio minhas cortinas não foram entregues até agora ..dia 22/05/2017 recebi um comunicado que minha área de entrega era área de risco ..mas isso pq eu fui atrás para saber .,0.0,0,negativo
74907,"Muito boa a cortina, superou minhas expectativas. Deixou o quarto bem escuro.",1.0,1,positivo
39437,"Atendeu às expectativas. Belo jogo de xadrez, com excelente acabamento nas peças e tabuleiro. Tamanho nem grande, nem pequeno, ideal para transportar.",1.0,1,positivo
10519,Muito bom,1.0,1,positivo
20058,Recebi o produto errado comprei um modelo e veio outro,0.0,0,negativo
60984,Produto entregue antes do prazo excelente,1.0,1,positivo
12195,"Fazem entrega em horário comercial. Nesse período, estamos trabalhando para pagar o que encomendamos",0.0,1,positivo
30036,"Pedi dois kits proteção para J5 prime e só chegou um, porém no site diz que já foi entregue. espero resolução!",0.0,0,negativo
37296,Agradeço a atenção foi TD perfeito,1.0,1,positivo
74872,"Chegou certo, produto muito bem feito. Adorei",1.0,1,positivo
63233,"Recebi o produto perfeitamente e até antes do prazo esperado, eu recomendo.",1.0,1,positivo
32496,Estou satisfeito com o produto bem como o atendimento e a entrega tudo certo.,1.0,1,positivo
97423,Entrega rápida,1.0,1,positivo
49125,"Tá de parabéns essa loja. Entrega rápida e produto de qualidade.",1.0,1,positivo
4058,Excelente,1.0,1,positivo
74775,Muito bom eu recomendo,1.0,1,positivo
29552,Bom,1.0,1,positivo
80031,Amei o produto,1.0,1,positivo
37675,"Aguardo solução protocolo sobre valor de compra divergente da Empresa stark. Valor da compra cobrado a vista de R$352,95 e na fatura cobrado a mais em R$381,25",1.0,0,negativo
97096,Produto muito bom e a loja também. Entrega até antes do prazo previsto e os produtos são de ótima qualidade.,1.0,1,positivo
7049,Os produtos chegaram antes do prazo! Amei!,1.0,1,positivo
65064,"Comprei 2 travesseiros e recebi apenas 1. Estou aguardando receber o outro. Favor verificar o que aconteceu",0.0,0,negativo
66098,Entrega bem rápida!!,1.0,1,positivo
2476,"Recebi em tempo recorde, previsão de entrega era 21/12 e chegou no dia 07/12.",1.0,1,positivo
5651,"Recebi dentro do prazo estabelecido, produtos entregues em perfeito estado",1.0,1,positivo
41373,A entrega foi mais rápida que o previsto.,1.0,1,positivo
52332,Entregaram somente 1 das quatro cadeiras depois do prazo estabelecido,0.0,0,negativo
49075,Excelente.,1.0,1,positivo
38692,"O produto chegou correto, no prazo. porém não chegou no meu endereço. tive que retirar no correio. Eu comprei pela internet justamente pela praticidade de receber em casa e não ter que sair.",1.0,0,negativo
33259,Produto não informado como paralelo/réplica,0.0,0,negativo
12295,Muito bom,1.0,1,positivo
46784,"Chegou antes do prazo, produto muito bom!!",1.0,1,positivo
67657,Produto se encontra com vários dias de atraso já tentei entrar varias vezes em contato com a loja e não consigo. Gostaria de saber o que aconteceu com minha compra?uma posição de vocês fico no aguardo,0.0,0,negativo
49471,COPRA VEIO ERRADA E NÃO CONSIGO RECLAMAR COM A baratheon PELO TELEFONE ESTA SEMPRE OCUPADO .,0.0,0,negativo
37855,"simplesmente o produto não chegou, vou cancelar a compra",0.0,0,negativo
44008,Enviei 3 e-mails sobre esta reclamação e vcs não me responderam... Então façam a gentileza de devolver meu dinheiro! Meu e-mail tmbbsb@hotmail.com,0.0,0,negativo
34487,"Excelente, chegou antes do prazo.",1.0,1,positivo
15284,Chegou bem embalado e no prazo. Recomendo o produto é o vendedor.,1.0,1,positivo
10672,Os meninos adoraram! O único porém são as ventosas que devem ser diariamente verificadas para não se soltarem. Mas há outras duas opções de encaixe: fita dupla face e parafusos.,1.0,1,positivo
85489,MINHA COMPRA NAO CHEGOU!!,0.0,0,negativo
95370,"Excelente preços, informações precisa e produto entregue de forma correta. Prazo de entrega poderia ser melhor.",1.0,1,positivo
4233,chegou bem antes do esperado,1.0,1,positivo
58543,produto de qualidade muito bom,1.0,1,positivo
96260,Produto chegou muito rápido.adorei,1.0,1,positivo
94520,Produto de ótima qualidade e elegância,1.0,1,positivo
62530,"Multo bom, produto conforme especificado",1.0,1,positivo
44927,Ótima loja. Entrega rápida. Estou satisfeita,1.0,1,positivo
94466,"chegou no prazo, bem embalado e do jeito que eu esperava. recomendo!",1.0,1,positivo
71252,"Produto de excelente qualidade, tecido macio e confortável. Recomendo",1.0,1,positivo
18646,Muy buena,1.0,1,positivo
61016,"Não sei o que ouve o produto não chegou, foi extraviado nunca tinha comprado, mais por conta disso não comparei mais.",0.0,0,negativo
40726,nunca tive problema algum com as lannister,1.0,1,positivo
71405,chegou bem antes do prazo.,1.0,1,positivo
38046,"Comprei e não recebi a encomenda. E o pior não estou sendo informada do porquê de não ter recebido o  produto ainda. Péssimo atendimento. Não comprarei jamais.",0.0,0,negativo
85730,"Chegou antes do prazo, bem embalado, produto excelente.",1.0,1,positivo
70811,Entregue antes da data. A máscara banho de verniz é ótima. Ótimo custo benefício.,1.0,1,positivo
10995,"Adorei, chegou antes do prazo",1.0,1,positivo
85217,Comprei duas balanças e so entregaram uma!!,0.0,0,negativo
76144,So chegou um potecde creme faltou um pote,0.0,0,negativo
80489,Produto chegou antes do previsto.,1.0,1,positivo
81261,"Produto de ótima qualidade, chegou antes do prazo previsto",1.0,1,positivo
18668,Ainda não testei,1.0,0,negativo
88706,Fiquei um pouco receoso por ser entrega pelos correios. mais deu tudo certo. entrega antes do prazo estipulado.,1.0,1,positivo
47956,Produto chegou super rápido!!! Tudo certo com a mercadoria.,1.0,1,positivo
22426,O produto que veio não é original HP. Fui enganada,0.0,0,negativo
66948,Recebi o produto antes do prazo td ok. Recomendo a todos.,1.0,1,positivo
64977,Ainda estamos aguardando a chegada do produto,0.0,0,negativo
21312,Meu primo adorou o troninho.,1.0,1,positivo
78690,"O produto é bom, atendeu às minhas expectativas, contudo o prazo de entrega deixa a desejar. Foram cerca de 25 dias após a compra. Dentro do prazo de 38 dias, achei demais a espera.",1.0,0,negativo
77747,amei,1.0,1,positivo
20713,gostei muito do produto ao ver pessoalmente.,1.0,1,positivo
34684,"Amei. O tecido é ótimo e ela é bem firme. Tive que dar um no nas tiras por causa dos meus ganchos, mas não tive problemas. Recomendo a compra.",1.0,1,positivo
96227,"Ótimo, excelente, recomendo a todos",1.0,1,positivo
25003,Excelente preço. Atendimento no prazo.,1.0,1,positivo
16173,O produto ótimo e a entrega antes da data prevista.,1.0,1,positivo
99005,MUITO BOM...,1.0,1,positivo
99944,"Boa tarde.  Não recebo todos os produtos falta o bebe conforto e a base dele.  Aguardo posicionamento  Grato",0.0,0,negativo
66072,Adorei recomendo chegou antes do esperado fiquei muito feliz e vou comprar pra revender super indico parabéns e muito obrigada,1.0,1,positivo
11870,Muito bom trabalho.,1.0,1,positivo
75424,"Entrega do produto diferente do solicitado Aguardo orientação para a troca",0.0,0,negativo
35242,"Comprei uma película de vidro temperado, porém a película veio errado. Estou aguardando a resposta da lannister. Assim que resolver meu problema eu avalio a empresa.",0.0,0,negativo
73144,Todos os produto me foram enviados corretamente. Eu recomendo As lannister pela celeridade embalagem e excelente atendimento. Sucesso os negócios e vendas. Soila Leão,1.0,1,positivo
40521,ÓTIMO ATENDIMENTO.,1.0,1,positivo
36672,"Comprei 2 antenas e chegou apenas 1, embora na nota fiscal constem duas. Espero uma solução o quanto antes",0.0,0,negativo
75149,"Otimo Produto, conforme o esperado.",1.0,1,positivo
93781,"ÓTIMOS PRODUTOS COM ÓTIMOS PREÇOS, COM O PRAZO DE ENTREGA EXCELENTE!",1.0,1,positivo
20002,Produto muito bom,1.0,1,positivo
78950,O produto é mais bonito ainda ótima qualidade estou muito satisfeita com a minha compra.,1.0,1,positivo
6031,Recomendo mas precisa melhorar o rastreamento dos produtos,1.0,1,positivo
17249,"O produto não chegou e agora esta dizendo no rastreio que estão aguardando estoque, mas quando comprei dizia que tinha em estoque.",0.0,0,negativo
78847,O produto não foi entregue ainda,0.0,0,negativo
96500,Produto de excelente qualidade muito bom,1.0,1,positivo
79895,"Ótimo, recebi antes do prazo de entrega, super recomendo a loja.",1.0,1,positivo
33318,"Comprei o produto fiz o pagamento na semana que estava pra chegar recebi um e-mail que meu produto não seria entregue, pois não tinha em estoque. Quero o reembolso.",0.0,0,negativo
69280,Preciso trocar o produto pelo kit menor 30X30 como na primeira compra.q foi extornado por falta de comunicação do correio. Vou providenciasr devolução.,0.0,0,negativo
94083,Tecido de qualidade e envio antes do prazo,1.0,1,positivo
61676,Recomendo ótimo!!,1.0,1,positivo
44761,Preciso resolver meu problema,0.0,0,negativo
34444,Produto de boa qualidade,1.0,1,positivo
14310,"Produto muito bom, transportadora sem palavras. Entregaram muito rápido",1.0,1,positivo
56711,"Apenas achei a cor muito diferente do anúncio, mas sem problemas! Produto de boa qualidade",1.0,1,positivo
94238,Produto de acordo com o prometido.,1.0,1,positivo
54076,Produto ok. Loja muito rápida.,1.0,1,positivo
46236,"Chegou muito antes do prazo, excelente atendimento, super recomendo.",1.0,1,positivo
65387,Produto entregue no prazo correto.,1.0,1,positivo
40467,Comprei dia 8/3/18 e a entrega era até o dia 16/4/18. Até o momento (19/4) não chegou.,0.0,0,negativo
41036,"Demora na entrega, o produto veio arranhado em algumas partes e a película mesmo propria para o celular, e menhor do que a tela.",0.0,0,negativo
64009,Veio exatamente como o imaginado... Muito linda !!,1.0,1,positivo
16704,"Tudo veio do jeito descrito, produto de ótima qualidade, recomendo vendedor.",1.0,1,positivo
98894,Conforme foto. Chegou bem antes do previsto. Recomendo,1.0,1,positivo
3218,"Super bom o colchão.  Superou as expectativas.  Entrega super rápida.",1.0,1,positivo
52698,Entregue dentro do esperado e produto excelente,1.0,1,positivo
7106,"Recebi o produto no prazo, mas solicitei devolução. Estou aguardando instruções pra devolução",1.0,0,negativo
44724,Entrega antes do previsto. Produto atende a expectativa.,1.0,1,positivo
55007,"Recebi um produto que não veio conforme eu pedi, recebi outro",1.0,0,negativo
23555,"Perfeita para o uso diário! Bom acabamento, comprei para meu esposo e ele gostou muito!",1.0,1,positivo
7042,Mochila bonita de boa qualidade,1.0,1,positivo
45207,Produto entregue como esperado.,1.0,1,positivo
17771,Deveria ser mais barato!,1.0,0,negativo
11538,o produto foi entregue antes do prazo estabelecido .,1.0,1,positivo
55277,Produto ainda nao foi entregue. Ainda continuo no aguardo.,0.0,0,negativo
17356,Recebi o produto antes do prazo,1.0,1,positivo
28519,"A bolsa e boa. Só o trocador que é muito pequeno. Recebi antes do prazo de entrega.",1.0,1,positivo
61464,"Cadê o produto? Nenhum tipo de retorno! Comprei dois, me ligaram dizendo que só tinham um, e que me enviariam. Estou até hoje esperando. NADA!",0.0,0,negativo
83585,produto de ótima qualidade.,1.0,1,positivo
37102,"O prazo para entrega era de 14 dias úteis, chegou em 2 dias! Muito bom!",1.0,1,positivo
3582,"Entrega rápida,1 semana antes do previsto.",1.0,1,positivo
6461,Chegou dentro do prazo.,1.0,1,positivo
43612,"Quase um mês pra entregar uma mochila, não recomendo esta loja.",0.0,0,negativo
85887,"Confiei no site pra nada,pois era presente de uma criança e agora,por enquanto não recomendo devido a falta de compromisso",0.0,0,negativo
31365,"Recebi apenas um produto. O outro não .",0.0,0,negativo
81116,"Entrega correta e antes do prazo combinado.  Recomendo.",1.0,1,positivo
51879,"Site seguro,eu recomendo para os colegas que realmente estejam interessado em fazer a sua compra neste site.",1.0,1,positivo
26875,muito satisfeita o produto chegou antes do esperado!,1.0,1,positivo
38302,Vendedor muito bom recebi antes do prazo,1.0,1,positivo
52656,"Muito bom o produto é chegou rápido, recomendo!",1.0,1,positivo
29033,O produto chegou corretamente e dentro do prazo,1.0,1,positivo
58268,"comprei 2 kits de 3 magnésio dimalato cada, totalizando 6 frascos. me entregaram somente 1 kit com 3 frascos",0.0,0,negativo
39750,Aguardando a retirada e entrega do produto correto. Indignada!o O consumidor comprar o item tamanho CASAL E VOCES mandarem no tamanho QUENN. Nota fiscal um tamanho e produto outro. Cade a conferência?,0.0,0,negativo
66175,pRODUTO DE BOA QUALIDADE. pRAZO CUMPRIDO. eXCELENTE,1.0,0,negativo
14023,"Excelente microfone, acaba sendo um pouco desconfortável se usar durante muito tempo, mas no geral é bom.",1.0,1,positivo
38253,FIZ A COMPRA DE 3 CAIXAS E RECEBI APENAS 2 CAIXAS,0.0,0,negativo
13056,"CHEGOU ANTES DA DATA. PRODUTO MUITO BOM, SÓ UMA RECLAMAÇÃO A FAZER A EMBALAGEM PARECE QUE FOI TIRADA DE UM LIXAO.",1.0,0,negativo
60017,Esperava um produto original e veio uma réplica de segunda categoria!,0.0,0,negativo
21791,bom produto,1.0,1,positivo
90046,Loja muito ágil para envio do produto. Produto esse que superou as expectativas.,1.0,1,positivo
85771,ótimo,1.0,1,positivo
33853,Exelente atendimento e entrega antes do prazo. Eu recomendo!,1.0,1,positivo
55282,Era isso mesmo qi eu tava querendo,1.0,1,positivo
56397,Gostaria de saber o que está acontecendo porque ainda não chegou?,0.0,0,negativo
23997,"Sendo ausência de plástico bolha, mais chegou antes do prazo e em perfeito estado!",1.0,1,positivo
75057,Muito bom e responsáveresponsáveis...,1.0,1,positivo
35231,Exatamente como na foto e de otima qualidade... chegou antes do prazo... recomendo...,1.0,1,positivo
10064,"A boneca não é igual a imagem que está no site, por isso fiquei bem desapontado, pois sempre que comprei algumas coisas por esse site eram bem atendidas",0.0,0,negativo
90254,O produto é bom e a entrega foi rápida,1.0,1,positivo
86955,recebi antes do prazo eu recomendo,1.0,1,positivo
9283,Antes do Prazo!,1.0,1,positivo
50518,Entregou bem antes do esperado.A única coisa que me desagradou foi que as bolinhas são de papel.Poderia vir escrito na descrição do produto.Mas for,1.0,1,positivo
32159,"A versatilidade e a logística são componentes da equipe do baratheon.   Muito bom.",1.0,1,positivo
39106,Nao veio o espeto,0.0,0,negativo
61091,Chegou super rápido e bem embalado. Recomendo!,1.0,1,positivo
31591,"Chegou antes do previsto, amei e recomendo",1.0,1,positivo
68680,gostei do atendimento,1.0,1,positivo
73769,Ezcrlente,1.0,0,negativo
61698,"Produto de ótima qualidade,entrega no prazo,preço ótimo,super indico essa loja e o produto.",1.0,1,positivo
58111,"Recebi o produto antes do prazo e é lindo.. super recomendo. A unica coisa negativa é a caixa da embalagem q estava muitooo suja e com marcas de mofo ou sei la o que , se fosse presente para alguem...",1.0,1,positivo
88443,Atendimento muito bom estão de parabéns em tudo,1.0,1,positivo
90556,A loja não entregou o produto e não da explicação para isso.,0.0,0,negativo
8637,"Entregou no prazo, recomendo.",1.0,1,positivo
1820,Eu amei o produto. Chegou antes do prazo,1.0,1,positivo
86144,"Vendedor super atencioso e rápido, eu recomendo",1.0,1,positivo
70851,Sim.eu recebi e gostei muito recomendado para meus amigos,1.0,1,positivo
42723,"Adorei meu kit , foi entregue bem antes da data . chegou em perfeito estado . Super recomendo",1.0,1,positivo
9417,"Acabei de tirar o produto da embalagem e fui usar, constatei que estava com o gatilho quebrado, me molhei todo e alem disto constatei que a embalagem interna que veio o produto, estava aberta,",0.0,0,negativo
22124,"Parceiro muito bom, vale a pena comprar com essa loja.",1.0,1,positivo
73963,"Comprei para iniciar um curso, levei para a professora avaliar, pois a tesoura estava dura, ao abrir e fechar, resumindo ela está com defeito o defeito esta nas duas tesouras que veio no kit, dinheiro",0.0,0,negativo
91291,Muito bom,1.0,1,positivo
78287,"Gostei muito do produto, teste e constatei a excelente qualidade e eficiência. Podem confiar.",1.0,1,positivo
51561,"o produto está dentro que eu esperava, a loja continua tendo a minha confiança",1.0,1,positivo
57688,Muito prazo e nenhum cumprido,0.0,0,negativo
91467,"Entrega muito rápida, produto muito bom também",1.0,1,positivo
47513,Bom,1.0,1,positivo
54363,Recebi antes do prazo.,1.0,1,positivo
56980,"entrega no prazo ou antes e produto correto e sem avarias, muito bom,parabéns à toda à equipe.",1.0,1,positivo
14469,bom produto.,1.0,1,positivo
86452,Os produtos foram todos entregues no prazo.,1.0,1,positivo
5865,Muito bom produto,1.0,1,positivo
77930,"Fiz a compra do produto, o mesmo não chegou no prazo. Mesmo abrindo chamado o Parceiro nem se quer respondeu as mensagens.  O produto mesmo conectado na energia, ao tocar musica fica reproduzindo á",0.0,0,negativo
50918,"Ótima compra, qualidade excepcional, já é a terceira, parabéns a todos.",1.0,1,positivo
7601,O produto chegou antes do prazo estabelecido e exatamente como foi descrito.,1.0,1,positivo
73272,"Bom dia.  O produto não foi entregue por causa dos correiros.",1.0,0,negativo
73612,"Nao compre essa antena nao presta nao pega nenhum canal Comprei estalei direito e nao fuciona",0.0,0,negativo
6816,Tudo ok,1.0,1,positivo
49804,Ótimo o prazo de entrega,1.0,1,positivo
59132,"Continuem sendo assim, muito obrigada.",1.0,1,positivo
70113,!!!!!!,1.0,0,negativo
6653,Eu não tenho notícias do pedido anos do se e o correio da minha cidade,0.0,0,negativo
49790,é o meu queridinho para um dia de bom humor e treino fácl,1.0,1,positivo
28836,"Só não dei 5 estrelas, porque a NF veio com valor abaixo do valor pago pelo produto!",1.0,0,negativo
21814,"Comprei e até agora nada de chegar, prazo pro dia 09, e até agora nem sinal.",0.0,0,negativo
32425,MUITO BOM E ENTREGA DENTRO DO PRAZO.,1.0,1,positivo
6077,Adorei...,1.0,1,positivo
41788,"Super recomendo esse site, sempre que eu compro fico super satisfeita. O produto sempre chega no prazo ou antes.  Muito bom!",1.0,1,positivo
97024,Compra entregue dentro do prazo. otimo produto.,1.0,1,positivo
78554,"Ainda não posso opinar sobre o produto, pois não testei ainda",1.0,0,negativo
44815,"O site da americana não avisa quando sai para entrega . Chegou o produto e no site consta como estivesse na transportadora .",1.0,0,negativo
84745,Beleza Jóia !!!,1.0,1,positivo
23833,"Sempre comprei com o baratheon, e continuarei comprando.",1.0,1,positivo
22871,"Entrega rápida, produto exatamente como na descrição, atendimento ao cliente de mais alto nível.",1.0,1,positivo
24598,Excelente.,1.0,1,positivo
35359,Ainda não recebi,0.0,0,negativo
82020,Entrega rápida e com qualidade,1.0,1,positivo
59697,"A entrega foi feita antes do prazo determinado pela loja, fiquei muito satisfeita, o produto é de qualidade.",1.0,1,positivo
34904,"Otima loja para se comprar A entrega é rapida Parabéns",1.0,1,positivo
84160,Não cumpriram prazo de entrega e nem avisaram o atraso.,0.0,0,negativo
18751,"Amei o produto, chegou antes do prazo, veio até brinde e tudo com muito capricho",1.0,1,positivo
23207,"O relojio muito lindo ,gostei de mais .Agora sou preciso que seja da qualidade do material que o vendedor recomendo",1.0,1,positivo
54366,"Veio tudo certinho e bem antes do fim do prazo estimado. Muito bem embaladinho, cor e modelo certinhos. Achei super confiável.",1.0,1,positivo
10234,"Produto muito bom, e chegou dentro do prazo.",1.0,1,positivo
78021,Recebi em 3 dias muito rápido tudo perfeito parabéns,1.0,1,positivo
49570,"Ótimo produto, envio rápido e recebimento antes do previsto. Estou muito satisfeito",1.0,1,positivo
46516,"MUITO BOM, VEIO ANTES DO PRAZO. PARABÉNS  ESTOU MUITO SATISFEITA",1.0,1,positivo
81052,"Olha meu produto veio com defeito,ai mandei para garantia e a garantia veio com defeito tambem.",0.0,0,negativo
35973,"Foi entregue antes do prazo, tudo ok, recomendo o produto.",1.0,1,positivo
88579,"O produto atendeu as expectativas, ótimo custo-benefício e a entrega foi perfeita, bem antes do prazo máximo.",1.0,1,positivo
39737,"Excelente produto, entrega antes do esperado",1.0,1,positivo
44609,Chegou antes do prazo esperado,1.0,1,positivo
54069,Não posso indicar a loja de ainda não recebi o produto. Estou no aguardo da entrega,1.0,0,negativo
23929,Parabéns pelo comprometimento com seus clientes.,1.0,1,positivo
96685,"Eu pedi a devolução do dinheiro, após inúmeras tentativas de contato sobre a entrega e nem sobre isso obtive resposta.",0.0,0,negativo
45713,Confio muito nesta empresa. Agradeço.,1.0,1,positivo
87486,"Muito bom o produto,e a entrega foi realizada antes do prazo. Excelente",1.0,1,positivo
46386,"Adorei comprar com vocês! Parabéns pelo trabalho... Beijos Aninha",1.0,1,positivo
53507,Produto entregue faltando encomendas,0.0,0,negativo
26212,Comprei o produto mas não me foi entregue nada até o momento,0.0,0,negativo
50508,Recebi o produto corretamente e antes do prazo estimado.,1.0,1,positivo
12534,"Comprei 2 unidades, recebi apenas 1. Gostaria que entrassem em contato comigo.",0.0,0,negativo
88554,"Gostei muito dos quadros , só não foi melhor , pois não vem com alça para pendurar na parede !",1.0,1,positivo
42965,"ENTREGARAM TUDO CERTO, E ANTES DO PRAZO...",1.0,1,positivo
33913,"A LOJA ME ENTREGOU UM RELÓGIO COM DEFEITO. ATRASA QUATRO HORAS, ISSO QUANDO NÃO PÁRA. DETALHE: O PROBLEMA NÃO É A BATERIA. QUERO MEU DINHEIRO DE VOLTA. ATÉ AGORA SÓ ME ENVIARAM E-MAILS. SOLUÇÃO NAD",0.0,0,negativo
60364,"Belas peças, produto chegou bem antes do prazo!",1.0,1,positivo
67845,"estou tentando devolver  nao é cetim propaganda enganosa duro e aspero",0.0,0,negativo
66036,Excelente vendedor! Produto excelente e preço fantástico! Super recomendado!,1.0,1,positivo
58395,"Ótima qualidade, chegaram rápido, poderiam ter mandado tudo numa caixa so mas isso foi o de menos ! Amei!",1.0,1,positivo
72005,"A foto mostrada na oferta não condiz com o produto, qualidade muito ruim e aparencia muito estranha do produto",0.0,0,negativo
88959,Adorei o produto,1.0,1,positivo
48832,Rapida entrega otimo produto,1.0,1,positivo
65817,serviços bem executados,1.0,1,positivo
36036,"Recebi o produto todo amassado com marcas de uso já começando a enferrujar, não recomendo, muito mal embalado, caixa veio rasgada e amassada prejudicando o produto.",0.0,0,negativo
69568,"muito bem embalado, mas demorou muito a chegar.",1.0,0,negativo
2480,bom atendimento bom retorno bom serviço,1.0,1,positivo
41158,"Recebi a toalha errada, mais barata!!!! Quero trocar ou receber o reembolso. Como proceder? vou a alguma loja? qual endereço em sp?",0.0,0,negativo
83746,ótimo produto.,1.0,1,positivo
9474,"Entrega muuuuito antes do prazo!!  Produto muito bom, bom acabamento e encaixe perfeito!!",1.0,1,positivo
95934,"Produto de acordo com o anunciado. Entrega dentro do prazo. Aparenta ser bom, com o tempo vou descobrir.",1.0,1,positivo
85559,EXCELENTE E LINDA.,1.0,1,positivo
23163,"ALÉM DE RECEBER O PRODUTO ERRADO,VEIO DENTRO DA CX UMA CARTA DE UMA OUTRA CLIENTE INSATISFEITA POR TB TER RECEBIDO O PRODUTO ERRADO,CANCELEI MINHA COMPRA DEPOIS DESSE OCORRIDO DEU PVER A CREDIBILIDADE",0.0,0,negativo
34116,Bom produto,1.0,1,positivo
37034,"Produto entregue no prazo, muito bom.",1.0,1,positivo
18174,Só satisfação...,1.0,1,positivo
89082,Fácil de instalar e prática.,1.0,1,positivo
84121,Compra prática e eficiente,1.0,1,positivo
19175,Gostei do produto e a entrega foi super rápida.,1.0,1,positivo
86639,"Deu prazo de 11 dias e chegou em três dos... estou adotando o produto, minhas estrias clarearam muito",1.0,1,positivo
92141,O tapete chegou e a qualidade é boa.,1.0,1,positivo
11640,MUITO SATISFEITO,1.0,1,positivo
85169,Chegou dentro do programado. Bem embalado.,1.0,1,positivo
26333,Poderiam não cobrar o frete!Se vcs não entregam!,0.0,0,negativo
83866,Bom recomendo a todos que queram,1.0,1,positivo
41749,Um década pra entregar o produto. Horrível a entrega.,0.0,0,negativo
83203,"Segundo produto no mesmo mês que nao recebo, com certeza não comprarei mais nas lannister, minha ultima compra foi essa.",0.0,0,negativo
5143,Excelente atendimento. Recomendo.,1.0,1,positivo
33863,"Eu indicaria a loja americana, não a targaryen, por ter me vendido um relógio totalmente diferente do qual eu escolhi.",0.0,0,negativo
75508,"Loja muito boa, já cmprei outras vezes e essa foi a primeira vez que atrasou!!!",1.0,0,negativo
20826,Tudo ok muito rápido na entrega muito bem embalado recebimento a todos do grupo baratheon.ob,1.0,1,positivo
56106,Gostei pois veio no prazo determinado .,1.0,1,positivo
37661,"Só o pendente de madeira que veio, o outro não veio. Junto ao correio só existe um número para rastreamento com um item inclusive na nota fiscal e no pedido são dois itens.",0.0,0,negativo
56455,Tudo ok,1.0,1,positivo
56588,"Só fico muito triste por não ter o cartão da loja, pois eu compro e recomendo as minhas amigas comprar também",1.0,0,negativo
80700,Foi ótimo,1.0,1,positivo
43955,"Muito Bom; no atendimento, Rapidez na compra, Segurançaa etc.",1.0,1,positivo
19113,"Já comprei muitos produtos das Lojas lannister. Contudo, não sei o motivo de não receber e-mais com ofertas de seus produtos. Atenciosamente.",1.0,0,negativo
41774,Adorei,1.0,1,positivo
64456,Produto não entregue e nenhuma explicação dada.,0.0,0,negativo
54476,De ótima qualidade. Cerdas super macias.,1.0,0,negativo
38468,Vlw fi,1.0,0,negativo
65757,A entrega chegou antes do prazo e o produto é melhor que a descrição...,1.0,1,positivo
98040,"Apesar de estar no prazo de entrega o produto demorou muito para chegar, fiz o pedido do mesmo produto em um concorrente do stark que entregou bem antes.",0.0,0,negativo
25951,"o produto ainda não chegou, já passou do prazo de entrega",0.0,0,negativo
5526,"fiquei super satisfeita com a aquisição de colares da amizade, são muito bonitos e bem acabados, minha netinha de 08 anos e as melhores amigas ficaram super felizes, obrigada pela entrega rápida.",1.0,1,positivo
85990,"Produto veio bem diferente do ilustrado, na ilustração o interior do pendente era branco, e ele parecia ser brilhoso veio fosco, e com iterior todo em vermelho também. Entrega MUITO DEMORADA!",0.0,0,negativo
46583,"OTIMO PRODUTO, FOI ENTREGUE NO PRAZO CORRETO E FUNCIONA BEM, SEM AQUELAS FRESCURAS DE TER QUE CONFIGURAR, SÓ USAR!",1.0,1,positivo
29518,...,1.0,0,negativo
84033,O produto foi entregue antes do prazo determinado.,1.0,1,positivo
15581,Compra rápida e fácil.,1.0,1,positivo
61516,o produto superou as expectativas...Chegou dentro do prazo.,1.0,1,positivo
1612,"Ótimo, excelente produto recomendo a todos",1.0,1,positivo
90804,Tudo em ordem! Recomendo.,1.0,1,positivo
16902,Amei o produto chegou antes do que o programado.,1.0,1,positivo
9502,"O produto não serve para a Side by Side SS77X, conforme anunciado. Já solicitei a devolução.",0.0,0,negativo
6134,"O produto entregue é diferente do produto comprado no site e diferente da foto do produto no site, além disso, não é compatível com o aspirador de pó Electrolux Ergoeasy Titan.",0.0,0,negativo
66032,"Produto mto bom, entrega dentro do prazo, tudo dentro do previsto.",1.0,1,positivo
31085,Recomendo o stark e parceiros,1.0,1,positivo
44556,o produto chegou bem antes do prazo e veio direitinho.,1.0,1,positivo
77348,"Não vou avaliar a loja, pq não sei o motivo de não ter recebido.",0.0,0,negativo
10244,"Comprei um relógio por ORIGINAL, além de vir falsificado veio com defeito, não funciona, e ainda me cobraram garantia estendida",0.0,0,negativo
66720,Boa loja eu indico ela ótimos produtos,1.0,1,positivo
79948,OTIMA,1.0,1,positivo
80928,Excelente serviço prestado.,1.0,1,positivo
22511,A entrega foi muito rápida e o produto atende as expectativas!,1.0,1,positivo
80120,Gostei muito obrigada,1.0,1,positivo
7564,Gostei .,1.0,1,positivo
13451,"Entregaram antes da data prevista! Excelente, parabéns!",1.0,1,positivo
44284,"Fiz a compra .Já cobraram no meu cartão todo o valor e não recebi a mercadoria. Confirmando Endereço de Entrega caso haja alguma divergência. CEP:30710-020 AV :NOSSA SENHORA DE FÁTIMA 2672 CARLOS PR",0.0,0,negativo
62880,minha filha que comprou e gostou,1.0,1,positivo
74574,"gostei muito de comprar aqui, a mercadoria veio correta e no prazo correto.",1.0,1,positivo
34577,"Uma fofura, comprei mas duas cores e o relógio branco tem a personagem em rosa fica uma graça",1.0,1,positivo
62748,Produto chegou rápido e em perfeitas condições.,1.0,1,positivo
75620,Bom produto,1.0,1,positivo
14472,Ótimo produto,1.0,1,positivo
64878,Fiquei super satisfeito,1.0,1,positivo
93194,Entregou antes da data prevista.estou satisfeito com o produto,1.0,1,positivo
55998,Agilidade da entrega excelente.,1.0,1,positivo
31847,Entregue no prazo.,1.0,1,positivo
44859,Uma palhaçada. Nunca mais compro nessa loja,0.0,0,negativo
97853,"Produto BOM. Chegou antes do prazo, como de praxe, na lannister.",1.0,1,positivo
9903,"O produto enviado veio com a caixa amassada,o tabuleiro rasgado e as fichas já destacadas.O jogo que recebi não era da mesma qualidade e não condizia com o da foto no site.Não era da mesma edição.",0.0,0,negativo
2664,"Recebi produto diferente do que comprei. Abri reclamação tem 05 dias e continuo aguardando solução",0.0,0,negativo
86679,Gostaria de saber se vou ou não receber. Se sim qual o prazo?,0.0,0,negativo
89015,"Produto de ótima qualidade, entrega rápida.",1.0,1,positivo
6963,Excelente,1.0,1,positivo
91575,"Fui prontamente atendida e o produto chegou dentro do prazo previsto, logo nos primeiros dias após a compra. Fiquei muito satisfeita com o vendedor.",1.0,1,positivo
43072,"O produto veio faltando a base e ja enviei inúmeros e-mails para lannister e não obtenho resposta, por mais q seja entregue por um parceiro acho q a responsabilidade é das lannister",0.0,0,negativo
78186,"O produto não tem lá uma qualidade incrível, mas mesmo assim esta bom.",1.0,0,negativo
73175,Adorei o produtos,1.0,1,positivo
41416,Produto entregue no prazo e em perfeitas condições de uso. Muito bom!,1.0,1,positivo
32525,muito bom e rápido,1.0,1,positivo
38735,"Gostei muito, o produto corresponde às especificações do anúncio !!!  Muito bom ...",1.0,1,positivo
68307,Não recebi o produto corretamente e não obtive resposta ao questionamento que fiz. Comprei o produto com 120 cápsulas e recebi apenas o de 60 cápsulas.,0.0,0,negativo
95671,"Produto de qualidade Entrega rápida Bem embalado",1.0,1,positivo
67077,"Não recebi o produto e por este motivo não tenho como opinar. Mesmo que tivesse recebido, o prazo de entrega é muito grande.",0.0,0,negativo
84438,O serviço e ótimo a demora é do Correio !,1.0,1,positivo
23323,"Entrega mega rápida, fiquei muito satisfeita!",1.0,1,positivo
26072,"Produto de ótima qualidade, superou a minha expectativa.",1.0,1,positivo
72070,Recomendo,1.0,1,positivo
17155,nnnn,1.0,0,negativo
74257,excelente,1.0,0,negativo
73265,Quero saber se foi cancelada só isso!,0.0,0,negativo
44804,Otimo!,1.0,1,positivo
91131,"A loja não responde, nem consta em rastreio a o produto está com o transportador",0.0,0,negativo
61036,ainda não recebi o produto,0.0,0,negativo
76459,"por enquanto, não recebi minha encomenda apesar de estar indicado no rastreio que ja foi entregue.",0.0,0,negativo
10839,"Pedido chegou no prazo, colar de acordo com site , super satisfeito.",1.0,1,positivo
14404,Melhor que eu esperava! Veio com garrafa e recipiente para biscoito lindos! E ainda com adesivo ! Adorei,1.0,1,positivo
18733,"Bom dia , as toalhas são de ma qualidade super finas , parece ate mais pano de chão.",0.0,0,negativo
12306,Recomendo !!!!,1.0,1,positivo
9686,estou testando produto,1.0,0,negativo
36794,Td certo! Apesar dos problemas dos correios...,1.0,1,positivo
99793,Atrasou apenas um dia pra entrega de todas as peças. Fiquei satisfeita com o produto e com o atendimento ao cliente da loja.,1.0,1,positivo
60485,Eu estou muito decepcionada com o baratheon comprei não recebi até hoje ja tem um mês viu ter que ir no procom não recomendo a ninguem,0.0,0,negativo
74572,Chegou como o esperado,1.0,1,positivo
45047,Adorei a lixeira muito linda e moderna,1.0,1,positivo
40302,Só entregaram uma cortina na cor bege e não entregaram a azul veio marcando na nota o produto mas o produto não veio,0.0,0,negativo
37865,o produto nao foi entregue,0.0,0,negativo
74223,Entrega perfeita! Produto maravilhoso,1.0,1,positivo
72798,5,1.0,0,negativo
41241,"Vendedor muito bom. O produto não posso avaliar, pois irei dar de presente.",1.0,1,positivo
80726,Fiz uma compra Para xá ultra 3223 mas feio outra ficou apertada.,1.0,0,negativo
17957,O produto chegou até antes do prazo dado. Muito bom!,1.0,1,positivo
38359,"Produtos ótimos, entrega rápida, super recomendo!!",1.0,1,positivo
20794,Sempre compro muito confiável,1.0,1,positivo
70983,Dentro do prazo e produto super delicado. :),1.0,1,positivo
2378,Mais de mês que comprei e não tive nenhum retorno.,0.0,0,negativo
25803,"No envelope só tinha um dos livros, embora a nota fiscal listasse os dois livros comprados. Ainda não recebi posicionamento a respeito do meu questionamento.",0.0,0,negativo
19219,Chegou antes do prazo!!! Excelente produto,1.0,1,positivo
53796,"compra e entrega satisfatória, recomendo. Comprometimento, atenção, segurança...",1.0,1,positivo
2512,Tudo certo!,1.0,1,positivo
3320,so gostaria de ter recebido uma caixinha melhor e mais bonita para guardar o cordao !!!!!,1.0,0,negativo
51698,"O produto, me foi prometido a entrega no máximo em 20 de março.",0.0,0,negativo
42831,"Shopime é uma empresa 100% Compro com eles de olho fechado",1.0,1,positivo
29263,Produto de qualidade. Compra satisfatória. Recomendo!,1.0,1,positivo
26125,N sei o q houve mas n rwcebi o peoduto ainda,0.0,0,negativo
37833,"Foi super rápido comprar e receber, produto conforme a foto.",1.0,1,positivo
91541,Ouve um problema e a entrega não foi realizada quero o reembolso,0.0,0,negativo
79864,Excelente,1.0,1,positivo
68943,Frustado com esta compra fiz compra pensando q a máquina era whals e chegou uma qirui d péssima qualidade chegou já sem funcionar motor sem potência n corta nada n indico está máquina pra ninguém,0.0,0,negativo
61590,Recebi um produto diferente do que comprei. Mandei 2 email e ainda não fui comunicada o que houve.,0.0,0,negativo
76180,Eu cancelei o pedido e não teve reembolso do meu dinheiro no meu cartão . Pessimo .. nunca mais compro nessa loja !,0.0,0,negativo
37238,"A entrega chegou bem antes do prazo estipulado.  Muito obrigada!!",1.0,1,positivo
77247,Ola. Ontem recebi meu Revoflex quebrado e faltando pedaços. Quero saber como troca-lo.,0.0,0,negativo
77437,"Ótimo produto. Excelente parceiro.",1.0,1,positivo
93467,"Recomendo sim, chegou muito antes do prazo e ótimo produto!",1.0,1,positivo
10092,"SUPER INDICO,CHEGOU ANTES DO PRAZO PREVISTO",1.0,0,negativo
48114,ótimo!!!,1.0,1,positivo
83328,"Infelizmente, a embalagem do produto chegou violada. Estou aguardando reembolso ou envio do restante do produto adquirido.",0.0,0,negativo
35624,Sempre compro nas lannister e os meus pedidos chegam antes do prazo. Espero uma explicação pela demora da entrega dos 2 suportes p sorvete q comprei nas lannister ( targaryen) que até hj não chegaram.,0.0,0,negativo
27514,"Comprei dois fones de de ouvido e só recebi um, ainda sem funcionar, estarei devolvendo na próxima segunda feira.",0.0,0,negativo
97644,Produto entregue antes do prazo ....,1.0,1,positivo
71891,Rápido e conforme a descrição o produto,1.0,1,positivo
24329,Entrega muito antes do previsão. Produto na validade legal e em perfeito estado. Excelente.,1.0,1,positivo
12604,O produto demorou muito pra chegar.,1.0,0,negativo
77853,MANTER O PADRÃO PARA FIGURAR ENTRE AS MELHORES LOJAS.,1.0,1,positivo
41408,Foi entregue dentro do Prazo indicado ou ate mesmo alguns dias antes...Com produto sem danos dentro das indicações apresentadas quando selecionei o produto.,1.0,1,positivo
11980,"Escrevi o endereço errado, mas tá chegando.",1.0,1,positivo
50913,Muito rápido a entrega,1.0,1,positivo
33562,"Chegou no prazo, ótimo produto",1.0,1,positivo
41316,Entrega rápida. Tudo certo.,1.0,1,positivo
75131,Quero saber qual o procedimento pois ainda não recebi o produto. Terei um novo prazo ou o dinheiro de volta?,0.0,0,negativo
55071,"recebi o produto antes da data marcada,estou aguardando resultado pois comecei a tomar o remedio tem apenas dois dias.",1.0,1,positivo
57799,Otimo produto.,1.0,1,positivo
67572,Gostei chegou antes do previsto,1.0,1,positivo
80133,Produto 100% foi enviado corretamente,1.0,1,positivo
76690,"Foi entregue no prazo,produto entregue igualzinho que eu comprei o vendedor é muito responsável ,o produto com muita qualidade e lindooooooo😍 Amei",1.0,1,positivo
56140,"Veio em ótimo estado! Antes do prazo desejado.👏👏👏",1.0,1,positivo
99549,Chegou o mais rápido que esperava e o produto de qualidade. Achei muito fofo a mensagem para o entregador. Parabens,1.0,1,positivo
59739,Ótimo produto,1.0,1,positivo
21531,"Gostei muito, produto entregue no prazo estão de parabens!",1.0,1,positivo
42671,Ótimo produto e chegou rápido,1.0,1,positivo
8009,"Adorei o tamanho, produto de boa qualidade",1.0,1,positivo
98467,Não recebi o produto correto. Prefiro acreditar que foi por engano. Já fiz o pedido de troca ou devolução do valor. Estou no aguardo da resposta por e-mail.,0.0,0,negativo
55732,Eu preciso que vocês resolvam meu plobrema eu estou pagando uma máquina que não recebi já paguei duas parcelas.por favor mim de uma solução.,0.0,0,negativo
83904,"Recebi o aparelho Playstation 2 e não veio com o controle original veio um paralelo, o aparelho apresenta defeito, de primeira liga e se desligado não liga novamente só depois de muitos tempo que liga",0.0,0,negativo
27368,Meu produto não foi entregue ainda. E o vendedor não me dar nenhuma satisfação eu já mandamei vários email msg de reclamação é até agora nada foi feito,0.0,0,negativo
60652,Recebi no prazo certo meu produto,1.0,1,positivo
74368,Não recebi e é outro produto das minhas compras que não me entregam ! Estou começando a ficar irritada e estressada pelo atraso absurdo !! Deveriam chegar no prazo se os correios não dão conta troquem,0.0,0,negativo
54420,"Gostei muito, entregou antes do prazo ! Recomendo .",1.0,1,positivo
86740,"Infelizmente aconteceu... em nenhuma outra compra de várias que já fiz na lannister.com, deixei de receber o produto, mas dessa vez, não recebi.... uma pena....",0.0,0,negativo
75579,"Estou muito satisfeito com a compra. Produto de excelente qualidade, chegou antes do prazo !!! Podem comprar com tranquilidade. Parabéns Lojas lannister pela competência, agilidade, honestidade.",1.0,1,positivo
57396,muit bom,1.0,1,positivo
72801,Pelo preço vale a pena!,1.0,1,positivo
47885,Foi ótimo em tudo,1.0,1,positivo
36280,"Mochila bonita, forte, com bastante espaço..recomendo..",1.0,1,positivo
65953,"Primeira vez que comprei lente de contato pela stark e adorei, pois comprava em um ótica e demorava a entrega. Muito bom 👏👏👏",1.0,1,positivo
42031,Não fiquei satisfeito com o produto,0.0,0,negativo
66673,"Ótimo vendedor, entrega muito antes do prazo combinado.",1.0,1,positivo
36068,Excelente! Recomendo,1.0,1,positivo
11453,Entrega super rapida e produto muito bem embalado!,1.0,1,positivo
7928,"Produto bom, loja confiavel.",1.0,1,positivo
30035,"produto de qualidade entregue antes do prazo estipulado, como de costume.",1.0,1,positivo
85379,não recebi o produto,0.0,0,negativo
42565,"O produto é bom, de boa qualidade, mas esperava algo um pouco mais sofisticado.",1.0,0,negativo
54044,comunico que o produto acima mencionado ainda não chegou em minha residência.,0.0,0,negativo
34763,Produto chegou antes do prazo.,1.0,1,positivo
44421,"O PRODUTO É DE PÉSSIMA QUALIDADE. DEVERIAM COLOCAR NA DESCRIÇÃO Q SE TRATAVA DE UM RÉPLICA. SEM CONDIÇÕES DE PRESENTEAR ALGUÉM COM AQUILO. HORRÍVEL. PAGUEI MAIS DE R$ 80 EM BRINQUEDO DE LOJAS DE 1,99",0.0,0,negativo
29462,"vou recomendar o site , muito satisfeito",1.0,1,positivo
37653,Produto entregue no prazo e conforme anunciado,1.0,1,positivo
39658,Ótima loja,1.0,1,positivo
72965,"gostei do preço, e um produto com selo do Inmetro pra criança 1 á 4 anos.",1.0,1,positivo
97601,Muito bom produto,1.0,1,positivo
43946,"Excelente vendedor! Enviou rapidamente a encomenda! O produto é excelente e corresponde ao anúncio! Gostei muito do prazo de entrega, muito rápido e sem problemas! Recomendo a todos!",1.0,1,positivo
53691,"Fiz o meu pedido e já venceu o prazo de entrega, e até agora não recebi o meu produto. Péssimo...não recomendo! Somente transtorno!",0.0,0,negativo
36568,As toalhas não são felpudas!!!!,0.0,0,negativo
32184,Rapidez na entrega produto de qualidade parabéns,1.0,1,positivo
80655,Gostei do produto .. apesar de Algumas imperfeições.. mais nada que não possa ser usado,1.0,1,positivo
15092,Não foi entregue o relógio.,0.0,0,negativo
74169,eu nao posso falar se nao recebi o produto,0.0,0,negativo
20335,"Produto bem embalado, novo, do modelo q pedi.",1.0,1,positivo
97773,Mercadoria feio faltando peças,0.0,0,negativo
38561,otimo chega antes do prazo,1.0,1,positivo
19352,Comprei 10 e recebi somente 5.,0.0,0,negativo
8492,O produto atendeu com as minhas espectativas,1.0,1,positivo
66270,Eu recomendo este produto porque atendeu a minha necessidade e tem boa qualidade.,1.0,1,positivo
70850,"Relogio lindo, chegou antes do prazo.",1.0,1,positivo
2804,"Veio tranquilo, dentro do prazo. Recomendo",1.0,1,positivo
12623,"O produro chegou dentro do prazo, é bem leve e a caixinha é de papelão! Não veio com o certificado de garantia, somente manual. O tamanho é bom e a cor é dourado claro, nada muito chamativo!",1.0,1,positivo
13414,Já comprei várias vezes e ainda vou comprar...,1.0,1,positivo
59843,"Produto não foi entregue. Sem resposta das lojas lannister e sem respostas da empresa responsável, apesar de ter entrado em contato.",0.0,0,negativo
92756,otimo,1.0,1,positivo
66758,Loja nota 10!!!,1.0,1,positivo
14008,"custo beneficio otimo entrega no prazo parabens",1.0,1,positivo
95795,"Muito bom, excelente entrega, chegou antes do prazo previsto.",1.0,1,positivo
57841,O produto foi entregue dentro do prazo.,1.0,1,positivo
82060,Já compro algum tempo nessa loja e não tenho nada a reclamar.,1.0,1,positivo
27047,Produto superou minha expectativa. Conserva de maneira perfeita. Ótimo acabamento.,1.0,1,positivo
18381,muito obrigado esta tudo certo,1.0,1,positivo
83063,excelente.,1.0,1,positivo
43291,Cegou antes do prazo👏🏼👏🏼👏🏼,1.0,1,positivo
26925,Atendimento péssimo,0.0,0,negativo
39800,muito bom,1.0,1,positivo
61110,"O produto não é o que eu esperava, o som é baixo, para conexão é bem ruim, detestei esperava uma coisa e veio uma coisa muito, muito diferente do que eu esperava infelizmente não recomendo.",0.0,0,negativo
38123,ótima loja recomendo a todos,1.0,1,positivo
99086,foi perfeito,1.0,1,positivo
78069,Obrigada,1.0,1,positivo
18871,"Super atrasado a entrega , prometeram em 12 dias e até agora não chegou 02/01/2018 era um presente , agora já perdeu o sentido",0.0,0,negativo
17232,"Embora não tenha recebido a mercadoria por não ter em estoque, a devolução do valor pago foi muito rápida.",1.0,1,positivo
71686,"No site consta como produto entregue por´pem não recebi. Gostaria de um retorno visto que o mesmo já foi pago",0.0,0,negativo
75120,"Atendeu minhas expectativas, excelente produto com ótimo preço.",1.0,1,positivo
4957,"a cor azul da capa é bem esmaecida e na foto era bem viva, de resto, tudo ok,",1.0,0,negativo
37112,TUDO SAIU CONFORME COMBINADO. OBRIGADO.,1.0,1,positivo
8177,"produto recebido antes do prazo , muito bom parabens",1.0,1,positivo
72228,Produto muito bom e fácil de montar.,1.0,1,positivo
60539,Recebi corretamente.,1.0,1,positivo
74803,Mto lindo! Amei,1.0,1,positivo
87530,O meu produto veio falsificado . o passo 2 da progressiva veio quebrado .,0.0,0,negativo
37568,Comprei 2 e chegou 1,0.0,0,negativo
14446,"gostaria de trocar por outro grau o que me enviaram está errado seria _2,75",1.0,0,negativo
1713,"Há varios anos compro na loja stark e até agora, nada tenho a reclamar.",1.0,1,positivo
83005,uma das poltronas faltando os 04 pés palito,0.0,0,negativo
4364,Não responde as solicitações de atendimento.,0.0,0,negativo
76694,Produto prático e uma ótima opção para liberar espaço no guarda-roupa.,1.0,1,positivo
87511,Muito bom foi entregue bem antes do prazo,1.0,1,positivo
19650,"Ótima loja,entregou antes do prazo.",1.0,1,positivo
67800,"estou aguardando resposta do e-mail, prá saber o porque do cancelamento desse produto.",0.0,0,negativo
15644,"apesar da greve, parabéns pelo profissionalismo",1.0,1,positivo
98494,"entregou super rapido,e é muito bonito",1.0,1,positivo
67123,Entrega no prazo ótimo produto,1.0,1,positivo
40524,"Simplesmente encantada entrega rápida e produto em perfeito estado, exatamente como na foto, obrigada.",1.0,1,positivo
27207,Bom,1.0,1,positivo
79983,"Produto chegou bem antes do prazo,recomendo.",1.0,1,positivo
35073,Até o presente momento não recebi o produto e não entraram em contato comigo para dar alga satisfação e fazer o reembolso.,0.0,0,negativo
84211,EXCELENTE,1.0,1,positivo
19036,s,1.0,0,negativo
77433,Foi super rápido e produto muitoo bom!,1.0,1,positivo
41292,"Lindo relógio, super recomendo",1.0,1,positivo
58695,Ótimo produto!,1.0,1,positivo
94134,Excelente,1.0,1,positivo
31711,"comprei 2 celular e so madarm 1, e nato fiscal comprando os dois",0.0,0,negativo
24216,Comprei 4 anilhas só chegou 1.,0.0,0,negativo
64285,maravilhoso,1.0,1,positivo
70397,Recebi um item só mais paguei por dois foi cobrado dois fretes coisa errada de se fazer como cobrar dois fretes por uma viagem e ainda me mandar um item só quero meus direitos urgente.,0.0,0,negativo
84198,Até agora não recebi,1.0,0,negativo
35312,produto entregue no prazo. condiz com o anúncio.,1.0,1,positivo
85063,Tudo certo,1.0,1,positivo
83634,Ainda nao recebi o produto,0.0,0,negativo
5620,"Srs , gostaria de registrar minha insatisfação . Fiquei aguardando ,paguei frete p o produto ser entregu no meu endereço, tive que me deslocar do meu trabalho mais cedo para retirar no correio.",0.0,0,negativo
90366,"Péssimo compromisso com o cliente, meu produto foi roubado na entrega e me disseram que entregariam um novo produto, mas depois me negaram o mesmo.",0.0,0,negativo
82668,Produto entregue antes do prazo. Recomendo a loja.,1.0,1,positivo
54362,Tudo ok,1.0,1,positivo
51762,"Muito bonita, ótimo acabamento, entrega super rápida. Adorei!",1.0,1,positivo
38212,Entregou o produto no prazo recomendo,1.0,1,positivo
23545,"produto muito bom... ótimo atendimento, entrega no prazo.  estou muito satisfeito.....",1.0,1,positivo
13902,excelente entrega no prazo loja confiável,1.0,1,positivo
64334,Correio não entregou o produto em minha residência. Tive que solicitar outra pessoa para pegar o produto e ainda por cima o produto veio errado. Lamentável.,0.0,0,negativo
73663,Recomendo a todos,1.0,1,positivo
62125,Recebi no prazo agora e so testar o produto,1.0,1,positivo
15107,"Estou muito satisfeito com lojas lannister, vocês estão de parabéns !",1.0,1,positivo
71634,"Sempre comprei nas lannister, só que pela quarta vez está acontecendo atraso na entrega. Espero ainda receber o produto, e quem sabe se fizer uma nova compra seja diferente.",0.0,0,negativo
38169,Não gostei,0.0,0,negativo
70083,Tudo entregue.,1.0,0,negativo
60451,O pedido foi cancelado por mim.,1.0,0,negativo
14478,Gostei muito do Produto,1.0,1,positivo
48072,muito bom,1.0,1,positivo
5337,Produto conforme anúncio.,1.0,1,positivo
91359,"Obrigada amei  Chego antes d prazo",1.0,1,positivo
98070,foi entregue no prazo,1.0,1,positivo
79684,Não recebi meu produto e nem tenho meus emails respondidos.,0.0,0,negativo
62796,Não tem o mesmo reflexo do original (Reflexo no tamanho padrao)... +compensa o custo benefício!,1.0,1,positivo
5409,"Não recebi os produtos, quero meu dinheiro de volta. Por favor me reembolsar",0.0,0,negativo
15551,Chegou super rápido. Comprei 4 produtos. O que não entendi é que cada um veio em uma caixa separado. Poderia ser na mesma. Achei desperdício. O mesmo produto e embalados separados.,1.0,0,negativo
63798,recebi ante dos prazo,1.0,0,negativo
31623,O produto chegou antes da data prevista.,1.0,1,positivo
61265,Bom preço e bom prazo,1.0,1,positivo
57560,Top,1.0,1,positivo
16509,recebi so a bolsa,1.0,0,negativo
16459,"Entrega dentro do prazo , gostei muito do produto",1.0,1,positivo
58953,"Atendeu as expectativas. A chapa para colocar o apagador veio um pouco torta, mas não é nada demais. O quadro em si se encontra em perfeito estado.",1.0,1,positivo
31079,Produto ótimo e cumpre tudo q promete,1.0,1,positivo
11007,CONFORME ANUNCIO,1.0,1,positivo
65571,otimo,1.0,1,positivo
54789,"Gostei das toalhas, tamanho bom , cores vivas. Recomendo",1.0,1,positivo
88119,Bom,1.0,1,positivo
52465,"TUDO FOI DENTRO DO ESPERADO.  RECOMENDO COM PUNHOS HERCÚLEOS A TODOS OS CLIENTES DAS lannister.COM",1.0,1,positivo
39163,"Entrega rápida, a qualidade da granola não é tao boa.",1.0,0,negativo
95835,Gostei.,1.0,1,positivo
57801,recomendo o produto e a loja,1.0,1,positivo
85756,"Prezados; Até a presente data, o produto não me foi entregue. Gostaria de saber quais medidas a lannisters.com irá tomar, para que eu não fique no prejuízo. Foi minha 1ª compra (para testar) a loja.",0.0,0,negativo
80544,gostei muito podem comprar,1.0,1,positivo
57363,deveria ser avisada no ato da compra que não receberia o produto em minha residência,0.0,0,negativo
49217,"O produto veio sem os suportes laterais, já enviei 3 emails e não recebi nenhum posicionamento até o momento, muito insatisfeito, falta de organização!",0.0,0,negativo
41871,Não efetuou a entrega,0.0,0,negativo
40986,Deveriam ter feito contato.,0.0,0,negativo
15091,"Produto novo de excelente qualidade chegou tudo certinho, dentro do prazo",1.0,1,positivo
22721,gostei do produto e chegou dentro do prazo,1.0,1,positivo
58515,"Pedido: 02-649450934, ESTA FALTANDO DE 20 UNIDADE 2 FALTA PEDIDO DE 5 UNIDADE NÃO FOI ENTREGUE",0.0,0,negativo
59221,Produto recebido antes do prazo estabelecido e de acordo com o que foi solicitado.,0.0,1,positivo
91945,Qualidade do produto péssima. Na primeira vez que fui conectar o produto no meu tablet o produto quebrou dentro. Agora fiquei no prejuízo.,0.0,0,negativo
34414,Muito bom produto..so atrasou por fato da greve dos caminhoneiros..,1.0,0,negativo
27712,Satisfação garantida e produto entregue com rapidez e eficiência,1.0,1,positivo
18553,Vieram faltando produtos e até agora ninguém respondeu meus e-mails.,0.0,0,negativo
9150,Sabonetes de ótima qualidade! Recomendo!,1.0,1,positivo
88667,Ok,1.0,1,positivo
58942,"Recebi o produto com muita agilidade e transparência. Chegou até antes do que eu esperava, para minha maior satisfação.",1.0,1,positivo
7134,Não recebemos o produto,0.0,0,negativo
6903,"Passou do prazo da entrega, tudo bem que foi 1 dia, mas quando comprei produtos anteriores foram entregues antes do prazo,",0.0,0,negativo
7497,"Na foto parece emborrachada, mas é neoprene. Mas nada que diminua a qualidade do produto. protege bem contra o vento, muito confortável e o material é de qualidade. Recomendo",1.0,1,positivo
88252,"o cartucho não funciona na minha impressora hp, o chip do cartucho não é do mesmo tamanho dos cartuchos que servem para essa impressora, não e´compativel com hp 4280 , não é cartucho h 60 xl",0.0,0,negativo
73026,"Comprei uns 4 produto para vem ser via,chegou os 3 ante da data para chega,só falta um produto meu chega .Agora só vou compra as coisa no baratheon.",1.0,0,negativo
24906,"Produto de péssima qualidade. Já chegou com a tampa desaparusada devido a péssima qualidade da madeira. Vieram 4 pés para serem aparafusados sem nenhuma indicação ou manual. Muito ruim",0.0,0,negativo
14963,Entregue antes do prazo e produto de acordo com as informações que constam no site.,1.0,1,positivo
50636,Muito bom,1.0,1,positivo
92177,"ainda nao testei mais irei fazer o teste do produto,tenho boas recomendacoes sobre o tal.",1.0,1,positivo
89499,o produto é muito bom material ótimo e entrega no prazo correto ! satisfeita,1.0,1,positivo
77199,"produto foi para assistência dentro da garantia e voltou não funcionando e agora nem as Lojas lannister nem o fabricante me dão retorno, satisfação. A justiça e as redes sociais serão NECESSÁRIOS?",0.0,0,negativo
46659,Ótimo,1.0,1,positivo
25317,Recomendo chegou melhor que lannister.,1.0,1,positivo
75894,O produto não foi entregue até o momento,0.0,0,negativo
76399,Ok,1.0,1,positivo
25736,"O material chegou usado, somente com o pistão, assento, encosto e os pés. Faltarram os parafusos, o suporte que sustenta o encosto e o manual de instalação, Devido aos fatos, quero trocar a cadeira.",0.0,0,negativo
93643,Produto chegou antes do prazo estipulado.,1.0,1,positivo
73134,Era o que eu queria.,1.0,0,negativo
38800,"No geral eu gostei, porem o produto não veio exatamente na cor que aparece no site e ele veio enrolado em plástico bolha sem caixa própria do Relório",1.0,0,negativo
66636,"Um relógio : bonito, prático, é muito fácil no manuseio. Obrigada",1.0,1,positivo
8097,"Recebi o produto em ótimas condições de embalagem, dentro do prazo combinado e especificações exatas ao oferecido pela  Firma.",1.0,1,positivo
31399,"Ainda dentro do prazo q me foi dado. No aguardo",0.0,0,negativo
73932,Entrega rápida e produto muito bom,1.0,1,positivo
83143,Boa compra . ............................................................................................,1.0,0,negativo
3795,"no site o produto ta de uma forma e quando me enviaram enviaram na cor errada, sendo que nao tinha opções de cores, e no anuncio o produto era branco",0.0,0,negativo
2974,Ótimo produto e chegou bem rápido.,1.0,1,positivo
87988,"A entrega foi super rápida, o produto foi entregue antes do prazo ... porém não veio bem embalado, dava para retirar o produto da Cx sem precisar abri-la!",1.0,0,negativo
90301,recebemos apenas 1pç,0.0,0,negativo
10917,Ok,1.0,1,positivo
76726,Produto recebido bem antes da data.,1.0,1,positivo
81195,"O produto chegou muito antes do que eu esperava, três dias exatamente, da data da compra ate a chegada do produto.",1.0,1,positivo
29010,Muito bom,1.0,1,positivo
84089,Comprei o Tonner desta loja baseado no anuncio e na foto do produto fabricante Chinamate o que recebi era de outra marca. Se eu estivesse afim de comprar da marca que recebi tinha compr de outro vende,0.0,0,negativo
93077,estou pagando pelo produto e ate exato momento ele não chegou a minha residencia.,0.0,0,negativo
10991,"Tudo entregue até antes do prazo, eu recomendo.",1.0,1,positivo
76699,"Produto chegou dentro do prazo. Produto bom, bem embalado. Porém, o prazo de entrega do produto era até dia 07/02, ou seja, do dia 10/01, até 07/02, mas chegou dia 30/01. Um transportadora agilizar",1.0,0,negativo
17932,"O produto é bom. O detalhe vazado nas bordas é frágil, mas tendo cuidado, dá pra usar.",1.0,1,positivo
16539,"Entrega foi programada para 12/04/18. Em 19/04/18 ainda não foi entregue. Tentei estabelecer contato direto com a transportadora targaryen, mas não tive retorno até o momento. Reavalio quando receber.",0.0,0,negativo
83457,"Solicitei o cancelamento da compra após comprar, a nota fainda não tinha sido emitida e me retornaram no dia seguinte dizendo que não seria possível cancelar pois o produto já tinha sido despachado",0.0,0,negativo
20932,O produto foi entregue correto e até uns dias antes do prazo.,1.0,1,positivo
39601,o produto só foi entregue bem fora do prazo.,0.0,0,negativo
16520,"Super recomendo, amei...",1.0,1,positivo
45540,Putz! já faz um mês que comprei o cartucho. Cade ele? Nunca aconteceu isso. Estou decepcionado dessa vez. stark sempre me atendeu bem e teve entrega rápida.,0.0,0,negativo
1561,Infelizmente compensa pagar um pouco mais e comprar em loja física na sua cidade todas as lojas inclusive stark estão com péssimo prazo de entrega dos produtos!,0.0,0,negativo
21414,infelizmente essa compra não foi bem sucedida,0.0,0,negativo
10578,Estou satisfeito com produto adquirido e o tempo de entrega mesmo com a paralisação dos caminhoneiros.,1.0,1,positivo
53649,muito bom,1.0,1,positivo
62774,Comprei um produto na promoção e me mandaram outro produto mais barato e com sabor diferente do pedido.,0.0,1,positivo
90714,Obrigado pela atenção,1.0,1,positivo
92829,"O produto chegou adequadamente, bem embalado e parece de boa qualidade. Expectativa de começar a usar e comprovar qualidade.",1.0,1,positivo
98450,Bom vendedor.,1.0,1,positivo
66289,Recebi antes dá data combinada.,1.0,0,negativo
52352,Não recebi ainda,0.0,0,negativo
83759,Muita demora do pedido.,0.0,0,negativo
95669,"Recomendo, inclusive entregue antes do prazo previsto.",1.0,1,positivo
76038,"MEU PRODUTO VEIO ERRADO.  PAGUEI CASAL KING R$ 99,00 - NÂO CASAL PADRAO. QUERO TROCA URGENTE.",1.0,0,negativo
62976,"Estou decepcionada até agora não foi entregue, sendo que já estão me cobrando e tudo na fatura ...... Lamentável .... NUNCA MAIS COMPRO NADA E SE NÃO CHEGAR VOU PROCURAR MEUS DIREITOS!",0.0,0,negativo
2580,Achei ótimo só achei o tecido misto fino mas no geral é bom custo benefício !,1.0,1,positivo
77623,"Os panos sao uma graça,enxuga super bem casa estampa não linda q a outra chegou antes do prazo . Muito feliz vou comprar mais.",1.0,1,positivo
47947,Produto não entregue,0.0,0,negativo
38826,Produto de boa qualidade e entregue bem antes do término do prazo pré-estabelecido.,1.0,1,positivo
29304,ok,1.0,1,positivo
22152,"Chegou muito antes do prazo. Ótimo produto. Recomendo.",1.0,1,positivo
19415,produto bom e entrega antes do prazo.,1.0,1,positivo
20421,"Chegou super rápido, como sempre chega!",1.0,1,positivo
83836,ótimo,1.0,1,positivo
53230,Tudo certo,1.0,1,positivo
95080,É lindo! Super fofinho,1.0,1,positivo
50281,Produto chegou dentro do prazo e veio corretamente o que eu pedi.,1.0,1,positivo
18593,Sempre comprei nas lannister é essa foi a primeira vez q comprei e não recebi a mercadoria,0.0,0,negativo
76271,Estou satisfeito com a compra.,1.0,1,positivo
42592,Muito bom recomendo .... a entrega foi antes do previsto aprovado,1.0,1,positivo
70261,Tudo certo e rápido,1.0,1,positivo
97370,Sempre bem atendido e os produtos sempre chegar am no prazo,1.0,1,positivo
62685,Amei a bolsa. Recebi no prazo combinado,1.0,1,positivo
41859,EXCELENTE.,1.0,1,positivo
96995,muito bom,1.0,1,positivo
60817,Ótimo,1.0,1,positivo
93340,"Paguei dois frascos, na nota constam dois e dentro da caixa veio apenas um. Trata_sr de medicamentos e não posso ficar sem.",0.0,0,negativo
22082,"Recebi antes do prazo, a cortina é linda, exatamente igual a descrição, mesmo tamanho das especificações, ótimo custo beneficio, super recomendo",1.0,1,positivo
67085,Produtos muito bem embalados e entregues dentro do prazo.,1.0,1,positivo
96383,"o produto é de boa qualidade, gostei!",1.0,1,positivo
3887,Ótimos produtos preço bom,1.0,1,positivo
2435,"adorei o produto, muito bom",1.0,1,positivo
38510,"Recebi antes do prazo de entrega,",1.0,1,positivo
20065,"Eu fiz o pedido de 2 bisnaga, é só chegou uma unidade. Gostaria de receber meu pedido por completo as duas unidade que solicitei e paguei.",0.0,0,negativo
77318,"Produto Chinês de baixíssima qualidade, vazamento de água nas conexões, não há expansão nenhuma da mangueira, etc",0.0,0,negativo
71568,"Produto bom, entrega rápida",1.0,1,positivo
71571,Produto entregue antes do prazo excelentes.,1.0,1,positivo
81943,muito bom produto entrega rapido,1.0,1,positivo
78611,"Produto muito bom, só o frete que achei muito caro.",1.0,0,negativo
10812,"Adquiri 2 mochilas pelo site lannister de e parceiros diferentes. A targaryen de MG entregou bem antes do prazo previsto, sendo que a outra da Pacific que vem de SC ainda ñ foi entregue. Parabéns a targaryen",1.0,1,positivo
22763,Exelente,1.0,1,positivo
87560,Chegou em perfeito estado! Muito linda!!,1.0,1,positivo
76222,Produto entregue dentro do prazo e conforme anunciado. Muito bom.,1.0,1,positivo
84459,A entrega foi feita antes do prazo!!!,1.0,1,positivo
38534,Chegou antes do prazo,1.0,1,positivo
80069,"Chegou no prazo e parece ser bem bonito! Ainda nao instalei, mas pelo quero corresponde ao anunciado!",1.0,1,positivo
57750,Gostei do produto é do valor em comparação as outras lojas,1.0,1,positivo
88258,Me surpreendi com a rapidez. Estou bastante satisfeito. Parabéns,1.0,1,positivo
49095,???,0.0,0,negativo
93684,entrega feita dentro do prazo,1.0,1,positivo
71200,"O produto chegou bem antes da data estimada ,,super amei ....",1.0,1,positivo
60374,"A BÍBLIA é linda, muito satisfeita! O produto chegou antes do prazo",1.0,1,positivo
83451,Ótimo,1.0,1,positivo
73403,Gostei recomendo,1.0,1,positivo
62269,"O prazo para entrega do produto não foi cumprida, e não estou tendo nenhum suporte da Loja. Não recomendo!",0.0,0,negativo
27742,Todas as expectativas foram atendidas.,1.0,1,positivo
41928,Gostei.,1.0,1,positivo
64729,"Realizei uma compra na loja toca dos peixes, porém me enviaram o produto diferente. Muito insatisfeita as lojas parceiras da lannister. Espero o mais breve o código para devolução do produto.",0.0,0,negativo
88806,Empresa confiável e responsável.,1.0,1,positivo
32200,fui atendido satisfatorio,1.0,1,positivo
59914,Sempre bem atendido.,1.0,1,positivo
9985,Ainda não recebi,0.0,0,negativo
44973,Péssimos...,0.0,0,negativo
45141,"Produto bonito, dentro da minha expectativa.",1.0,1,positivo
8868,Obrigada pela presteza da loja em atender ao meu pedido. O produto foi recebido e já está sendo usado.,1.0,1,positivo
74384,Produto bom bonito barato recomendo e atenciosos c os email 👏👏👏👏👏,1.0,1,positivo
77635,O produto não chegou,0.0,0,negativo
78903,Como sempre mas que pontual,1.0,0,negativo
23203,Excelente produto recomendo comprar,1.0,1,positivo
63830,Produto errado,0.0,0,negativo
90981,"Entrega muito rápida, muito antes do prazo. Excelente.",1.0,1,positivo
92857,"Produto chegou antes do prazo, bem embalado e não tive nenhum problema com a entrega......nota 10....recomendo sim a loja....",1.0,1,positivo
79086,Bom,1.0,1,positivo
96540,"Muito bom pedido entregue na data certa e o produto satisfatório. Obrigada!",1.0,1,positivo
2192,To esperando até agora nunca recebi nenhum relógio eu comprei não recomendado essa loja,0.0,0,negativo
13445,A lojas lannister possui o produto na loja e não quer me enviar e o parceiro targaryen somente depois de dois meses após a compra quando procurado disse não ter o produto disponível. Eu quero meu produto,0.0,0,negativo
84994,Muito bom!!!,1.0,1,positivo
13521,"Não Gostei da qualidade do produto, muito fino as peças das toalhas, pessima qualidade.",0.0,0,negativo
71915,Pedido entregue dentro do prazo.,1.0,1,positivo
29341,"Super recomendo, entrega rápida como sempre.",1.0,1,positivo
9399,"Comprei um Troninho Musical, p/ a minha surpresa veio quebrado. Estou aguardando o retorno da loja para efetuar a troca. Infelizmente, existe muita dificuldade para entrar em contato com as lojas.",0.0,0,negativo
558,nota 10,1.0,1,positivo
31248,"Comprei um relógio e não entregou , era previsto pro dia 06/06 , e voltou pra São Paulo",0.0,0,negativo
21240,Fiquei extremamente satisfeita com minha compra!,1.0,1,positivo
50523,"Não possamos mais ficar sem o perspirex, eu recomendo a todos que tem problema de transpiração em excesso",1.0,1,positivo
74393,Comprarei outras vezes,1.0,0,negativo
2377,"sempre compro pela baratheon e recomendo, ótimos produtos e entrega rapida",1.0,1,positivo
42833,Produto chegou muito além do prazo.,1.0,0,negativo
63038,"Vende produto indisponível, não resolve o problema do cliente, não responde os e-mails.",0.0,0,negativo
19289,RECEBI ANTES DO PRAZO...SATIFEITO!,1.0,1,positivo
23715,"meu produto não chegou ,prazo de entrega de 34 dias e mesmo assim nao foi entregue ,não recomendo",0.0,0,negativo
60634,baratheon meu produto não chegou veja aí que eu vou adicionar o Copom.,0.0,0,negativo
72483,"O prazo de entrega é um pouco longo, tirando isso tudo perfeito.",1.0,0,negativo
35202,Apesar de receber o produto no prazo recebi email apontando problema na entrega do produto.,1.0,0,negativo
87158,"Recebi com 1 dia de atraso , mas chegou e funcionando perfeitamente !",1.0,1,positivo
61855,Chegou antes do prazo e tudo certo conforme o anúncio.,1.0,1,positivo
15825,Otimo,1.0,1,positivo
57599,"Apesar de ser um prazo muito extenso q a loja fornece, mas o produto é um dos mais em contas comparado a outras lojas por ae, aprovado em todos os testes realizados nesse modelo de cartão!",1.0,1,positivo
3227,TUDO OK,1.0,1,positivo
28607,"Produto bonito e eficiente, loja cumpre o que promete, entrega antes do prazo, topppppp",1.0,1,positivo
54992,produto otimo,1.0,1,positivo
7245,Produto com excelente qualidade.,1.0,1,positivo
60880,Quase um mês no aguardo do produto!,0.0,0,negativo
74917,Eu adorei o produto e eles entrega antes da data prevista,1.0,1,positivo
81401,Comprei duas toalhas e recebi apenas uma.,0.0,0,negativo
93035,"Seria muito bom, mas como eu recebi o produto com defeito. Não gostei muito, mas fui bem atendida desde o início.",0.0,0,negativo
21031,Foi tudo correto,1.0,1,positivo
41183,"Compra segura, bom preço e entrega antes do prazo. Muito bom",1.0,1,positivo
16810,Não chegou o produto,0.0,0,negativo
58060,Os produtos chegaram muito antes do prazo. È uma excelente loja.,1.0,1,positivo
34220,Produto chegou antes do prazo.,1.0,1,positivo
80814,"A entrega aconteceu dois dias após a compra, o detalhe que a empresa era da mesma cidade que a minha, desta forma achei exagerado a cobrança do valor do frete, pois a parceira fica 2km da minha casa.",1.0,0,negativo
64632,Produto chegou bem antes do prazo tudo certinho vou instalar e testar pra falar sobre o produto,1.0,1,positivo
51820,"produto veio correto,talvez avaliarem melhor o frete, pois, foi mais caro que pra trazer o próprio telefone",1.0,0,negativo
83546,Eu gostei muito eu recomendo,1.0,1,positivo
50950,Ótimo,1.0,1,positivo
72580,"A película veio com várias marcas circulares, provavelmente provenientes da fabricação. Não recomendo a película.",0.0,0,negativo
62299,"Recebi produto antes do prazo previsto, excelente atendimento.",1.0,1,positivo
45808,Não recebi os produtos corretamente faltou uma boneca pois comprei duas,0.0,0,negativo
8383,excelente produto e empresa,1.0,1,positivo
41653,"Achei, bom gostei recomendo!",1.0,1,positivo
31013,"comprei um conjunto de skate infantil masculino como na descrição. O skate veio de uma cor, o capacete totalmente diferente sem contar que é de isopor. E o kit de proteção veio rosa.",0.0,0,negativo
42111,Meu pedido veio faltando 1 controle forao pedidos 2,0.0,0,negativo
26236,Excelente,1.0,1,positivo
76612,BOM,1.0,1,positivo
48084,"O produto veio errado, isso acontece",1.0,0,negativo
14103,Exelente produto,1.0,1,positivo
78248,Confiável e super indico,1.0,1,positivo
94771,Produto entregue dentro do prazo,1.0,1,positivo
35648,O produto é péssimo.,0.0,0,negativo
65253,"Foi horrível a minha experiência. Comprei e me entregaram faltando um produto, o único que foi, estava violando, derramando o líquido.",0.0,0,negativo
1178,me foi enviado o produto errado!,0.0,0,negativo
253,otimo,1.0,1,positivo
93250,"Eu comprei 2 cadeiras, sendo que em uma delas veio faltando peças e a outra quebrou o suporte das rodinhas (por ser de plástico) e eu quase caí no chão. Não gostei da qualidade do produto.",0.0,0,negativo
46935,Entrega realizada antes do prazo e o produto de ótima qualidade.,1.0,1,positivo
8569,"Uma entrega bem menos do que foi estipulado.Muito satisfeito,tanto com relação ao produto,quanto a entrega",1.0,0,negativo
532,"Até agora nao recebi.Comprei este aparelho por questao de saude,portanto nao recomendo esta loja.",0.0,0,negativo
22876,Parabéns ! Produto entregue antes do prazo.,1.0,1,positivo
4134,estou satisfeito com o serviço prestado,1.0,1,positivo
73400,tudo okay,1.0,1,positivo
47964,Comprei e não recebi o produto.,0.0,0,negativo
64452,mercadoria não entregue. Mercadoria em atraso. xxxxxxxxxxxxx,0.0,0,negativo
90342,escelente,1.0,1,positivo
73716,Recebi o produto certo.,1.0,1,positivo
8908,"Muito ruim a qualidade, as bordas do desenho veio com aspecto de queimado, não consigo tirar a pelicula da frente do espelho pra ver se afetou o mesmo... sem adesivo pra fixar.",0.0,0,negativo
74042,"Ah q ódio não recebi nada que confirmação vcs querem q eu não recebi Nada?! Parece q não entenderam, o produto esta lá na agência dos correios, mas veio errado e faltando, então não retirei Nada!",0.0,0,negativo
76806,Bom,1.0,1,positivo
95488,"ainda não utilizei o produto, mas em chegou em tempo, em condições aequadas de embalagem.",1.0,0,negativo
79038,"Sucesso na entrega! =D",1.0,0,negativo
54650,"Apenas o primeiro quadro foi entregue. O segundo deles, no valor de 119,90 não constava na embalagem. Como proceder??",0.0,0,negativo
23276,"Embalagem aberta. Demora de mais de 1 mês pra receber a mercadoria. Não comprem nessa loja.lannister FAVOR POSTAR O COMENTÁRIO NEGATIVO, POIS QUANDO EU RECOMENDO A LOJA VOCÊS POSTAM, DO CONTRÁRIO NÃO",0.0,0,negativo
44039,Veio no prazo combinado super bem embalado.,1.0,1,positivo
35760,"Considero que a loja foi muito boa, produto entregue até antes do prazo, chegou bem embalado, não tive problema com pagamento. Quanto ao produto, tem bom tamanho, mas achei o rebote fraco.",1.0,1,positivo
46219,"Muito Bom, adorei e quem recebeu o presente também adorou!",1.0,1,positivo
43841,Entrega atrasada,0.0,0,negativo
47473,"Compra efetuada no dia 24/11/17, com prazo de entrega até o dia 13/12/17(um prazo já bastante longo). E hoje 16/12/17 o produto ainda se encontra aguardando nota fiscal, sem previsão de recebê-lo.",0.0,0,negativo
61361,"produto conforme anuncio, aguardar quanto aos resultados",1.0,0,negativo
29167,"comprei dois arranhadores. Foi entregue um, porém, o outro foi entregue uns três dias depois quando me preparava para reclamar.",1.0,0,negativo
98799,"Nota dez para todos ,loja ,entrega super rapida relogio lindo gostei demais !!!!!1",1.0,1,positivo
89100,"Gosto muito desse site, pela primeira vez o produto veio errado, creio que jã estão providenciando a troca.",1.0,1,positivo
23253,Atende as minhas exigências,1.0,1,positivo
99230,"Ótimo produto, veio perfeitamente embalado, atende todas necessidades que precisávamos. Loja muito atenciosa.",1.0,1,positivo
8452,"Comprei duas redes que na descrição dizia que eram de 4,40 metros, apenas uma é desse tamanho e a outro é bem menor e mais fina. a rede maior veio com falhas na costura. mas são boas redes.",1.0,0,negativo
17437,Tudo certo bom produto recomendo,1.0,1,positivo
86214,Bom,1.0,1,positivo
80367,Quando vou receber? O prazo acho que e ate dia 14/04,0.0,0,negativo
25877,Espetacular o tempo de entrega! Parabéns,1.0,1,positivo
50824,Tudo ok,1.0,1,positivo
38335,"Não recebi meu produto e só atualizaram o rastreio depois do prazo de entrega acabar. Correio mentiu dizendo que me neguei à receber. Quero meu dinheiro de volta, inclusive o frete.",0.0,0,negativo
27069,Loja sempre agiu com correção.,1.0,1,positivo
366,"Última vez que compro pois hoje vai fazer 1 mês que fiz a comprar e nada, e se demorar mas tempo de entregar estarei procurando meus direitos contra as lojas lannister e a targaryen.",0.0,0,negativo
61856,meu produto ainda não chegou e estou chateado pela demora!,0.0,0,negativo
7072,"Os produtos chegaram em conformidade e com mais de 10 dias de antecedência do prazo máximo que foi dado. O único ponto negativo foi o preço do frete, achei absurdamente alto!",1.0,1,positivo
23811,"Comprei um BALANÇO INFANTIL, e me entregaram 06 xícaras de café azul marinho, com pires, sem valor comercial algum. Como não sabia do erro a embalagem foi aberta.",0.0,0,negativo
14387,Boa noite estou com dificuldade de arrumar o RELÓGIO da pulseira e nem conectar o bluetooth,1.0,0,negativo
65763,Tudo dentro dos conformes.,1.0,1,positivo
24723,a loja postou certo o produto. mas o correio nao entregou ainda,1.0,0,negativo
77497,Muito lindo.Chegou no prazo,1.0,1,positivo
15047,"Ainda não recebi o produto,pois comprei 3 e apenas 1 foi entregue e ninguém entrou em contato p dar uma explicação, nem mesmo a loja Américanas,quero meus produtos",0.0,0,negativo
74421,"Recomendaria, fácil e prático para o dia a dia",1.0,1,positivo
13034,fiquei satisfeita com a facilidade da compra,1.0,1,positivo
88368,"Sempre compro nas Lojas lannister e nunca tive problemas com seus parceiros. E até o momento, sempre recomendarei porque as entregas são rápidas e eficientes.",1.0,1,positivo
29372,Faltou a grama,0.0,0,negativo
7721,Achei o produto muito pequeno e onde fica a tela  com os botões do microondas sai com facilidade. Não tem um bom encaixe...,0.0,0,negativo
90522,produto perfeito! Atendeu as minhas expectativas!!!!,1.0,1,positivo
12051,"Prezados minha encomenda era do produto waterpik 110 v e foi entregue o produto em 220 v. Como procedo a troca ?  Atenciosamente Flavio",0.0,0,negativo
8776,"Consta no site como produto entregue no dia 18/01/2018, mas na verdade o produto ainda não chegou.",0.0,0,negativo
63124,Entrega super rápida produto ótimo amei e recomendo,1.0,1,positivo
69762,Este Bule apresenta um material simples Mas dá para usar e fazer um café gostoso...,1.0,1,positivo
56562,Bom como sempre!! Grato!,1.0,1,positivo
55297,ja tem mais de um mes que efetuei a compra e ainda nao recebi o quadro ;.,0.0,0,negativo
41685,Como eu já tinha comprado o tatames eu comprei outra vez Pq e muito bom,1.0,1,positivo
55866,Amei a pulseira 😍,1.0,1,positivo
76161,Ótima qualidade amei,1.0,1,positivo
80727,Produto muito bom. Só o frete que é muito caro.,1.0,0,negativo
28482,Entrega rápida. Meu pedido veio certinho. Recomendo a loja.,1.0,1,positivo
98261,Adorei o kit. Idêntico a foto! Muito lindo!,1.0,1,positivo
44150,"Como sempre, lannister mais que pontual !!! Super recomendo",1.0,1,positivo
62186,Acho vcs bem corretos com a entrega,1.0,1,positivo
81478,Ate agora comprei o transformador de voltagem 9000 btu nao recebi liguei pra americana a atendente me falou q ia liga pra transportadora e mr retorno em dois dias ja se passaram o prazo .,0.0,0,negativo
30819,Recomendo a compra. Mais um pra coleção.,1.0,1,positivo
466,Gostei do produto chegou no tempo certo os vendedores estão de parabéns,1.0,1,positivo
26381,Recebi o produto bem antes do prazo final.,1.0,1,positivo
25800,ENTREGA EFETUADA BEM ANTES DO PRAZO INFORMADO. PARABÉNS PELO ATENDIMENTO E OBRIGADA!,1.0,1,positivo
9311,Nota 10,1.0,1,positivo
72009,"Holá! Não recebi o produto é nem um telefonema referente ao que comprei.",0.0,0,negativo
45480,Muito bom,1.0,1,positivo
83999,O produto entregue não durou uma semana e apresentou defeito......,0.0,0,negativo
68719,Esxelente,1.0,1,positivo
11162,O problema são os correios que não cumpre o prometido na entrega.,1.0,0,negativo
31491,"produto bonito, chegou no prazo, recomendo",1.0,1,positivo
17937,Jabpassou do prazo da entrega do produto é até hoje n recebi,0.0,0,negativo
21903,gostei de tudo,1.0,1,positivo
26718,sem comentarios,1.0,0,negativo
50018,"Sem problemas,tudo certo",1.0,1,positivo
24,obrigado pela atençao amim dispensada,1.0,0,negativo
10227,Parabéns. Chegou bem antes da data prometida. Excelente parceiro. Eu recomendo,1.0,1,positivo
52415,Chegou correto. Vou instalar para testar agora!,1.0,1,positivo
86309,A entrega foi super rápida antes do prazo prometido.,1.0,1,positivo
86688,"Produto ótimo,entrega no prazo...adoreiiii",1.0,1,positivo
85792,"Infelizmente não sabia a diferença e comprei para dar de presente, mas por se tratar de kit para mini berço minha amiga nao pode usar.",1.0,0,negativo
15438,"Vendedor muito bom, chegou bem antes do prazo, produto de boa qualidade e super bem embalado, adorei!",1.0,1,positivo
56297,Infelizmente já se passou o prazo de entrega da compra e nada .. espero receber meu produto em breve para evitar mais problemas,0.0,0,negativo
28551,quando liguei pra loja pra saber o porque meu produto ainda não tinha chegado o atendente foi muito grosso,0.0,0,negativo
9465,"Amei,sem burocracia para comprar,chegou rápido,produto correto,quando precisar de alguma mercadoria vou comprar na baratheon. Obrigada!",1.0,1,positivo
94607,Muito boa e muito top,1.0,1,positivo
5160,"não consigo rastrear meu produto.  muita demora pra entregar",0.0,0,negativo
