,precision,recall,f1-score,support
negativo,0.8991373589913736,0.9124579124579124,0.9057486631016043,2970.0
positivo,0.9627827082736903,0.9567567567567568,0.9597602739726028,7030.0
accuracy,0.9436,0.9436,0.9436,0.9436
macro avg,0.9309600336325319,0.9346073346073346,0.9327544685371035,10000.0
weighted avg,0.9438800395368422,0.9436,0.9437188255439163,10000.0
