,precision,recall,f1-score,support
negativo,0.8908912188728703,0.9154882154882155,0.9030222517436067,2970.0
positivo,0.963874496257916,0.9526315789473684,0.9582200600944341,7030.0
accuracy,0.9416,0.9416,0.9416,0.9416
macro avg,0.9273828575653931,0.9340598972177919,0.9306211559190204,10000.0
weighted avg,0.9421984628745573,0.9416,0.9418263110142383,10000.0
