,precision,recall,f1-score,support
negativo,0.7203980099502487,0.6182749786507259,0.6654411764705882,1171.0
positivo,0.9503057254030016,0.9681730660323933,0.9591561938958707,8829.0
accuracy,0.9272,0.9272,0.9272,0.9272
macro avg,0.8353518676766252,0.7932240223415596,0.8122986851832295,10000.0
weighted avg,0.9233835319234842,0.9272,0.9247621653553703,10000.0
