,precision,recall,f1-score,support
negativo,0.8208890807078119,0.8457092040907069,0.8331143232588699,2249.0
positivo,0.954835350774437,0.9464585214810992,0.9506284825709472,7751.0
accuracy,0.9238,0.9238,0.9238,0.9238
macro avg,0.8878622157411244,0.8960838627859031,0.8918714029149086,10000.0
weighted avg,0.924710834636453,0.9238,0.924199548141661,10000.0
