,precision,recall,f1-score,support
negativo,0.0,0.0,0.0,1171.0
positivo,0.8829,1.0,0.9378086993467524,8829.0
accuracy,0.8829,0.8829,0.8829,0.8829
macro avg,0.44145,0.5,0.4689043496733762,10000.0
weighted avg,0.77951241,0.8829,0.8279913006532477,10000.0
