,precision,recall,f1-score,support
negativo,0.8358812949640287,0.8265895953757225,0.8312094790968031,2249.0
positivo,0.9498456790123457,0.9529093020255451,0.9513750241514781,7751.0
accuracy,0.9245,0.9245,0.9245,0.9245
macro avg,0.8928634869881873,0.8897494487006339,0.8912922516241406,10000.0
weighted avg,0.9242150890398793,0.9245,0.9243497930686817,10000.0
